time,spot_close,fut_close,gap_close_to_close
2026-09-08 17:02:00+00:00,4392.63,4437.63,45.0
2026-09-08 17:03:00+00:00,4391.93,4436.98,45.04999999999927
2026-09-08 17:04:00+00:00,4394.81,4439.93,45.11999999999989
2026-09-08 17:05:00+00:00,4394.62,4439.73,45.10999999999967
2026-09-08 17:06:00+00:00,4393.48,4438.73,45.25
2026-09-08 17:07:00+00:00,4391.94,4436.98,45.039999999999964
2026-09-08 17:08:00+00:00,4389.94,4435.08,45.14000000000033
2026-09-08 17:09:00+00:00,4381.33,4426.33,45.0
2026-09-08 17:10:00+00:00,4383.5,4428.08,44.57999999999993
2026-09-08 17:11:00+00:00,4382.76,4427.73,44.969999999999345
2026-09-08 17:12:00+00:00,4381.33,4426.08,44.75
2026-09-08 17:13:00+00:00,4385.69,4430.33,44.64000000000033
2026-09-08 17:14:00+00:00,4386.68,4431.43,44.75
2026-09-08 17:15:00+00:00,4386.28,4431.18,44.900000000000546
2026-09-08 17:16:00+00:00,4386.62,4431.53,44.909999999999854
2026-09-08 17:17:00+00:00,4385.78,4430.58,44.80000000000018
2026-09-08 17:18:00+00:00,4385.13,4429.93,44.80000000000018
2026-09-08 17:19:00+00:00,4385.44,4430.23,44.789999999999964
2026-09-08 17:20:00+00:00,4388.49,4433.48,44.98999999999978
2026-09-08 17:21:00+00:00,4390.02,4434.83,44.80999999999949
2026-09-08 17:22:00+00:00,4392.11,4436.98,44.86999999999989
2026-09-08 17:23:00+00:00,4391.58,4436.53,44.94999999999982
2026-09-08 17:24:00+00:00,4392.85,4437.73,44.8799999999992
2026-09-08 17:25:00+00:00,4393.48,4438.23,44.75
2026-09-08 17:26:00+00:00,4392.69,4437.48,44.789999999999964
2026-09-08 17:27:00+00:00,4391.89,4436.68,44.789999999999964
2026-09-08 17:28:00+00:00,4393.62,4438.33,44.710000000000036
2026-09-08 17:29:00+00:00,4394.17,4438.73,44.55999999999949
2026-09-08 17:30:00+00:00,4395.39,4440.18,44.789999999999964
2026-09-08 17:31:00+00:00,4395.08,4439.83,44.75
2026-09-08 17:32:00+00:00,4394.94,4439.73,44.789999999999964
2026-09-08 17:33:00+00:00,4394.65,4439.43,44.780000000000655
2026-09-08 17:34:00+00:00,4394.62,4439.33,44.710000000000036
2026-09-08 17:35:00+00:00,4395.36,4439.93,44.57000000000062
2026-09-08 17:36:00+00:00,4395.36,4440.03,44.67000000000007
2026-09-08 17:37:00+00:00,4394.36,4439.08,44.720000000000255
2026-09-08 17:38:00+00:00,4394.92,4439.63,44.710000000000036
2026-09-08 17:39:00+00:00,4394.5,4439.23,44.72999999999956
2026-09-08 17:40:00+00:00,4394.17,4438.78,44.60999999999967
2026-09-08 17:41:00+00:00,4395.32,4439.93,44.61000000000058
2026-09-08 17:42:00+00:00,4395.14,4439.93,44.789999999999964
2026-09-08 17:43:00+00:00,4394.36,4438.93,44.57000000000062
2026-09-08 17:44:00+00:00,4394.2,4438.73,44.529999999999745
2026-09-08 17:45:00+00:00,4392.94,4437.58,44.64000000000033
2026-09-08 17:46:00+00:00,4393.13,4437.78,44.649999999999636
2026-09-08 17:47:00+00:00,4392.63,4437.33,44.69999999999982
2026-09-08 17:48:00+00:00,4392.85,4437.43,44.57999999999993
2026-09-08 17:49:00+00:00,4393.77,4438.48,44.70999999999913
2026-09-08 17:50:00+00:00,4396.32,4440.83,44.51000000000022
2026-09-08 17:51:00+00:00,4392.95,4437.48,44.529999999999745
2026-09-08 17:52:00+00:00,4393.78,4438.33,44.55000000000018
2026-09-08 17:53:00+00:00,4394.71,4439.18,44.470000000000255
2026-09-08 17:54:00+00:00,4394.01,4438.58,44.56999999999971
2026-09-08 17:55:00+00:00,4395.26,4439.78,44.51999999999953
2026-09-08 17:56:00+00:00,4392.69,4437.38,44.69000000000051
2026-09-08 17:57:00+00:00,4395.02,4439.53,44.50999999999931
2026-09-08 17:58:00+00:00,4394.42,4438.93,44.51000000000022
2026-09-08 17:59:00+00:00,4393.74,4438.28,44.539999999999964
2026-09-08 18:00:00+00:00,4395.8,4440.43,44.63000000000011
2026-09-08 18:01:00+00:00,4396.85,4441.48,44.6299999999992
2026-09-08 18:02:00+00:00,4398.63,4443.13,44.5
2026-09-08 18:03:00+00:00,4399.9,4444.53,44.63000000000011
2026-09-08 18:04:00+00:00,4401.41,4446.08,44.67000000000007
2026-09-08 18:05:00+00:00,4401.06,4445.78,44.719999999999345
2026-09-08 18:06:00+00:00,4400.58,4445.53,44.94999999999982
2026-09-08 18:07:00+00:00,4398.88,4443.78,44.899999999999636
2026-09-08 18:08:00+00:00,4398.45,4443.28,44.82999999999993
2026-09-08 18:09:00+00:00,4397.71,4442.63,44.92000000000007
2026-09-08 18:10:00+00:00,4398.1,4442.93,44.82999999999993
2026-09-08 18:11:00+00:00,4396.95,4441.63,44.68000000000029
2026-09-08 18:12:00+00:00,4395.59,4440.38,44.789999999999964
2026-09-08 18:13:00+00:00,4395.28,4439.98,44.69999999999982
2026-09-08 18:14:00+00:00,4395.59,4440.33,44.73999999999978
2026-09-08 18:15:00+00:00,4396.37,4441.18,44.8100000000004
2026-09-08 18:16:00+00:00,4396.51,4441.33,44.81999999999971
2026-09-08 18:17:00+00:00,4396.11,4440.78,44.67000000000007
2026-09-08 18:18:00+00:00,4396.24,4441.08,44.840000000000146
2026-09-08 18:19:00+00:00,4396.65,4441.38,44.73000000000047
2026-09-08 18:20:00+00:00,4394.55,4439.23,44.67999999999938
2026-09-08 18:21:00+00:00,4394.72,4439.43,44.710000000000036
2026-09-08 18:22:00+00:00,4393.85,4438.48,44.6299999999992
2026-09-08 18:23:00+00:00,4393.16,4437.88,44.720000000000255
2026-09-08 18:24:00+00:00,4394.4,4439.03,44.63000000000011
2026-09-08 18:25:00+00:00,4392.82,4437.58,44.76000000000022
2026-09-08 18:26:00+00:00,4392.7,4437.38,44.68000000000029
2026-09-08 18:27:00+00:00,4392.41,4437.08,44.67000000000007
2026-09-08 18:28:00+00:00,4394.92,4439.58,44.659999999999854
2026-09-08 18:29:00+00:00,4393.95,4438.68,44.73000000000047
2026-09-08 18:30:00+00:00,4394.73,4439.48,44.75
2026-09-08 18:31:00+00:00,4394.35,4439.08,44.72999999999956
2026-09-08 18:32:00+00:00,4394.68,4439.38,44.69999999999982
2026-09-08 18:33:00+00:00,4393.46,4438.03,44.56999999999971
2026-09-08 18:34:00+00:00,4391.36,4436.03,44.67000000000007
2026-09-08 18:35:00+00:00,4391.54,4436.13,44.590000000000146
2026-09-08 18:36:00+00:00,4390.94,4435.33,44.39000000000033
2026-09-08 18:37:00+00:00,4391.86,4436.38,44.52000000000044
2026-09-08 18:38:00+00:00,4391.75,4436.18,44.43000000000029
2026-09-08 18:39:00+00:00,4389.52,4433.73,44.20999999999913
2026-09-08 18:40:00+00:00,4387.64,4431.83,44.1899999999996
2026-09-08 18:41:00+00:00,4386.87,4431.18,44.3100000000004
2026-09-08 18:42:00+00:00,4387.74,4431.83,44.090000000000146
2026-09-08 18:43:00+00:00,4386.89,4431.03,44.13999999999942
2026-09-08 18:44:00+00:00,4385.44,4429.68,44.24000000000069
2026-09-08 18:45:00+00:00,4385.66,4429.98,44.31999999999971
2026-09-08 18:46:00+00:00,4387.12,4431.28,44.159999999999854
2026-09-08 18:47:00+00:00,4387.34,4431.43,44.090000000000146
2026-09-08 18:48:00+00:00,4387.86,4431.98,44.11999999999989
2026-09-08 18:49:00+00:00,4387.29,4431.38,44.090000000000146
2026-09-08 18:50:00+00:00,4388.57,4432.68,44.11000000000058
2026-09-08 18:51:00+00:00,4387.84,4432.03,44.1899999999996
2026-09-08 18:52:00+00:00,4389.27,4433.38,44.10999999999967
2026-09-08 18:53:00+00:00,4389.26,4433.58,44.31999999999971
2026-09-08 18:54:00+00:00,4388.99,4433.33,44.340000000000146
2026-09-08 18:55:00+00:00,4388.53,4432.88,44.350000000000364
2026-09-08 18:56:00+00:00,4388.62,4432.78,44.159999999999854
2026-09-08 18:57:00+00:00,4389.2,4433.58,44.38000000000011
2026-09-08 18:58:00+00:00,4389.57,4433.98,44.409999999999854
2026-09-08 18:59:00+00:00,4390.01,4434.23,44.219999999999345
2026-09-08 19:00:00+00:00,4388.12,4432.38,44.26000000000022
2026-09-08 19:01:00+00:00,4388.87,4432.98,44.10999999999967
2026-09-08 19:02:00+00:00,4387.33,4431.58,44.25
2026-09-08 19:03:00+00:00,4388.64,4432.83,44.1899999999996
2026-09-08 19:04:00+00:00,4387.2,4431.38,44.18000000000029
2026-09-08 19:05:00+00:00,4387.55,4431.73,44.17999999999938
2026-09-08 19:06:00+00:00,4386.16,4430.53,44.36999999999989
2026-09-08 19:07:00+00:00,4386.58,4430.73,44.149999999999636
2026-09-08 19:08:00+00:00,4385.74,4429.93,44.19000000000051
2026-09-08 19:09:00+00:00,4384.9,4429.03,44.13000000000011
2026-09-08 19:10:00+00:00,4386.29,4430.43,44.14000000000033
2026-09-08 19:11:00+00:00,4386.17,4430.33,44.159999999999854
2026-09-08 19:12:00+00:00,4386.46,4430.53,44.06999999999971
2026-09-08 19:13:00+00:00,4386.68,4430.93,44.25
2026-09-08 19:14:00+00:00,4387.65,4431.88,44.23000000000047
2026-09-08 19:15:00+00:00,4386.26,4430.53,44.26999999999953
2026-09-08 19:16:00+00:00,4386.3,4430.78,44.47999999999956
2026-09-08 19:17:00+00:00,4386.25,4430.83,44.57999999999993
2026-09-08 19:18:00+00:00,4385.01,4429.48,44.469999999999345
2026-09-08 19:19:00+00:00,4385.69,4430.08,44.39000000000033
2026-09-08 19:20:00+00:00,4385.68,4430.08,44.399999999999636
2026-09-08 19:21:00+00:00,4384.73,4429.08,44.350000000000364
2026-09-08 19:22:00+00:00,4385.71,4430.03,44.31999999999971
2026-09-08 19:23:00+00:00,4385.41,4429.73,44.31999999999971
2026-09-08 19:24:00+00:00,4385.73,4429.98,44.25
2026-09-08 19:25:00+00:00,4385.43,4429.63,44.19999999999982
2026-09-08 19:26:00+00:00,4384.99,4429.33,44.340000000000146
2026-09-08 19:27:00+00:00,4384.5,4428.63,44.13000000000011
2026-09-08 19:28:00+00:00,4384.92,4429.28,44.35999999999967
2026-09-08 19:29:00+00:00,4385.64,4429.83,44.1899999999996
2026-09-08 19:30:00+00:00,4383.18,4427.53,44.349999999999454
2026-09-08 19:31:00+00:00,4382.29,4426.48,44.1899999999996
2026-09-08 19:32:00+00:00,4383.49,4427.63,44.14000000000033
2026-09-08 19:33:00+00:00,4383.22,4427.38,44.159999999999854
2026-09-08 19:34:00+00:00,4384.27,4428.53,44.25999999999931
2026-09-08 19:35:00+00:00,4383.81,4428.03,44.219999999999345
2026-09-08 19:36:00+00:00,4383.26,4427.53,44.26999999999953
2026-09-08 19:37:00+00:00,4384.54,4428.73,44.1899999999996
2026-09-08 19:38:00+00:00,4384.47,4428.78,44.30999999999949
2026-09-08 19:39:00+00:00,4384.33,4428.58,44.25
2026-09-08 19:40:00+00:00,4384.32,4428.73,44.409999999999854
2026-09-08 19:41:00+00:00,4383.8,4428.08,44.279999999999745
2026-09-08 19:42:00+00:00,4384.34,4428.83,44.48999999999978
2026-09-08 19:43:00+00:00,4383.99,4428.48,44.48999999999978
2026-09-08 19:44:00+00:00,4385.5,4430.08,44.57999999999993
2026-09-08 19:45:00+00:00,4384.43,4428.93,44.5
2026-09-08 19:46:00+00:00,4385.28,4429.83,44.55000000000018
2026-09-08 19:47:00+00:00,4382.54,4427.13,44.590000000000146
2026-09-08 19:48:00+00:00,4371.13,4414.13,43.0
2026-09-08 19:49:00+00:00,4363.61,4407.83,44.220000000000255
2026-09-08 19:50:00+00:00,4366.78,4410.88,44.100000000000364
2026-09-08 19:51:00+00:00,4362.3,4406.58,44.279999999999745
2026-09-08 19:52:00+00:00,4360.41,4404.48,44.06999999999971
2026-09-08 19:53:00+00:00,4372.11,4416.23,44.11999999999989
2026-09-08 19:54:00+00:00,4375.46,4419.68,44.220000000000255
2026-09-08 19:55:00+00:00,4377.34,4421.63,44.289999999999964
2026-09-08 19:56:00+00:00,4375.51,4419.83,44.31999999999971
2026-09-08 19:57:00+00:00,4374.31,4418.58,44.26999999999953
2026-09-08 19:58:00+00:00,4374.99,4419.18,44.19000000000051
2026-09-08 19:59:00+00:00,4375.56,4420.03,44.469999999999345
2026-09-08 20:00:00+00:00,4372.5,4416.98,44.47999999999956
2026-09-08 20:01:00+00:00,4372.37,4416.83,44.460000000000036
2026-09-08 20:02:00+00:00,4375.12,4419.58,44.460000000000036
2026-09-08 20:03:00+00:00,4375.26,4419.68,44.42000000000007
2026-09-08 20:04:00+00:00,4374.7,4419.18,44.48000000000047
2026-09-08 20:05:00+00:00,4372.0,4416.43,44.43000000000029
2026-09-08 20:06:00+00:00,4372.7,4417.18,44.48000000000047
2026-09-08 20:07:00+00:00,4371.53,4416.13,44.600000000000364
2026-09-08 20:08:00+00:00,4371.86,4416.23,44.36999999999989
2026-09-08 20:09:00+00:00,4371.52,4415.98,44.45999999999913
2026-09-08 20:10:00+00:00,4372.75,4417.33,44.57999999999993
2026-09-08 20:11:00+00:00,4374.04,4418.48,44.4399999999996
2026-09-08 20:12:00+00:00,4373.62,4418.08,44.460000000000036
2026-09-08 20:13:00+00:00,4372.08,4416.68,44.600000000000364
2026-09-08 20:14:00+00:00,4370.33,4415.03,44.69999999999982
2026-09-08 20:15:00+00:00,4369.42,4413.98,44.55999999999949
2026-09-08 20:16:00+00:00,4370.77,4415.18,44.409999999999854
2026-09-08 20:17:00+00:00,4368.69,4413.18,44.49000000000069
2026-09-08 20:18:00+00:00,4368.56,4413.08,44.51999999999953
2026-09-08 20:19:00+00:00,4367.9,4412.33,44.43000000000029
2026-09-08 20:20:00+00:00,4368.89,4413.43,44.539999999999964
2026-09-08 20:21:00+00:00,4368.72,4413.33,44.60999999999967
2026-09-08 20:22:00+00:00,4368.36,4412.93,44.57000000000062
2026-09-08 20:23:00+00:00,4369.19,4413.83,44.64000000000033
2026-09-08 20:24:00+00:00,4366.67,4411.28,44.60999999999967
2026-09-08 20:25:00+00:00,4368.19,4412.88,44.69000000000051
2026-09-08 20:26:00+00:00,4367.63,4412.43,44.80000000000018
2026-09-08 20:27:00+00:00,4369.32,4414.13,44.8100000000004
2026-09-08 20:28:00+00:00,4368.61,4413.33,44.720000000000255
2026-09-08 20:29:00+00:00,4368.85,4413.53,44.67999999999938
2026-09-08 20:30:00+00:00,4366.48,4411.13,44.650000000000546
2026-09-08 20:31:00+00:00,4365.47,4410.43,44.960000000000036
2026-09-08 20:32:00+00:00,4364.32,4409.18,44.86000000000058
2026-09-08 20:33:00+00:00,4361.91,4406.63,44.720000000000255
2026-09-08 20:34:00+00:00,4364.33,4409.13,44.80000000000018
2026-09-08 20:35:00+00:00,4366.1,4411.03,44.92999999999938
2026-09-08 20:36:00+00:00,4366.16,4411.08,44.92000000000007
2026-09-08 20:37:00+00:00,4367.34,4412.23,44.88999999999942
2026-09-08 20:38:00+00:00,4369.29,4414.08,44.789999999999964
2026-09-08 20:39:00+00:00,4367.35,4412.13,44.779999999999745
2026-09-08 20:40:00+00:00,4368.13,4412.93,44.80000000000018
2026-09-08 20:41:00+00:00,4367.79,4412.68,44.89000000000033
2026-09-08 20:42:00+00:00,4369.15,4413.93,44.780000000000655
2026-09-08 20:43:00+00:00,4367.93,4412.73,44.79999999999927
2026-09-08 20:44:00+00:00,4368.8,4413.63,44.82999999999993
2026-09-08 20:45:00+00:00,4366.9,4411.68,44.780000000000655
2026-09-08 20:46:00+00:00,4365.38,4410.03,44.649999999999636
2026-09-08 20:47:00+00:00,4366.37,4411.23,44.85999999999967
2026-09-08 20:48:00+00:00,4365.48,4410.43,44.95000000000073
2026-09-08 20:49:00+00:00,4365.88,4410.88,45.0
2026-09-08 20:50:00+00:00,4362.34,4407.38,45.039999999999964
2026-09-08 20:51:00+00:00,4363.3,4408.43,45.13000000000011
2026-09-08 20:52:00+00:00,4362.04,4407.03,44.98999999999978
2026-09-08 20:53:00+00:00,4361.73,4406.53,44.80000000000018
2026-09-08 20:54:00+00:00,4363.82,4408.58,44.76000000000022
2026-09-08 20:55:00+00:00,4361.39,4406.38,44.98999999999978
2026-09-08 20:56:00+00:00,4360.65,4405.58,44.93000000000029
2026-09-08 20:57:00+00:00,4362.54,4407.23,44.6899999999996
2026-09-08 20:58:00+00:00,4358.35,4403.18,44.82999999999993
2026-09-08 20:59:00+00:00,4359.48,4404.18,44.70000000000073
2026-09-08 21:00:00+00:00,4362.19,4407.13,44.94000000000051
2026-09-08 21:01:00+00:00,4360.5,4405.33,44.82999999999993
2026-09-08 21:02:00+00:00,4360.84,4405.78,44.9399999999996
2026-09-08 21:03:00+00:00,4359.19,4403.98,44.789999999999964
2026-09-08 21:04:00+00:00,4357.54,4402.38,44.840000000000146
2026-09-08 21:05:00+00:00,4358.01,4402.58,44.56999999999971
2026-09-08 21:06:00+00:00,4357.52,4402.43,44.909999999999854
2026-09-08 21:07:00+00:00,4357.87,4402.78,44.909999999999854
2026-09-08 21:08:00+00:00,4356.41,4401.18,44.77000000000044
2026-09-08 21:09:00+00:00,4358.1,4402.83,44.72999999999956
2026-09-08 21:10:00+00:00,4358.52,4403.33,44.80999999999949
2026-09-08 21:11:00+00:00,4359.67,4404.43,44.76000000000022
2026-09-08 21:12:00+00:00,4360.44,4405.03,44.590000000000146
2026-09-08 21:13:00+00:00,4361.16,4405.83,44.67000000000007
2026-09-08 21:14:00+00:00,4360.14,4404.93,44.789999999999964
2026-09-08 21:15:00+00:00,4359.98,4404.73,44.75
2026-09-08 21:16:00+00:00,4359.93,4404.58,44.649999999999636
2026-09-08 21:17:00+00:00,4360.5,4405.08,44.57999999999993
2026-09-08 21:18:00+00:00,4360.33,4404.93,44.600000000000364
2026-09-08 21:19:00+00:00,4361.26,4405.73,44.469999999999345
2026-09-08 21:20:00+00:00,4360.7,4405.23,44.529999999999745
2026-09-08 21:21:00+00:00,4360.01,4404.63,44.61999999999989
2026-09-08 21:22:00+00:00,4361.01,4405.73,44.719999999999345
2026-09-08 21:23:00+00:00,4360.11,4404.63,44.52000000000044
2026-09-08 21:24:00+00:00,4359.07,4403.68,44.61000000000058
2026-09-08 21:25:00+00:00,4358.61,4403.08,44.470000000000255
2026-09-08 21:26:00+00:00,4357.84,4402.23,44.38999999999942
2026-09-08 21:27:00+00:00,4358.73,4403.23,44.5
2026-09-08 21:28:00+00:00,4357.05,4401.48,44.42999999999938
2026-09-08 21:29:00+00:00,4356.72,4401.33,44.60999999999967
2026-09-08 21:30:00+00:00,4357.81,4402.43,44.61999999999989
2026-09-08 21:31:00+00:00,4356.69,4401.18,44.49000000000069
2026-09-08 21:32:00+00:00,4356.94,4401.43,44.49000000000069
2026-09-08 21:33:00+00:00,4357.76,4402.13,44.36999999999989
2026-09-08 21:34:00+00:00,4358.21,4402.58,44.36999999999989
2026-09-08 21:35:00+00:00,4358.8,4403.23,44.42999999999938
2026-09-08 21:36:00+00:00,4357.7,4402.43,44.73000000000047
2026-09-08 21:37:00+00:00,4357.73,4402.13,44.400000000000546
2026-09-08 21:38:00+00:00,4357.25,4401.73,44.47999999999956
2026-09-08 21:39:00+00:00,4357.47,4402.03,44.55999999999949
2026-09-08 21:40:00+00:00,4357.62,4402.08,44.460000000000036
2026-09-08 21:41:00+00:00,4357.63,4402.03,44.399999999999636
2026-09-08 21:42:00+00:00,4357.67,4402.13,44.460000000000036
2026-09-08 21:43:00+00:00,4358.21,4402.78,44.56999999999971
2026-09-08 21:44:00+00:00,4357.98,4402.38,44.400000000000546
2026-09-08 21:45:00+00:00,4357.52,4401.98,44.45999999999913
2026-09-08 21:46:00+00:00,4356.26,4400.73,44.469999999999345
2026-09-08 21:47:00+00:00,4356.26,4400.63,44.36999999999989
2026-09-08 21:48:00+00:00,4355.96,4400.38,44.42000000000007
2026-09-08 21:49:00+00:00,4347.72,4392.23,44.50999999999931
2026-09-08 21:50:00+00:00,4350.94,4395.28,44.340000000000146
2026-09-08 21:51:00+00:00,4352.19,4396.48,44.289999999999964
2026-09-08 21:52:00+00:00,4353.35,4397.68,44.32999999999993
2026-09-08 21:53:00+00:00,4355.25,4399.68,44.43000000000029
2026-09-08 21:54:00+00:00,4353.6,4398.08,44.47999999999956
2026-09-08 21:55:00+00:00,4354.45,4398.93,44.48000000000047
2026-09-08 21:56:00+00:00,4355.06,4399.63,44.56999999999971
2026-09-08 21:57:00+00:00,4355.52,4399.93,44.409999999999854
2026-09-08 23:01:00+00:00,4357.87,4401.78,43.909999999999854
2026-09-08 23:02:00+00:00,4357.68,4401.68,44.0
2026-09-08 23:03:00+00:00,4357.22,4401.23,44.00999999999931
2026-09-08 23:04:00+00:00,4357.28,4401.18,43.900000000000546
2026-09-08 23:05:00+00:00,4357.18,4401.08,43.899999999999636
2026-09-08 23:06:00+00:00,4357.4,4401.13,43.73000000000047
2026-09-08 23:07:00+00:00,4355.75,4399.53,43.779999999999745
2026-09-08 23:08:00+00:00,4353.15,4396.78,43.63000000000011
2026-09-08 23:09:00+00:00,4354.1,4397.78,43.67999999999938
2026-09-08 23:10:00+00:00,4354.4,4397.98,43.57999999999993
2026-09-08 23:11:00+00:00,4355.22,4399.03,43.80999999999949
2026-09-08 23:12:00+00:00,4356.75,4400.18,43.43000000000029
2026-09-08 23:13:00+00:00,4357.05,4400.43,43.38000000000011
2026-09-08 23:14:00+00:00,4356.15,4399.73,43.57999999999993
2026-09-08 23:15:00+00:00,4357.49,4400.93,43.44000000000051
2026-09-08 23:16:00+00:00,4357.25,4400.68,43.43000000000029
2026-09-08 23:17:00+00:00,4356.12,4399.63,43.51000000000022
2026-09-08 23:18:00+00:00,4355.77,4399.18,43.409999999999854
2026-09-08 23:19:00+00:00,4355.78,4399.28,43.5
2026-09-08 23:20:00+00:00,4354.61,4398.13,43.52000000000044
2026-09-08 23:21:00+00:00,4354.11,4397.63,43.52000000000044
2026-09-08 23:22:00+00:00,4353.51,4396.88,43.36999999999989
2026-09-08 23:23:00+00:00,4354.23,4397.58,43.350000000000364
2026-09-08 23:24:00+00:00,4354.25,4397.63,43.38000000000011
2026-09-08 23:25:00+00:00,4354.18,4397.58,43.399999999999636
2026-09-08 23:26:00+00:00,4354.43,4397.78,43.349999999999454
2026-09-08 23:27:00+00:00,4355.5,4398.78,43.279999999999745
2026-09-08 23:28:00+00:00,4354.87,4398.23,43.35999999999967
2026-09-08 23:29:00+00:00,4354.6,4397.93,43.32999999999993
2026-09-08 23:30:00+00:00,4355.16,4398.48,43.31999999999971
2026-09-08 23:31:00+00:00,4355.91,4399.23,43.31999999999971
2026-09-08 23:32:00+00:00,4355.31,4398.78,43.469999999999345
2026-09-08 23:33:00+00:00,4354.71,4398.18,43.470000000000255
2026-09-08 23:34:00+00:00,4354.7,4398.28,43.57999999999993
2026-09-08 23:35:00+00:00,4354.99,4398.48,43.48999999999978
2026-09-08 23:36:00+00:00,4354.83,4398.38,43.55000000000018
2026-09-08 23:37:00+00:00,4354.93,4398.28,43.349999999999454
2026-09-08 23:38:00+00:00,4353.43,4396.68,43.25
2026-09-08 23:39:00+00:00,4352.77,4395.98,43.20999999999913
2026-09-08 23:40:00+00:00,4353.85,4396.98,43.1299999999992
2026-09-08 23:41:00+00:00,4351.95,4395.28,43.32999999999993
2026-09-08 23:42:00+00:00,4352.47,4395.68,43.210000000000036
2026-09-08 23:43:00+00:00,4352.36,4395.68,43.32000000000062
2026-09-08 23:44:00+00:00,4351.95,4395.18,43.23000000000047
2026-09-08 23:45:00+00:00,4351.97,4395.13,43.159999999999854
2026-09-08 23:46:00+00:00,4351.35,4394.68,43.32999999999993
2026-09-08 23:47:00+00:00,4351.76,4394.78,43.01999999999953
2026-09-08 23:48:00+00:00,4351.51,4394.68,43.17000000000007
2026-09-08 23:49:00+00:00,4352.56,4395.68,43.11999999999989
2026-09-08 23:50:00+00:00,4353.39,4396.43,43.039999999999964
2026-09-08 23:51:00+00:00,4353.43,4396.53,43.099999999999454
2026-09-08 23:52:00+00:00,4353.5,4396.73,43.22999999999956
2026-09-08 23:53:00+00:00,4353.63,4396.78,43.149999999999636
2026-09-08 23:54:00+00:00,4353.53,4396.68,43.150000000000546
2026-09-08 23:55:00+00:00,4353.28,4396.43,43.150000000000546
2026-09-08 23:56:00+00:00,4353.54,4396.63,43.090000000000146
2026-09-08 23:57:00+00:00,4353.32,4396.38,43.0600000000004
2026-09-08 23:58:00+00:00,4353.41,4396.58,43.17000000000007
2026-09-08 23:59:00+00:00,4354.21,4397.43,43.220000000000255
2026-09-09 00:00:00+00:00,4354.0,4397.18,43.18000000000029
2026-09-09 00:01:00+00:00,4354.98,4398.03,43.05000000000018
2026-09-09 00:02:00+00:00,4354.2,4397.28,43.07999999999993
2026-09-09 00:03:00+00:00,4353.35,4396.43,43.07999999999993
2026-09-09 00:04:00+00:00,4353.24,4396.38,43.14000000000033
2026-09-09 00:05:00+00:00,4353.4,4396.43,43.030000000000655
2026-09-09 00:06:00+00:00,4353.6,4396.83,43.22999999999956
2026-09-09 00:07:00+00:00,4354.13,4397.38,43.25
2026-09-09 00:08:00+00:00,4353.93,4396.98,43.04999999999927
2026-09-09 00:09:00+00:00,4354.01,4397.08,43.06999999999971
2026-09-09 00:10:00+00:00,4354.33,4397.38,43.05000000000018
2026-09-09 00:11:00+00:00,4353.31,4396.38,43.06999999999971
2026-09-09 00:12:00+00:00,4352.62,4395.68,43.0600000000004
2026-09-09 00:13:00+00:00,4353.27,4396.38,43.10999999999967
2026-09-09 00:14:00+00:00,4352.22,4395.58,43.35999999999967
2026-09-09 00:15:00+00:00,4351.93,4395.23,43.29999999999927
2026-09-09 00:16:00+00:00,4352.58,4396.08,43.5
2026-09-09 00:17:00+00:00,4353.11,4396.58,43.470000000000255
2026-09-09 00:18:00+00:00,4352.55,4395.93,43.38000000000011
2026-09-09 00:19:00+00:00,4352.97,4396.43,43.460000000000036
2026-09-09 00:20:00+00:00,4353.17,4396.73,43.55999999999949
2026-09-09 00:21:00+00:00,4353.47,4396.83,43.35999999999967
2026-09-09 00:22:00+00:00,4353.95,4397.33,43.38000000000011
2026-09-09 00:23:00+00:00,4354.07,4397.23,43.159999999999854
2026-09-09 00:24:00+00:00,4354.08,4397.33,43.25
2026-09-09 00:25:00+00:00,4354.19,4397.53,43.340000000000146
2026-09-09 00:26:00+00:00,4355.99,4399.23,43.23999999999978
2026-09-09 00:27:00+00:00,4356.26,4399.53,43.26999999999953
2026-09-09 00:28:00+00:00,4357.37,4400.63,43.26000000000022
2026-09-09 00:29:00+00:00,4357.65,4400.88,43.23000000000047
2026-09-09 00:30:00+00:00,4358.06,4401.33,43.26999999999953
2026-09-09 00:31:00+00:00,4359.74,4402.83,43.090000000000146
2026-09-09 00:32:00+00:00,4359.74,4403.13,43.39000000000033
2026-09-09 00:33:00+00:00,4359.61,4402.93,43.32000000000062
2026-09-09 00:34:00+00:00,4358.83,4402.33,43.5
2026-09-09 00:35:00+00:00,4358.05,4401.48,43.42999999999938
2026-09-09 00:36:00+00:00,4357.17,4400.68,43.51000000000022
2026-09-09 00:37:00+00:00,4357.05,4400.53,43.47999999999956
2026-09-09 00:38:00+00:00,4356.86,4400.23,43.36999999999989
2026-09-09 00:39:00+00:00,4357.02,4400.53,43.50999999999931
2026-09-09 00:40:00+00:00,4358.03,4401.43,43.400000000000546
2026-09-09 00:41:00+00:00,4358.76,4402.03,43.26999999999953
2026-09-09 00:42:00+00:00,4358.7,4401.98,43.279999999999745
2026-09-09 00:43:00+00:00,4358.66,4401.88,43.220000000000255
2026-09-09 00:44:00+00:00,4358.67,4401.98,43.30999999999949
2026-09-09 00:45:00+00:00,4357.65,4400.93,43.280000000000655
2026-09-09 00:46:00+00:00,4355.65,4399.03,43.38000000000011
2026-09-09 00:47:00+00:00,4356.68,4400.08,43.399999999999636
2026-09-09 00:48:00+00:00,4356.97,4400.38,43.409999999999854
2026-09-09 00:49:00+00:00,4353.89,4397.18,43.289999999999964
2026-09-09 00:50:00+00:00,4352.44,4395.93,43.49000000000069
2026-09-09 00:51:00+00:00,4352.29,4395.68,43.39000000000033
2026-09-09 00:52:00+00:00,4351.93,4395.33,43.399999999999636
2026-09-09 00:53:00+00:00,4350.76,4394.13,43.36999999999989
2026-09-09 00:54:00+00:00,4350.49,4393.93,43.44000000000051
2026-09-09 00:55:00+00:00,4352.14,4395.53,43.38999999999942
2026-09-09 00:56:00+00:00,4351.31,4394.73,43.41999999999916
2026-09-09 00:57:00+00:00,4350.92,4394.33,43.409999999999854
2026-09-09 00:58:00+00:00,4349.49,4392.88,43.39000000000033
2026-09-09 00:59:00+00:00,4349.93,4393.33,43.399999999999636
2026-09-09 01:00:00+00:00,4347.0,4390.53,43.529999999999745
2026-09-09 01:01:00+00:00,4348.83,4392.28,43.44999999999982
2026-09-09 01:02:00+00:00,4349.84,4393.28,43.4399999999996
2026-09-09 01:03:00+00:00,4351.21,4394.68,43.470000000000255
2026-09-09 01:04:00+00:00,4350.14,4393.58,43.4399999999996
2026-09-09 01:05:00+00:00,4347.83,4391.08,43.25
2026-09-09 01:06:00+00:00,4345.48,4388.78,43.30000000000018
2026-09-09 01:07:00+00:00,4346.29,4389.78,43.48999999999978
2026-09-09 01:08:00+00:00,4348.51,4391.98,43.469999999999345
2026-09-09 01:09:00+00:00,4349.36,4392.68,43.32000000000062
2026-09-09 01:10:00+00:00,4350.13,4393.58,43.44999999999982
2026-09-09 01:11:00+00:00,4352.2,4395.78,43.57999999999993
2026-09-09 01:12:00+00:00,4351.53,4394.98,43.44999999999982
2026-09-09 01:13:00+00:00,4351.58,4395.08,43.5
2026-09-09 01:14:00+00:00,4349.54,4393.18,43.64000000000033
2026-09-09 01:15:00+00:00,4349.83,4393.53,43.69999999999982
2026-09-09 01:16:00+00:00,4346.87,4390.48,43.60999999999967
2026-09-09 01:17:00+00:00,4345.85,4389.43,43.57999999999993
2026-09-09 01:18:00+00:00,4347.4,4390.93,43.530000000000655
2026-09-09 01:19:00+00:00,4348.2,4391.48,43.279999999999745
2026-09-09 01:20:00+00:00,4346.75,4390.38,43.63000000000011
2026-09-09 01:21:00+00:00,4345.84,4389.18,43.340000000000146
2026-09-09 01:22:00+00:00,4343.52,4386.98,43.45999999999913
2026-09-09 01:23:00+00:00,4343.63,4387.18,43.55000000000018
2026-09-09 01:24:00+00:00,4343.09,4386.58,43.48999999999978
2026-09-09 01:25:00+00:00,4343.91,4387.33,43.42000000000007
2026-09-09 01:26:00+00:00,4342.91,4386.53,43.61999999999989
2026-09-09 01:27:00+00:00,4342.87,4386.28,43.409999999999854
2026-09-09 01:28:00+00:00,4346.82,4390.33,43.51000000000022
2026-09-09 01:29:00+00:00,4346.89,4390.43,43.539999999999964
2026-09-09 01:30:00+00:00,4346.32,4389.88,43.5600000000004
2026-09-09 01:31:00+00:00,4346.68,4390.08,43.399999999999636
2026-09-09 01:32:00+00:00,4346.48,4389.98,43.5
2026-09-09 01:33:00+00:00,4346.1,4389.58,43.47999999999956
2026-09-09 01:34:00+00:00,4346.49,4389.93,43.44000000000051
2026-09-09 01:35:00+00:00,4345.75,4389.38,43.63000000000011
2026-09-09 01:36:00+00:00,4344.71,4388.38,43.67000000000007
2026-09-09 01:37:00+00:00,4344.23,4387.68,43.45000000000073
2026-09-09 01:38:00+00:00,4346.6,4390.23,43.6299999999992
2026-09-09 01:39:00+00:00,4349.16,4392.63,43.470000000000255
2026-09-09 01:40:00+00:00,4348.29,4391.73,43.4399999999996
2026-09-09 01:41:00+00:00,4348.46,4392.28,43.81999999999971
2026-09-09 01:42:00+00:00,4348.87,4392.53,43.659999999999854
2026-09-09 01:43:00+00:00,4351.76,4395.18,43.42000000000007
2026-09-09 01:44:00+00:00,4354.82,4398.43,43.61000000000058
2026-09-09 01:45:00+00:00,4355.61,4399.18,43.57000000000062
2026-09-09 01:46:00+00:00,4353.36,4396.83,43.470000000000255
2026-09-09 01:47:00+00:00,4355.65,4399.18,43.530000000000655
2026-09-09 01:48:00+00:00,4354.76,4398.43,43.67000000000007
2026-09-09 01:49:00+00:00,4356.0,4399.58,43.57999999999993
2026-09-09 01:50:00+00:00,4355.79,4399.23,43.4399999999996
2026-09-09 01:51:00+00:00,4356.77,4400.63,43.85999999999967
2026-09-09 01:52:00+00:00,4358.6,4402.33,43.72999999999956
2026-09-09 01:53:00+00:00,4360.72,4404.63,43.909999999999854
2026-09-09 01:54:00+00:00,4359.69,4403.48,43.789999999999964
2026-09-09 01:55:00+00:00,4359.08,4403.18,44.100000000000364
2026-09-09 01:56:00+00:00,4359.48,4403.23,43.75
2026-09-09 01:57:00+00:00,4360.93,4404.73,43.79999999999927
2026-09-09 01:58:00+00:00,4361.85,4405.73,43.8799999999992
2026-09-09 01:59:00+00:00,4364.6,4408.53,43.92999999999938
2026-09-09 02:00:00+00:00,4360.0,4403.63,43.63000000000011
2026-09-09 02:01:00+00:00,4355.9,4399.73,43.82999999999993
2026-09-09 02:02:00+00:00,4356.99,4400.53,43.539999999999964
2026-09-09 02:03:00+00:00,4356.3,4399.63,43.32999999999993
2026-09-09 02:04:00+00:00,4358.14,4401.38,43.23999999999978
2026-09-09 02:05:00+00:00,4358.56,4402.03,43.469999999999345
2026-09-09 02:06:00+00:00,4362.87,4406.38,43.51000000000022
2026-09-09 02:07:00+00:00,4365.86,4409.48,43.61999999999989
2026-09-09 02:08:00+00:00,4364.97,4408.43,43.460000000000036
2026-09-09 02:09:00+00:00,4367.46,4411.03,43.56999999999971
2026-09-09 02:10:00+00:00,4367.02,4410.63,43.60999999999967
2026-09-09 02:11:00+00:00,4366.08,4409.78,43.69999999999982
2026-09-09 02:12:00+00:00,4367.27,4410.98,43.70999999999913
2026-09-09 02:13:00+00:00,4366.89,4410.78,43.88999999999942
2026-09-09 02:14:00+00:00,4368.26,4412.08,43.81999999999971
2026-09-09 02:15:00+00:00,4366.39,4410.13,43.73999999999978
2026-09-09 02:16:00+00:00,4364.97,4408.88,43.909999999999854
2026-09-09 02:17:00+00:00,4363.92,4408.03,44.10999999999967
2026-09-09 02:18:00+00:00,4366.35,4410.18,43.82999999999993
2026-09-09 02:19:00+00:00,4366.14,4409.98,43.839999999999236
2026-09-09 02:20:00+00:00,4365.73,4409.83,44.100000000000364
2026-09-09 02:21:00+00:00,4366.36,4410.08,43.720000000000255
2026-09-09 02:22:00+00:00,4366.0,4409.68,43.68000000000029
2026-09-09 02:23:00+00:00,4367.29,4410.83,43.539999999999964
2026-09-09 02:24:00+00:00,4369.34,4413.08,43.73999999999978
2026-09-09 02:25:00+00:00,4369.09,4412.93,43.840000000000146
2026-09-09 02:26:00+00:00,4368.56,4412.53,43.969999999999345
2026-09-09 02:27:00+00:00,4371.22,4414.98,43.75999999999931
2026-09-09 02:28:00+00:00,4371.01,4414.73,43.719999999999345
2026-09-09 02:29:00+00:00,4371.68,4415.53,43.849999999999454
2026-09-09 02:30:00+00:00,4372.91,4416.83,43.92000000000007
2026-09-09 02:31:00+00:00,4372.47,4416.18,43.710000000000036
2026-09-09 02:32:00+00:00,4373.82,4417.53,43.710000000000036
2026-09-09 02:33:00+00:00,4375.43,4419.28,43.849999999999454
2026-09-09 02:34:00+00:00,4376.5,4420.43,43.93000000000029
2026-09-09 02:35:00+00:00,4376.47,4420.33,43.85999999999967
2026-09-09 02:36:00+00:00,4376.38,4420.13,43.75
2026-09-09 02:37:00+00:00,4377.5,4421.33,43.82999999999993
2026-09-09 02:38:00+00:00,4374.58,4418.33,43.75
2026-09-09 02:39:00+00:00,4375.05,4418.83,43.779999999999745
2026-09-09 02:40:00+00:00,4376.13,4419.83,43.69999999999982
2026-09-09 02:41:00+00:00,4376.2,4419.98,43.779999999999745
2026-09-09 02:42:00+00:00,4376.92,4420.73,43.80999999999949
2026-09-09 02:43:00+00:00,4376.96,4420.73,43.76999999999953
2026-09-09 02:44:00+00:00,4376.41,4420.13,43.720000000000255
2026-09-09 02:45:00+00:00,4378.07,4421.63,43.5600000000004
2026-09-09 02:46:00+00:00,4376.55,4420.28,43.72999999999956
2026-09-09 02:47:00+00:00,4375.59,4419.23,43.63999999999942
2026-09-09 02:48:00+00:00,4374.1,4417.73,43.6299999999992
2026-09-09 02:49:00+00:00,4375.53,4419.18,43.650000000000546
2026-09-09 02:50:00+00:00,4374.81,4418.53,43.719999999999345
2026-09-09 02:51:00+00:00,4372.72,4416.48,43.75999999999931
2026-09-09 02:52:00+00:00,4372.09,4415.78,43.6899999999996
2026-09-09 02:53:00+00:00,4373.67,4417.28,43.60999999999967
2026-09-09 02:54:00+00:00,4373.73,4417.48,43.75
2026-09-09 02:55:00+00:00,4373.33,4417.08,43.75
2026-09-09 02:56:00+00:00,4375.97,4419.63,43.659999999999854
2026-09-09 02:57:00+00:00,4372.91,4416.63,43.720000000000255
2026-09-09 02:58:00+00:00,4371.02,4414.63,43.60999999999967
2026-09-09 02:59:00+00:00,4373.78,4417.33,43.55000000000018
2026-09-09 03:00:00+00:00,4371.97,4415.63,43.659999999999854
2026-09-09 03:01:00+00:00,4372.4,4415.88,43.48000000000047
2026-09-09 03:02:00+00:00,4371.26,4414.98,43.719999999999345
2026-09-09 03:03:00+00:00,4372.79,4416.58,43.789999999999964
2026-09-09 03:04:00+00:00,4373.27,4416.98,43.70999999999913
2026-09-09 03:05:00+00:00,4370.88,4414.63,43.75
2026-09-09 03:06:00+00:00,4373.16,4417.18,44.02000000000044
2026-09-09 03:07:00+00:00,4372.76,4416.53,43.76999999999953
2026-09-09 03:08:00+00:00,4372.78,4416.68,43.900000000000546
2026-09-09 03:09:00+00:00,4374.58,4418.38,43.80000000000018
2026-09-09 03:10:00+00:00,4375.09,4418.83,43.73999999999978
2026-09-09 03:11:00+00:00,4374.67,4418.33,43.659999999999854
2026-09-09 03:12:00+00:00,4374.75,4418.68,43.93000000000029
2026-09-09 03:13:00+00:00,4372.77,4416.33,43.55999999999949
2026-09-09 03:14:00+00:00,4373.44,4417.08,43.64000000000033
2026-09-09 03:15:00+00:00,4373.85,4417.58,43.72999999999956
2026-09-09 03:16:00+00:00,4374.01,4417.73,43.719999999999345
2026-09-09 03:17:00+00:00,4374.72,4418.23,43.50999999999931
2026-09-09 03:18:00+00:00,4375.55,4419.18,43.63000000000011
2026-09-09 03:19:00+00:00,4374.73,4418.28,43.55000000000018
2026-09-09 03:20:00+00:00,4374.2,4417.73,43.529999999999745
2026-09-09 03:21:00+00:00,4374.43,4417.93,43.5
2026-09-09 03:22:00+00:00,4373.29,4416.83,43.539999999999964
2026-09-09 03:23:00+00:00,4372.59,4416.28,43.6899999999996
2026-09-09 03:24:00+00:00,4371.93,4415.43,43.5
2026-09-09 03:25:00+00:00,4372.11,4415.68,43.57000000000062
2026-09-09 03:26:00+00:00,4372.6,4416.28,43.67999999999938
2026-09-09 03:27:00+00:00,4372.24,4415.98,43.73999999999978
2026-09-09 03:28:00+00:00,4372.53,4416.18,43.650000000000546
2026-09-09 03:29:00+00:00,4372.93,4416.53,43.599999999999454
2026-09-09 03:30:00+00:00,4373.33,4417.33,44.0
2026-09-09 03:31:00+00:00,4371.68,4415.33,43.649999999999636
2026-09-09 03:32:00+00:00,4370.87,4414.38,43.51000000000022
2026-09-09 03:33:00+00:00,4370.09,4413.53,43.4399999999996
2026-09-09 03:34:00+00:00,4369.52,4412.93,43.409999999999854
2026-09-09 03:35:00+00:00,4367.82,4411.43,43.61000000000058
2026-09-09 03:36:00+00:00,4368.51,4411.93,43.42000000000007
2026-09-09 03:37:00+00:00,4368.99,4412.58,43.590000000000146
2026-09-09 03:38:00+00:00,4370.89,4414.43,43.539999999999964
2026-09-09 03:39:00+00:00,4368.36,4411.93,43.57000000000062
2026-09-09 03:40:00+00:00,4368.57,4412.18,43.61000000000058
2026-09-09 03:41:00+00:00,4370.29,4414.03,43.73999999999978
2026-09-09 03:42:00+00:00,4369.98,4413.63,43.650000000000546
2026-09-09 03:43:00+00:00,4370.9,4414.58,43.68000000000029
2026-09-09 03:44:00+00:00,4374.26,4417.98,43.719999999999345
2026-09-09 03:45:00+00:00,4373.69,4417.33,43.64000000000033
2026-09-09 03:46:00+00:00,4377.72,4421.48,43.75999999999931
2026-09-09 03:47:00+00:00,4376.78,4420.48,43.69999999999982
2026-09-09 03:48:00+00:00,4377.79,4421.38,43.590000000000146
2026-09-09 03:49:00+00:00,4376.92,4420.68,43.76000000000022
2026-09-09 03:50:00+00:00,4376.64,4420.43,43.789999999999964
2026-09-09 03:51:00+00:00,4377.53,4421.23,43.69999999999982
2026-09-09 03:52:00+00:00,4382.65,4426.33,43.68000000000029
2026-09-09 03:53:00+00:00,4381.7,4425.48,43.779999999999745
2026-09-09 03:54:00+00:00,4380.34,4423.98,43.63999999999942
2026-09-09 03:55:00+00:00,4381.83,4425.58,43.75
2026-09-09 03:56:00+00:00,4382.65,4426.38,43.73000000000047
2026-09-09 03:57:00+00:00,4380.83,4424.78,43.94999999999982
2026-09-09 03:58:00+00:00,4381.84,4425.78,43.9399999999996
2026-09-09 03:59:00+00:00,4382.15,4425.88,43.73000000000047
2026-09-09 04:00:00+00:00,4381.31,4425.08,43.76999999999953
2026-09-09 04:01:00+00:00,4380.05,4423.88,43.82999999999993
2026-09-09 04:02:00+00:00,4379.59,4423.58,43.98999999999978
2026-09-09 04:03:00+00:00,4379.9,4423.68,43.780000000000655
2026-09-09 04:04:00+00:00,4379.47,4423.33,43.85999999999967
2026-09-09 04:05:00+00:00,4380.04,4423.68,43.64000000000033
2026-09-09 04:06:00+00:00,4381.65,4425.33,43.68000000000029
2026-09-09 04:07:00+00:00,4379.43,4423.18,43.75
2026-09-09 04:08:00+00:00,4378.89,4422.73,43.839999999999236
2026-09-09 04:09:00+00:00,4378.52,4422.38,43.85999999999967
2026-09-09 04:10:00+00:00,4379.1,4422.83,43.72999999999956
2026-09-09 04:11:00+00:00,4380.17,4423.88,43.710000000000036
2026-09-09 04:12:00+00:00,4379.02,4422.83,43.80999999999949
2026-09-09 04:13:00+00:00,4378.42,4422.18,43.76000000000022
2026-09-09 04:14:00+00:00,4379.05,4422.78,43.72999999999956
2026-09-09 04:15:00+00:00,4377.65,4421.33,43.68000000000029
2026-09-09 04:16:00+00:00,4377.42,4421.18,43.76000000000022
2026-09-09 04:17:00+00:00,4376.85,4420.63,43.779999999999745
2026-09-09 04:18:00+00:00,4376.3,4420.08,43.779999999999745
2026-09-09 04:19:00+00:00,4377.16,4420.88,43.720000000000255
2026-09-09 04:20:00+00:00,4378.21,4422.08,43.86999999999989
2026-09-09 04:21:00+00:00,4378.1,4421.88,43.779999999999745
2026-09-09 04:22:00+00:00,4378.08,4421.88,43.80000000000018
2026-09-09 04:23:00+00:00,4378.06,4421.88,43.81999999999971
2026-09-09 04:24:00+00:00,4378.78,4422.68,43.900000000000546
2026-09-09 04:25:00+00:00,4377.1,4420.98,43.8799999999992
2026-09-09 04:26:00+00:00,4376.31,4420.18,43.86999999999989
2026-09-09 04:27:00+00:00,4375.66,4419.58,43.92000000000007
2026-09-09 04:28:00+00:00,4376.52,4420.28,43.75999999999931
2026-09-09 04:29:00+00:00,4378.19,4421.88,43.69000000000051
2026-09-09 04:30:00+00:00,4376.91,4420.88,43.970000000000255
2026-09-09 04:31:00+00:00,4376.36,4419.98,43.61999999999989
2026-09-09 04:32:00+00:00,4376.89,4420.53,43.63999999999942
2026-09-09 04:33:00+00:00,4375.48,4419.38,43.900000000000546
2026-09-09 04:34:00+00:00,4376.34,4420.23,43.88999999999942
2026-09-09 04:35:00+00:00,4376.75,4420.63,43.88000000000011
2026-09-09 04:36:00+00:00,4377.24,4421.03,43.789999999999964
2026-09-09 04:37:00+00:00,4377.11,4420.88,43.77000000000044
2026-09-09 04:38:00+00:00,4377.02,4420.78,43.75999999999931
2026-09-09 04:39:00+00:00,4377.67,4421.48,43.80999999999949
2026-09-09 04:40:00+00:00,4378.57,4422.13,43.5600000000004
2026-09-09 04:41:00+00:00,4379.81,4423.68,43.86999999999989
2026-09-09 04:42:00+00:00,4378.75,4422.43,43.68000000000029
2026-09-09 04:43:00+00:00,4378.32,4421.98,43.659999999999854
2026-09-09 04:44:00+00:00,4378.66,4422.38,43.720000000000255
2026-09-09 04:45:00+00:00,4377.93,4421.63,43.69999999999982
2026-09-09 04:46:00+00:00,4377.78,4421.43,43.650000000000546
2026-09-09 04:47:00+00:00,4377.96,4421.68,43.720000000000255
2026-09-09 04:48:00+00:00,4377.82,4421.33,43.51000000000022
2026-09-09 04:49:00+00:00,4377.98,4421.48,43.5
2026-09-09 04:50:00+00:00,4378.35,4421.83,43.47999999999956
2026-09-09 04:51:00+00:00,4377.06,4420.63,43.56999999999971
2026-09-09 04:52:00+00:00,4376.79,4420.38,43.590000000000146
2026-09-09 04:53:00+00:00,4377.29,4420.88,43.590000000000146
2026-09-09 04:54:00+00:00,4377.4,4420.98,43.57999999999993
2026-09-09 04:55:00+00:00,4377.17,4420.68,43.51000000000022
2026-09-09 04:56:00+00:00,4376.93,4420.43,43.5
2026-09-09 04:57:00+00:00,4377.46,4420.98,43.51999999999953
2026-09-09 04:58:00+00:00,4376.78,4420.38,43.600000000000364
2026-09-09 04:59:00+00:00,4375.08,4418.63,43.55000000000018
2026-09-09 05:00:00+00:00,4374.88,4418.33,43.44999999999982
2026-09-09 05:01:00+00:00,4375.01,4418.53,43.51999999999953
2026-09-09 05:02:00+00:00,4375.34,4418.73,43.38999999999942
2026-09-09 05:03:00+00:00,4374.94,4418.43,43.49000000000069
2026-09-09 05:04:00+00:00,4374.63,4418.08,43.44999999999982
2026-09-09 05:05:00+00:00,4373.97,4417.38,43.409999999999854
2026-09-09 05:06:00+00:00,4371.94,4415.63,43.69000000000051
2026-09-09 05:07:00+00:00,4372.66,4416.03,43.36999999999989
2026-09-09 05:08:00+00:00,4372.68,4415.98,43.29999999999927
2026-09-09 05:09:00+00:00,4372.27,4415.68,43.409999999999854
2026-09-09 05:10:00+00:00,4370.9,4414.28,43.38000000000011
2026-09-09 05:11:00+00:00,4372.61,4415.88,43.27000000000044
2026-09-09 05:12:00+00:00,4373.31,4416.63,43.31999999999971
2026-09-09 05:13:00+00:00,4373.51,4416.83,43.31999999999971
2026-09-09 05:14:00+00:00,4373.57,4416.88,43.3100000000004
2026-09-09 05:15:00+00:00,4373.47,4416.73,43.25999999999931
2026-09-09 05:16:00+00:00,4372.6,4416.03,43.42999999999938
2026-09-09 05:17:00+00:00,4372.97,4416.38,43.409999999999854
2026-09-09 05:18:00+00:00,4372.68,4416.08,43.399999999999636
2026-09-09 05:19:00+00:00,4373.69,4417.03,43.340000000000146
2026-09-09 05:20:00+00:00,4373.46,4416.88,43.42000000000007
2026-09-09 05:21:00+00:00,4374.12,4417.68,43.5600000000004
2026-09-09 05:22:00+00:00,4374.88,4418.33,43.44999999999982
2026-09-09 05:23:00+00:00,4375.93,4419.53,43.599999999999454
2026-09-09 05:24:00+00:00,4377.18,4420.63,43.44999999999982
2026-09-09 05:25:00+00:00,4377.78,4421.33,43.55000000000018
2026-09-09 05:26:00+00:00,4377.4,4420.93,43.530000000000655
2026-09-09 05:27:00+00:00,4379.34,4422.93,43.590000000000146
2026-09-09 05:28:00+00:00,4380.07,4423.53,43.460000000000036
2026-09-09 05:29:00+00:00,4380.05,4423.53,43.47999999999956
2026-09-09 05:30:00+00:00,4378.7,4422.28,43.57999999999993
2026-09-09 05:31:00+00:00,4379.18,4422.73,43.54999999999927
2026-09-09 05:32:00+00:00,4379.87,4423.43,43.5600000000004
2026-09-09 05:33:00+00:00,4379.34,4422.83,43.48999999999978
2026-09-09 05:34:00+00:00,4378.66,4422.33,43.67000000000007
2026-09-09 05:35:00+00:00,4378.65,4422.18,43.530000000000655
2026-09-09 05:36:00+00:00,4379.55,4423.18,43.63000000000011
2026-09-09 05:37:00+00:00,4379.82,4423.43,43.61000000000058
2026-09-09 05:38:00+00:00,4378.72,4422.33,43.60999999999967
2026-09-09 05:39:00+00:00,4378.35,4421.83,43.47999999999956
2026-09-09 05:40:00+00:00,4377.48,4421.08,43.600000000000364
2026-09-09 05:41:00+00:00,4376.28,4419.93,43.650000000000546
2026-09-09 05:42:00+00:00,4377.47,4420.98,43.50999999999931
2026-09-09 05:43:00+00:00,4378.59,4422.13,43.539999999999964
2026-09-09 05:44:00+00:00,4378.05,4421.63,43.57999999999993
2026-09-09 05:45:00+00:00,4378.79,4422.33,43.539999999999964
2026-09-09 05:46:00+00:00,4378.77,4422.38,43.60999999999967
2026-09-09 05:47:00+00:00,4379.3,4422.93,43.63000000000011
2026-09-09 05:48:00+00:00,4379.73,4423.33,43.600000000000364
2026-09-09 05:49:00+00:00,4378.88,4422.43,43.55000000000018
2026-09-09 05:50:00+00:00,4378.21,4421.48,43.26999999999953
2026-09-09 05:51:00+00:00,4379.12,4422.73,43.60999999999967
2026-09-09 05:52:00+00:00,4379.22,4422.93,43.710000000000036
2026-09-09 05:53:00+00:00,4380.96,4424.63,43.67000000000007
2026-09-09 05:54:00+00:00,4380.99,4424.73,43.73999999999978
2026-09-09 05:55:00+00:00,4380.47,4424.23,43.75999999999931
2026-09-09 05:56:00+00:00,4381.88,4425.63,43.75
2026-09-09 05:57:00+00:00,4382.1,4425.83,43.72999999999956
2026-09-09 05:58:00+00:00,4382.06,4425.73,43.66999999999916
2026-09-09 05:59:00+00:00,4381.54,4425.23,43.6899999999996
2026-09-09 06:00:00+00:00,4381.05,4424.53,43.47999999999956
2026-09-09 06:01:00+00:00,4383.17,4426.88,43.710000000000036
2026-09-09 06:02:00+00:00,4383.01,4426.38,43.36999999999989
2026-09-09 06:03:00+00:00,4381.96,4425.48,43.51999999999953
2026-09-09 06:04:00+00:00,4381.6,4424.93,43.32999999999993
2026-09-09 06:05:00+00:00,4382.5,4425.93,43.43000000000029
2026-09-09 06:06:00+00:00,4383.36,4426.73,43.36999999999989
2026-09-09 06:07:00+00:00,4383.59,4426.98,43.38999999999942
2026-09-09 06:08:00+00:00,4384.33,4427.68,43.350000000000364
2026-09-09 06:09:00+00:00,4384.81,4428.08,43.26999999999953
2026-09-09 06:10:00+00:00,4385.95,4429.28,43.32999999999993
2026-09-09 06:11:00+00:00,4385.88,4429.28,43.399999999999636
2026-09-09 06:12:00+00:00,4386.53,4430.08,43.55000000000018
2026-09-09 06:13:00+00:00,4387.74,4431.08,43.340000000000146
2026-09-09 06:14:00+00:00,4387.35,4431.03,43.67999999999938
2026-09-09 06:15:00+00:00,4387.27,4430.53,43.25999999999931
2026-09-09 06:16:00+00:00,4387.46,4430.83,43.36999999999989
2026-09-09 06:17:00+00:00,4387.65,4431.03,43.38000000000011
2026-09-09 06:18:00+00:00,4388.69,4431.98,43.289999999999964
2026-09-09 06:19:00+00:00,4388.26,4431.53,43.26999999999953
2026-09-09 06:20:00+00:00,4386.91,4430.13,43.220000000000255
2026-09-09 06:21:00+00:00,4384.27,4427.73,43.45999999999913
2026-09-09 06:22:00+00:00,4384.05,4427.53,43.47999999999956
2026-09-09 06:23:00+00:00,4383.83,4427.23,43.399999999999636
2026-09-09 06:24:00+00:00,4386.62,4429.98,43.35999999999967
2026-09-09 06:25:00+00:00,4386.66,4430.18,43.52000000000044
2026-09-09 06:26:00+00:00,4387.54,4430.83,43.289999999999964
2026-09-09 06:27:00+00:00,4387.48,4431.03,43.55000000000018
2026-09-09 06:28:00+00:00,4386.57,4430.18,43.61000000000058
2026-09-09 06:29:00+00:00,4385.0,4428.78,43.779999999999745
2026-09-09 06:30:00+00:00,4385.2,4428.63,43.43000000000029
2026-09-09 06:31:00+00:00,4386.09,4429.73,43.63999999999942
2026-09-09 06:32:00+00:00,4386.1,4429.73,43.6299999999992
2026-09-09 06:33:00+00:00,4385.34,4428.83,43.48999999999978
2026-09-09 06:34:00+00:00,4387.31,4430.98,43.66999999999916
2026-09-09 06:35:00+00:00,4388.08,4431.73,43.649999999999636
2026-09-09 06:36:00+00:00,4390.19,4433.58,43.39000000000033
2026-09-09 06:37:00+00:00,4391.3,4434.83,43.529999999999745
2026-09-09 06:38:00+00:00,4391.27,4434.73,43.45999999999913
2026-09-09 06:39:00+00:00,4392.4,4435.93,43.530000000000655
2026-09-09 06:40:00+00:00,4392.21,4435.63,43.42000000000007
2026-09-09 06:41:00+00:00,4393.15,4436.58,43.43000000000029
2026-09-09 06:42:00+00:00,4393.63,4436.93,43.30000000000018
2026-09-09 06:43:00+00:00,4394.5,4437.63,43.13000000000011
2026-09-09 06:44:00+00:00,4395.6,4438.78,43.17999999999938
2026-09-09 06:45:00+00:00,4395.48,4438.63,43.150000000000546
2026-09-09 06:46:00+00:00,4392.94,4436.28,43.340000000000146
2026-09-09 06:47:00+00:00,4395.57,4439.03,43.460000000000036
2026-09-09 06:48:00+00:00,4396.47,4439.88,43.409999999999854
2026-09-09 06:49:00+00:00,4395.71,4439.13,43.42000000000007
2026-09-09 06:50:00+00:00,4397.32,4440.63,43.3100000000004
2026-09-09 06:51:00+00:00,4397.78,4441.23,43.44999999999982
2026-09-09 06:52:00+00:00,4399.28,4442.63,43.350000000000364
2026-09-09 06:53:00+00:00,4398.32,4441.78,43.460000000000036
2026-09-09 06:54:00+00:00,4399.81,4443.13,43.31999999999971
2026-09-09 06:55:00+00:00,4399.58,4442.98,43.399999999999636
2026-09-09 06:56:00+00:00,4400.06,4443.53,43.469999999999345
2026-09-09 06:57:00+00:00,4399.41,4442.63,43.220000000000255
2026-09-09 06:58:00+00:00,4399.3,4442.63,43.32999999999993
2026-09-09 06:59:00+00:00,4398.78,4442.13,43.350000000000364
2026-09-09 07:00:00+00:00,4398.31,4441.63,43.31999999999971
2026-09-09 07:01:00+00:00,4398.67,4441.98,43.30999999999949
2026-09-09 07:02:00+00:00,4398.92,4442.23,43.30999999999949
2026-09-09 07:03:00+00:00,4402.55,4445.78,43.22999999999956
2026-09-09 07:04:00+00:00,4403.09,4446.33,43.23999999999978
2026-09-09 07:05:00+00:00,4404.74,4448.23,43.48999999999978
2026-09-09 07:06:00+00:00,4402.92,4446.18,43.26000000000022
2026-09-09 07:07:00+00:00,4400.53,4443.73,43.19999999999982
2026-09-09 07:08:00+00:00,4400.51,4443.73,43.219999999999345
2026-09-09 07:09:00+00:00,4400.21,4443.48,43.26999999999953
2026-09-09 07:10:00+00:00,4399.58,4442.73,43.149999999999636
2026-09-09 07:11:00+00:00,4399.96,4443.28,43.31999999999971
2026-09-09 07:12:00+00:00,4400.05,4443.38,43.32999999999993
2026-09-09 07:13:00+00:00,4401.13,4444.43,43.30000000000018
2026-09-09 07:14:00+00:00,4401.41,4444.68,43.27000000000044
2026-09-09 07:15:00+00:00,4402.56,4446.03,43.469999999999345
2026-09-09 07:16:00+00:00,4400.98,4444.43,43.45000000000073
2026-09-09 07:17:00+00:00,4400.04,4443.33,43.289999999999964
2026-09-09 07:18:00+00:00,4400.43,4443.83,43.399999999999636
2026-09-09 07:19:00+00:00,4399.87,4443.33,43.460000000000036
2026-09-09 07:20:00+00:00,4400.01,4443.18,43.17000000000007
2026-09-09 07:21:00+00:00,4397.62,4440.73,43.10999999999967
2026-09-09 07:22:00+00:00,4398.43,4441.78,43.349999999999454
2026-09-09 07:23:00+00:00,4400.45,4443.58,43.13000000000011
2026-09-09 07:24:00+00:00,4399.0,4442.03,43.029999999999745
2026-09-09 07:25:00+00:00,4398.8,4442.08,43.279999999999745
2026-09-09 07:26:00+00:00,4397.07,4440.13,43.0600000000004
2026-09-09 07:27:00+00:00,4397.03,4440.23,43.19999999999982
2026-09-09 07:28:00+00:00,4395.24,4438.48,43.23999999999978
2026-09-09 07:29:00+00:00,4398.14,4441.43,43.289999999999964
2026-09-09 07:30:00+00:00,4398.22,4441.63,43.409999999999854
2026-09-09 07:31:00+00:00,4399.5,4443.13,43.63000000000011
2026-09-09 07:32:00+00:00,4399.97,4443.43,43.460000000000036
2026-09-09 07:33:00+00:00,4401.87,4445.43,43.5600000000004
2026-09-09 07:34:00+00:00,4403.06,4446.48,43.41999999999916
2026-09-09 07:35:00+00:00,4402.43,4445.98,43.54999999999927
2026-09-09 07:36:00+00:00,4402.58,4446.03,43.44999999999982
2026-09-09 07:37:00+00:00,4404.98,4448.48,43.5
2026-09-09 07:38:00+00:00,4405.8,4449.43,43.63000000000011
2026-09-09 07:39:00+00:00,4404.99,4448.68,43.69000000000051
2026-09-09 07:40:00+00:00,4402.42,4446.03,43.60999999999967
2026-09-09 07:41:00+00:00,4402.32,4445.93,43.61000000000058
2026-09-09 07:42:00+00:00,4400.98,4444.33,43.350000000000364
2026-09-09 07:43:00+00:00,4400.1,4443.63,43.529999999999745
2026-09-09 07:44:00+00:00,4400.52,4443.88,43.35999999999967
2026-09-09 07:45:00+00:00,4399.69,4443.23,43.539999999999964
2026-09-09 07:46:00+00:00,4399.05,4442.58,43.529999999999745
2026-09-09 07:47:00+00:00,4398.87,4442.48,43.60999999999967
2026-09-09 07:48:00+00:00,4398.84,4442.43,43.590000000000146
2026-09-09 07:49:00+00:00,4401.29,4444.83,43.539999999999964
2026-09-09 07:50:00+00:00,4400.23,4443.93,43.70000000000073
2026-09-09 07:51:00+00:00,4401.01,4444.63,43.61999999999989
2026-09-09 07:52:00+00:00,4400.24,4443.93,43.69000000000051
2026-09-09 07:53:00+00:00,4399.97,4443.68,43.710000000000036
2026-09-09 07:54:00+00:00,4400.73,4444.43,43.70000000000073
2026-09-09 07:55:00+00:00,4401.42,4444.93,43.51000000000022
2026-09-09 07:56:00+00:00,4400.49,4444.13,43.64000000000033
2026-09-09 07:57:00+00:00,4399.84,4443.63,43.789999999999964
2026-09-09 07:58:00+00:00,4399.91,4443.63,43.720000000000255
2026-09-09 07:59:00+00:00,4400.67,4444.23,43.55999999999949
2026-09-09 08:00:00+00:00,4400.54,4444.23,43.6899999999996
2026-09-09 08:01:00+00:00,4400.41,4444.13,43.720000000000255
2026-09-09 08:02:00+00:00,4401.57,4445.23,43.659999999999854
2026-09-09 08:03:00+00:00,4401.61,4445.18,43.57000000000062
2026-09-09 08:04:00+00:00,4401.45,4445.13,43.68000000000029
2026-09-09 08:05:00+00:00,4403.68,4447.13,43.44999999999982
2026-09-09 08:06:00+00:00,4403.28,4446.68,43.400000000000546
2026-09-09 08:07:00+00:00,4404.22,4447.83,43.60999999999967
2026-09-09 08:08:00+00:00,4403.17,4446.83,43.659999999999854
2026-09-09 08:09:00+00:00,4403.78,4447.28,43.5
2026-09-09 08:10:00+00:00,4404.03,4447.63,43.600000000000364
2026-09-09 08:11:00+00:00,4403.44,4447.13,43.69000000000051
2026-09-09 08:12:00+00:00,4405.97,4449.53,43.55999999999949
2026-09-09 08:13:00+00:00,4406.14,4449.83,43.6899999999996
2026-09-09 08:14:00+00:00,4406.66,4450.08,43.42000000000007
2026-09-09 08:15:00+00:00,4406.39,4449.93,43.539999999999964
2026-09-09 08:16:00+00:00,4405.15,4448.73,43.57999999999993
2026-09-09 08:17:00+00:00,4404.49,4448.03,43.539999999999964
2026-09-09 08:18:00+00:00,4404.15,4447.68,43.530000000000655
2026-09-09 08:19:00+00:00,4403.67,4447.18,43.51000000000022
2026-09-09 08:20:00+00:00,4405.24,4448.73,43.48999999999978
2026-09-09 08:21:00+00:00,4406.31,4449.83,43.51999999999953
2026-09-09 08:22:00+00:00,4407.03,4450.53,43.5
2026-09-09 08:23:00+00:00,4405.71,4449.33,43.61999999999989
2026-09-09 08:24:00+00:00,4405.48,4448.83,43.350000000000364
2026-09-09 08:25:00+00:00,4406.08,4449.58,43.5
2026-09-09 08:26:00+00:00,4406.11,4449.63,43.52000000000044
2026-09-09 08:27:00+00:00,4407.4,4450.88,43.48000000000047
2026-09-09 08:28:00+00:00,4407.14,4450.73,43.589999999999236
2026-09-09 08:29:00+00:00,4407.68,4451.28,43.599999999999454
2026-09-09 08:30:00+00:00,4408.15,4451.58,43.43000000000029
2026-09-09 08:31:00+00:00,4406.76,4450.43,43.67000000000007
2026-09-09 08:32:00+00:00,4407.16,4450.78,43.61999999999989
2026-09-09 08:33:00+00:00,4406.71,4450.23,43.51999999999953
2026-09-09 08:34:00+00:00,4407.47,4450.98,43.50999999999931
2026-09-09 08:35:00+00:00,4407.6,4451.43,43.82999999999993
2026-09-09 08:36:00+00:00,4409.45,4452.98,43.529999999999745
2026-09-09 08:37:00+00:00,4408.78,4452.08,43.30000000000018
2026-09-09 08:38:00+00:00,4408.22,4451.83,43.60999999999967
2026-09-09 08:39:00+00:00,4410.16,4453.58,43.42000000000007
2026-09-09 08:40:00+00:00,4408.69,4452.33,43.64000000000033
2026-09-09 08:41:00+00:00,4409.41,4452.93,43.52000000000044
2026-09-09 08:42:00+00:00,4408.62,4452.13,43.51000000000022
2026-09-09 08:43:00+00:00,4409.25,4452.83,43.57999999999993
2026-09-09 08:44:00+00:00,4410.37,4453.78,43.409999999999854
2026-09-09 08:45:00+00:00,4411.23,4454.38,43.150000000000546
2026-09-09 08:46:00+00:00,4411.45,4454.78,43.32999999999993
2026-09-09 08:47:00+00:00,4411.53,4454.73,43.19999999999982
2026-09-09 08:48:00+00:00,4411.88,4455.18,43.30000000000018
2026-09-09 08:49:00+00:00,4411.72,4455.28,43.55999999999949
2026-09-09 08:50:00+00:00,4409.67,4452.98,43.30999999999949
2026-09-09 08:51:00+00:00,4409.68,4452.98,43.29999999999927
2026-09-09 08:52:00+00:00,4411.19,4454.68,43.49000000000069
2026-09-09 08:53:00+00:00,4409.52,4452.88,43.35999999999967
2026-09-09 08:54:00+00:00,4408.94,4452.28,43.340000000000146
2026-09-09 08:55:00+00:00,4409.37,4452.68,43.3100000000004
2026-09-09 08:56:00+00:00,4409.79,4453.28,43.48999999999978
2026-09-09 08:57:00+00:00,4409.29,4452.73,43.4399999999996
2026-09-09 08:58:00+00:00,4408.49,4452.13,43.64000000000033
2026-09-09 08:59:00+00:00,4409.14,4452.68,43.539999999999964
2026-09-09 09:00:00+00:00,4408.44,4451.78,43.340000000000146
2026-09-09 09:01:00+00:00,4409.08,4452.48,43.399999999999636
2026-09-09 09:02:00+00:00,4408.32,4451.63,43.3100000000004
2026-09-09 09:03:00+00:00,4407.63,4451.03,43.399999999999636
2026-09-09 09:04:00+00:00,4408.46,4451.78,43.31999999999971
2026-09-09 09:05:00+00:00,4410.51,4453.83,43.31999999999971
2026-09-09 09:06:00+00:00,4410.63,4454.18,43.55000000000018
2026-09-09 09:07:00+00:00,4410.12,4453.68,43.5600000000004
2026-09-09 09:08:00+00:00,4409.66,4453.13,43.470000000000255
2026-09-09 09:09:00+00:00,4407.1,4450.43,43.32999999999993
2026-09-09 09:10:00+00:00,4405.32,4448.83,43.51000000000022
2026-09-09 09:11:00+00:00,4406.28,4449.73,43.44999999999982
2026-09-09 09:12:00+00:00,4406.07,4449.53,43.460000000000036
2026-09-09 09:13:00+00:00,4404.46,4447.93,43.470000000000255
2026-09-09 09:14:00+00:00,4403.83,4447.38,43.55000000000018
2026-09-09 09:15:00+00:00,4404.35,4447.88,43.529999999999745
2026-09-09 09:16:00+00:00,4403.38,4447.08,43.69999999999982
2026-09-09 09:17:00+00:00,4402.58,4446.18,43.600000000000364
2026-09-09 09:18:00+00:00,4403.34,4446.93,43.590000000000146
2026-09-09 09:19:00+00:00,4403.94,4447.43,43.49000000000069
2026-09-09 09:20:00+00:00,4403.29,4446.78,43.48999999999978
2026-09-09 09:21:00+00:00,4402.39,4446.03,43.63999999999942
2026-09-09 09:22:00+00:00,4402.75,4446.28,43.529999999999745
2026-09-09 09:23:00+00:00,4401.23,4444.88,43.650000000000546
2026-09-09 09:24:00+00:00,4401.22,4444.78,43.55999999999949
2026-09-09 09:25:00+00:00,4401.91,4445.53,43.61999999999989
2026-09-09 09:26:00+00:00,4401.33,4445.28,43.94999999999982
2026-09-09 09:27:00+00:00,4400.76,4444.43,43.67000000000007
2026-09-09 09:28:00+00:00,4399.97,4443.73,43.75999999999931
2026-09-09 09:29:00+00:00,4399.62,4443.48,43.85999999999967
2026-09-09 09:30:00+00:00,4400.52,4444.23,43.70999999999913
2026-09-09 09:31:00+00:00,4401.42,4445.13,43.710000000000036
2026-09-09 09:32:00+00:00,4402.33,4446.18,43.850000000000364
2026-09-09 09:33:00+00:00,4402.7,4446.73,44.029999999999745
2026-09-09 09:34:00+00:00,4401.93,4445.78,43.849999999999454
2026-09-09 09:35:00+00:00,4402.13,4446.13,44.0
2026-09-09 09:36:00+00:00,4402.06,4445.93,43.86999999999989
2026-09-09 09:37:00+00:00,4402.02,4446.03,44.00999999999931
2026-09-09 09:38:00+00:00,4400.82,4444.63,43.8100000000004
2026-09-09 09:39:00+00:00,4399.6,4443.43,43.82999999999993
2026-09-09 09:40:00+00:00,4400.98,4444.88,43.900000000000546
2026-09-09 09:41:00+00:00,4401.48,4445.33,43.850000000000364
2026-09-09 09:42:00+00:00,4400.57,4444.53,43.960000000000036
2026-09-09 09:43:00+00:00,4400.32,4444.08,43.76000000000022
2026-09-09 09:44:00+00:00,4400.01,4443.83,43.81999999999971
2026-09-09 09:45:00+00:00,4400.25,4444.08,43.82999999999993
2026-09-09 09:46:00+00:00,4400.59,4444.43,43.840000000000146
2026-09-09 09:47:00+00:00,4401.7,4445.63,43.93000000000029
2026-09-09 09:48:00+00:00,4402.07,4445.93,43.86000000000058
2026-09-09 09:49:00+00:00,4400.37,4444.23,43.85999999999967
2026-09-09 09:50:00+00:00,4400.16,4444.13,43.970000000000255
2026-09-09 09:51:00+00:00,4400.5,4444.48,43.97999999999956
2026-09-09 09:52:00+00:00,4401.5,4445.33,43.82999999999993
2026-09-09 09:53:00+00:00,4401.48,4445.43,43.95000000000073
2026-09-09 09:54:00+00:00,4402.0,4445.88,43.88000000000011
2026-09-09 09:55:00+00:00,4402.06,4446.13,44.06999999999971
2026-09-09 09:56:00+00:00,4402.72,4446.68,43.960000000000036
2026-09-09 09:57:00+00:00,4401.01,4444.93,43.92000000000007
2026-09-09 09:58:00+00:00,4401.15,4445.08,43.93000000000029
2026-09-09 09:59:00+00:00,4400.51,4444.58,44.06999999999971
2026-09-09 10:00:00+00:00,4401.35,4445.08,43.72999999999956
2026-09-09 10:01:00+00:00,4400.4,4444.48,44.07999999999993
2026-09-09 10:02:00+00:00,4401.03,4444.98,43.94999999999982
2026-09-09 10:03:00+00:00,4402.04,4445.98,43.9399999999996
2026-09-09 10:04:00+00:00,4401.0,4444.93,43.93000000000029
2026-09-09 10:05:00+00:00,4400.21,4444.13,43.92000000000007
2026-09-09 10:06:00+00:00,4400.61,4444.53,43.92000000000007
2026-09-09 10:07:00+00:00,4401.55,4445.33,43.779999999999745
2026-09-09 10:08:00+00:00,4400.58,4444.58,44.0
2026-09-09 10:09:00+00:00,4401.75,4445.73,43.97999999999956
2026-09-09 10:10:00+00:00,4399.81,4443.68,43.86999999999989
2026-09-09 10:11:00+00:00,4398.74,4442.78,44.039999999999964
2026-09-09 10:12:00+00:00,4398.77,4442.83,44.05999999999949
2026-09-09 10:13:00+00:00,4398.18,4442.13,43.94999999999982
2026-09-09 10:14:00+00:00,4398.47,4442.48,44.00999999999931
2026-09-09 10:15:00+00:00,4397.62,4441.73,44.10999999999967
2026-09-09 10:16:00+00:00,4397.59,4441.63,44.039999999999964
2026-09-09 10:17:00+00:00,4398.11,4441.93,43.82000000000062
2026-09-09 10:18:00+00:00,4398.76,4442.68,43.92000000000007
2026-09-09 10:19:00+00:00,4399.96,4443.93,43.970000000000255
2026-09-09 10:20:00+00:00,4398.91,4442.88,43.970000000000255
2026-09-09 10:21:00+00:00,4399.58,4443.53,43.94999999999982
2026-09-09 10:22:00+00:00,4399.12,4443.13,44.01000000000022
2026-09-09 10:23:00+00:00,4398.26,4442.38,44.11999999999989
2026-09-09 10:24:00+00:00,4397.91,4441.93,44.02000000000044
2026-09-09 10:25:00+00:00,4398.29,4442.28,43.98999999999978
2026-09-09 10:26:00+00:00,4398.31,4442.23,43.91999999999916
2026-09-09 10:27:00+00:00,4398.35,4442.23,43.8799999999992
2026-09-09 10:28:00+00:00,4397.2,4441.13,43.93000000000029
2026-09-09 10:29:00+00:00,4398.37,4442.28,43.909999999999854
2026-09-09 10:30:00+00:00,4397.98,4441.78,43.80000000000018
2026-09-09 10:31:00+00:00,4396.72,4440.63,43.909999999999854
2026-09-09 10:32:00+00:00,4397.47,4441.68,44.210000000000036
2026-09-09 10:33:00+00:00,4397.84,4441.93,44.090000000000146
2026-09-09 10:34:00+00:00,4397.89,4442.03,44.13999999999942
2026-09-09 10:35:00+00:00,4397.66,4441.83,44.17000000000007
2026-09-09 10:36:00+00:00,4397.88,4442.08,44.19999999999982
2026-09-09 10:37:00+00:00,4397.85,4441.93,44.07999999999993
2026-09-09 10:38:00+00:00,4398.15,4442.43,44.280000000000655
2026-09-09 10:39:00+00:00,4397.99,4442.08,44.090000000000146
2026-09-09 10:40:00+00:00,4397.36,4441.53,44.17000000000007
2026-09-09 10:41:00+00:00,4396.46,4440.48,44.01999999999953
2026-09-09 10:42:00+00:00,4395.68,4439.73,44.04999999999927
2026-09-09 10:43:00+00:00,4396.37,4440.48,44.10999999999967
2026-09-09 10:44:00+00:00,4396.32,4440.43,44.11000000000058
2026-09-09 10:45:00+00:00,4394.32,4438.73,44.409999999999854
2026-09-09 10:46:00+00:00,4394.24,4438.53,44.289999999999964
2026-09-09 10:47:00+00:00,4394.86,4439.18,44.32000000000062
2026-09-09 10:48:00+00:00,4394.59,4438.88,44.289999999999964
2026-09-09 10:49:00+00:00,4395.05,4439.18,44.13000000000011
2026-09-09 10:50:00+00:00,4393.09,4437.13,44.039999999999964
2026-09-09 10:51:00+00:00,4392.84,4436.83,43.98999999999978
2026-09-09 10:52:00+00:00,4393.52,4437.63,44.10999999999967
2026-09-09 10:53:00+00:00,4392.97,4436.98,44.00999999999931
2026-09-09 10:54:00+00:00,4391.06,4435.03,43.969999999999345
2026-09-09 10:55:00+00:00,4389.54,4433.68,44.14000000000033
2026-09-09 10:56:00+00:00,4389.88,4433.73,43.849999999999454
2026-09-09 10:57:00+00:00,4389.02,4432.73,43.70999999999913
2026-09-09 10:58:00+00:00,4389.45,4433.13,43.68000000000029
2026-09-09 10:59:00+00:00,4390.68,4434.58,43.899999999999636
2026-09-09 11:00:00+00:00,4391.23,4435.13,43.900000000000546
2026-09-09 11:01:00+00:00,4386.59,4430.33,43.73999999999978
2026-09-09 11:02:00+00:00,4388.7,4432.63,43.93000000000029
2026-09-09 11:03:00+00:00,4390.77,4434.63,43.85999999999967
2026-09-09 11:04:00+00:00,4390.17,4433.88,43.710000000000036
2026-09-09 11:05:00+00:00,4391.71,4435.28,43.56999999999971
2026-09-09 11:06:00+00:00,4392.31,4435.88,43.56999999999971
2026-09-09 11:07:00+00:00,4393.02,4436.53,43.50999999999931
2026-09-09 11:08:00+00:00,4392.86,4436.58,43.720000000000255
2026-09-09 11:09:00+00:00,4392.57,4436.23,43.659999999999854
2026-09-09 11:10:00+00:00,4392.75,4436.43,43.68000000000029
2026-09-09 11:11:00+00:00,4392.54,4436.13,43.590000000000146
2026-09-09 11:12:00+00:00,4392.65,4436.23,43.57999999999993
2026-09-09 11:13:00+00:00,4391.29,4434.83,43.539999999999964
2026-09-09 11:14:00+00:00,4391.23,4434.78,43.55000000000018
2026-09-09 11:15:00+00:00,4390.3,4433.93,43.63000000000011
2026-09-09 11:16:00+00:00,4390.4,4434.03,43.63000000000011
2026-09-09 11:17:00+00:00,4390.85,4434.43,43.57999999999993
2026-09-09 11:18:00+00:00,4391.8,4435.33,43.529999999999745
2026-09-09 11:19:00+00:00,4394.53,4438.03,43.5
2026-09-09 11:20:00+00:00,4395.44,4438.93,43.49000000000069
2026-09-09 11:21:00+00:00,4394.82,4438.33,43.51000000000022
2026-09-09 11:22:00+00:00,4394.42,4437.83,43.409999999999854
2026-09-09 11:23:00+00:00,4394.52,4438.08,43.55999999999949
2026-09-09 11:24:00+00:00,4394.66,4438.08,43.42000000000007
2026-09-09 11:25:00+00:00,4395.07,4438.18,43.11000000000058
2026-09-09 11:26:00+00:00,4395.68,4438.98,43.29999999999927
2026-09-09 11:27:00+00:00,4393.34,4436.73,43.38999999999942
2026-09-09 11:28:00+00:00,4394.16,4437.58,43.42000000000007
2026-09-09 11:29:00+00:00,4394.28,4437.73,43.44999999999982
2026-09-09 11:30:00+00:00,4394.68,4438.03,43.349999999999454
2026-09-09 11:31:00+00:00,4395.63,4439.03,43.399999999999636
2026-09-09 11:32:00+00:00,4395.39,4438.73,43.339999999999236
2026-09-09 11:33:00+00:00,4396.61,4440.03,43.42000000000007
2026-09-09 11:34:00+00:00,4396.13,4439.63,43.5
2026-09-09 11:35:00+00:00,4397.06,4440.23,43.16999999999916
2026-09-09 11:36:00+00:00,4397.34,4440.58,43.23999999999978
2026-09-09 11:37:00+00:00,4398.59,4441.63,43.039999999999964
2026-09-09 11:38:00+00:00,4398.72,4441.88,43.159999999999854
2026-09-09 11:39:00+00:00,4398.49,4441.58,43.090000000000146
2026-09-09 11:40:00+00:00,4396.73,4439.98,43.25
2026-09-09 11:41:00+00:00,4395.96,4439.38,43.42000000000007
2026-09-09 11:42:00+00:00,4395.12,4438.48,43.35999999999967
2026-09-09 11:43:00+00:00,4394.77,4438.13,43.35999999999967
2026-09-09 11:44:00+00:00,4394.82,4438.18,43.36000000000058
2026-09-09 11:45:00+00:00,4394.63,4437.93,43.30000000000018
2026-09-09 11:46:00+00:00,4395.86,4439.18,43.32000000000062
2026-09-09 11:47:00+00:00,4396.75,4440.13,43.38000000000011
2026-09-09 11:48:00+00:00,4399.11,4442.53,43.42000000000007
2026-09-09 11:49:00+00:00,4399.14,4442.33,43.1899999999996
2026-09-09 11:50:00+00:00,4399.55,4442.88,43.32999999999993
2026-09-09 11:51:00+00:00,4398.61,4441.93,43.32000000000062
2026-09-09 11:52:00+00:00,4399.27,4442.58,43.30999999999949
2026-09-09 11:53:00+00:00,4401.46,4444.88,43.42000000000007
2026-09-09 11:54:00+00:00,4401.9,4445.33,43.43000000000029
2026-09-09 11:55:00+00:00,4402.96,4446.33,43.36999999999989
2026-09-09 11:56:00+00:00,4401.09,4444.73,43.63999999999942
2026-09-09 11:57:00+00:00,4400.83,4444.43,43.600000000000364
2026-09-09 11:58:00+00:00,4400.62,4444.13,43.51000000000022
2026-09-09 11:59:00+00:00,4399.51,4443.03,43.51999999999953
2026-09-09 12:00:00+00:00,4402.56,4446.03,43.469999999999345
2026-09-09 12:01:00+00:00,4403.16,4446.73,43.56999999999971
2026-09-09 12:02:00+00:00,4402.06,4445.33,43.26999999999953
2026-09-09 12:03:00+00:00,4402.6,4446.08,43.47999999999956
2026-09-09 12:04:00+00:00,4403.61,4446.93,43.32000000000062
2026-09-09 12:05:00+00:00,4403.44,4446.78,43.340000000000146
2026-09-09 12:06:00+00:00,4403.1,4446.53,43.42999999999938
2026-09-09 12:07:00+00:00,4402.34,4445.73,43.38999999999942
2026-09-09 12:08:00+00:00,4402.98,4446.43,43.45000000000073
2026-09-09 12:09:00+00:00,4404.05,4447.58,43.529999999999745
2026-09-09 12:10:00+00:00,4404.39,4447.83,43.4399999999996
2026-09-09 12:11:00+00:00,4404.02,4447.48,43.45999999999913
2026-09-09 12:12:00+00:00,4404.23,4447.58,43.350000000000364
2026-09-09 12:13:00+00:00,4402.94,4446.48,43.539999999999964
2026-09-09 12:14:00+00:00,4403.46,4447.03,43.56999999999971
2026-09-09 12:15:00+00:00,4401.73,4445.33,43.600000000000364
2026-09-09 12:16:00+00:00,4402.88,4446.38,43.5
2026-09-09 12:17:00+00:00,4402.74,4446.28,43.539999999999964
2026-09-09 12:18:00+00:00,4403.82,4447.23,43.409999999999854
2026-09-09 12:19:00+00:00,4404.05,4447.53,43.47999999999956
2026-09-09 12:20:00+00:00,4403.25,4446.83,43.57999999999993
2026-09-09 12:21:00+00:00,4402.98,4446.53,43.55000000000018
2026-09-09 12:22:00+00:00,4403.95,4447.38,43.43000000000029
2026-09-09 12:23:00+00:00,4404.86,4448.58,43.720000000000255
2026-09-09 12:24:00+00:00,4405.79,4449.48,43.6899999999996
2026-09-09 12:25:00+00:00,4406.71,4450.43,43.720000000000255
2026-09-09 12:26:00+00:00,4407.83,4451.63,43.80000000000018
2026-09-09 12:27:00+00:00,4408.86,4452.88,44.02000000000044
2026-09-09 12:28:00+00:00,4408.25,4452.03,43.779999999999745
2026-09-09 12:29:00+00:00,4408.25,4452.08,43.82999999999993
2026-09-09 12:30:00+00:00,4406.15,4450.13,43.98000000000047
2026-09-09 12:31:00+00:00,4406.49,4450.33,43.840000000000146
2026-09-09 12:32:00+00:00,4406.98,4450.83,43.850000000000364
2026-09-09 12:33:00+00:00,4407.0,4450.93,43.93000000000029
2026-09-09 12:34:00+00:00,4404.54,4448.48,43.9399999999996
2026-09-09 12:35:00+00:00,4404.53,4448.28,43.75
2026-09-09 12:36:00+00:00,4403.96,4447.83,43.86999999999989
2026-09-09 12:37:00+00:00,4403.66,4447.53,43.86999999999989
2026-09-09 12:38:00+00:00,4404.71,4448.73,44.01999999999953
2026-09-09 12:39:00+00:00,4404.84,4448.78,43.9399999999996
2026-09-09 12:40:00+00:00,4405.71,4449.68,43.970000000000255
2026-09-09 12:41:00+00:00,4405.06,4449.18,44.11999999999989
2026-09-09 12:42:00+00:00,4406.59,4450.63,44.039999999999964
2026-09-09 12:43:00+00:00,4406.07,4450.23,44.159999999999854
2026-09-09 12:44:00+00:00,4405.36,4449.63,44.27000000000044
2026-09-09 12:45:00+00:00,4405.15,4449.38,44.23000000000047
2026-09-09 12:46:00+00:00,4403.66,4447.88,44.220000000000255
2026-09-09 12:47:00+00:00,4403.89,4448.23,44.339999999999236
2026-09-09 12:48:00+00:00,4405.26,4449.53,44.26999999999953
2026-09-09 12:49:00+00:00,4414.2,4458.38,44.18000000000029
2026-09-09 12:50:00+00:00,4413.12,4457.63,44.51000000000022
2026-09-09 12:51:00+00:00,4409.25,4453.63,44.38000000000011
2026-09-09 12:52:00+00:00,4410.17,4454.43,44.26000000000022
2026-09-09 12:53:00+00:00,4409.42,4453.68,44.26000000000022
2026-09-09 12:54:00+00:00,4407.11,4451.33,44.220000000000255
2026-09-09 12:55:00+00:00,4406.88,4450.98,44.099999999999454
2026-09-09 12:56:00+00:00,4407.27,4451.38,44.10999999999967
2026-09-09 12:57:00+00:00,4407.92,4452.08,44.159999999999854
2026-09-09 12:58:00+00:00,4407.06,4451.13,44.06999999999971
2026-09-09 12:59:00+00:00,4407.29,4451.33,44.039999999999964
2026-09-09 13:00:00+00:00,4408.93,4452.93,44.0
2026-09-09 13:01:00+00:00,4406.61,4450.83,44.220000000000255
2026-09-09 13:02:00+00:00,4406.07,4450.33,44.26000000000022
2026-09-09 13:03:00+00:00,4405.11,4449.28,44.17000000000007
2026-09-09 13:04:00+00:00,4404.13,4448.38,44.25
2026-09-09 13:05:00+00:00,4403.49,4447.93,44.44000000000051
2026-09-09 13:06:00+00:00,4401.41,4445.63,44.220000000000255
2026-09-09 13:07:00+00:00,4403.04,4447.23,44.1899999999996
2026-09-09 13:08:00+00:00,4401.75,4445.93,44.18000000000029
2026-09-09 13:09:00+00:00,4403.12,4447.43,44.3100000000004
2026-09-09 13:10:00+00:00,4404.08,4448.23,44.149999999999636
2026-09-09 13:11:00+00:00,4403.01,4447.23,44.219999999999345
2026-09-09 13:12:00+00:00,4400.48,4444.78,44.30000000000018
2026-09-09 13:13:00+00:00,4399.95,4444.08,44.13000000000011
2026-09-09 13:14:00+00:00,4399.21,4443.43,44.220000000000255
2026-09-09 13:15:00+00:00,4398.7,4442.93,44.23000000000047
2026-09-09 13:16:00+00:00,4397.78,4442.08,44.30000000000018
2026-09-09 13:17:00+00:00,4397.84,4441.93,44.090000000000146
2026-09-09 13:18:00+00:00,4397.45,4441.63,44.18000000000029
2026-09-09 13:19:00+00:00,4396.6,4440.63,44.029999999999745
2026-09-09 13:20:00+00:00,4400.23,4444.38,44.150000000000546
2026-09-09 13:21:00+00:00,4399.49,4443.53,44.039999999999964
2026-09-09 13:22:00+00:00,4398.19,4442.33,44.14000000000033
2026-09-09 13:23:00+00:00,4396.79,4440.83,44.039999999999964
2026-09-09 13:24:00+00:00,4396.95,4441.18,44.23000000000047
2026-09-09 13:25:00+00:00,4394.8,4439.13,44.32999999999993
2026-09-09 13:26:00+00:00,4394.58,4439.13,44.55000000000018
2026-09-09 13:27:00+00:00,4394.88,4439.23,44.349999999999454
2026-09-09 13:28:00+00:00,4394.81,4439.08,44.26999999999953
2026-09-09 13:29:00+00:00,4393.54,4437.98,44.4399999999996
2026-09-09 13:30:00+00:00,4392.8,4436.73,43.92999999999938
2026-09-09 13:31:00+00:00,4393.16,4437.28,44.11999999999989
2026-09-09 13:32:00+00:00,4395.4,4439.43,44.030000000000655
2026-09-09 13:33:00+00:00,4396.04,4440.18,44.14000000000033
2026-09-09 13:34:00+00:00,4396.34,4440.43,44.090000000000146
2026-09-09 13:35:00+00:00,4395.78,4439.98,44.19999999999982
2026-09-09 13:36:00+00:00,4396.95,4440.93,43.98000000000047
2026-09-09 13:37:00+00:00,4394.86,4439.03,44.17000000000007
2026-09-09 13:38:00+00:00,4393.3,4437.63,44.32999999999993
2026-09-09 13:39:00+00:00,4391.19,4435.43,44.24000000000069
2026-09-09 13:40:00+00:00,4392.5,4436.63,44.13000000000011
2026-09-09 13:41:00+00:00,4392.93,4437.03,44.099999999999454
2026-09-09 13:42:00+00:00,4392.44,4436.53,44.090000000000146
2026-09-09 13:43:00+00:00,4393.88,4438.03,44.149999999999636
2026-09-09 13:44:00+00:00,4395.38,4439.48,44.099999999999454
2026-09-09 13:45:00+00:00,4398.87,4442.93,44.0600000000004
2026-09-09 13:46:00+00:00,4398.31,4442.53,44.219999999999345
2026-09-09 13:47:00+00:00,4398.77,4442.93,44.159999999999854
2026-09-09 13:48:00+00:00,4398.45,4442.63,44.18000000000029
2026-09-09 13:49:00+00:00,4397.34,4441.58,44.23999999999978
2026-09-09 13:50:00+00:00,4397.12,4441.28,44.159999999999854
2026-09-09 13:51:00+00:00,4396.52,4440.63,44.10999999999967
2026-09-09 13:52:00+00:00,4398.05,4442.03,43.97999999999956
2026-09-09 13:53:00+00:00,4397.05,4441.13,44.07999999999993
2026-09-09 13:54:00+00:00,4398.52,4442.73,44.20999999999913
2026-09-09 13:55:00+00:00,4398.92,4443.23,44.30999999999949
2026-09-09 13:56:00+00:00,4400.18,4444.43,44.25
2026-09-09 13:57:00+00:00,4402.06,4446.18,44.11999999999989
2026-09-09 13:58:00+00:00,4401.35,4445.63,44.279999999999745
2026-09-09 13:59:00+00:00,4400.15,4444.18,44.030000000000655
2026-09-09 14:00:00+00:00,4404.69,4448.78,44.090000000000146
2026-09-09 14:01:00+00:00,4403.71,4448.28,44.56999999999971
2026-09-09 14:02:00+00:00,4407.11,4451.33,44.220000000000255
2026-09-09 14:03:00+00:00,4404.98,4449.18,44.20000000000073
2026-09-09 14:04:00+00:00,4407.06,4451.43,44.36999999999989
2026-09-09 14:05:00+00:00,4408.44,4452.53,44.090000000000146
2026-09-09 14:06:00+00:00,4409.63,4453.78,44.149999999999636
2026-09-09 14:07:00+00:00,4408.85,4453.03,44.17999999999938
2026-09-09 14:08:00+00:00,4408.36,4452.73,44.36999999999989
2026-09-09 14:09:00+00:00,4409.81,4454.03,44.219999999999345
2026-09-09 14:10:00+00:00,4411.04,4455.43,44.39000000000033
2026-09-09 14:11:00+00:00,4410.95,4455.28,44.32999999999993
2026-09-09 14:12:00+00:00,4411.87,4456.23,44.35999999999967
2026-09-09 14:13:00+00:00,4411.93,4456.28,44.349999999999454
2026-09-09 14:14:00+00:00,4413.3,4457.53,44.22999999999956
2026-09-09 14:15:00+00:00,4412.63,4457.03,44.399999999999636
2026-09-09 14:16:00+00:00,4411.0,4455.23,44.22999999999956
2026-09-09 14:17:00+00:00,4412.47,4456.68,44.210000000000036
2026-09-09 14:18:00+00:00,4413.43,4457.53,44.099999999999454
2026-09-09 14:19:00+00:00,4417.39,4461.63,44.23999999999978
2026-09-09 14:20:00+00:00,4417.48,4461.73,44.25
2026-09-09 14:21:00+00:00,4417.99,4462.13,44.14000000000033
2026-09-09 14:22:00+00:00,4419.25,4463.53,44.279999999999745
2026-09-09 14:23:00+00:00,4423.17,4467.48,44.30999999999949
2026-09-09 14:24:00+00:00,4427.58,4471.98,44.399999999999636
2026-09-09 14:25:00+00:00,4426.3,4470.78,44.47999999999956
2026-09-09 14:26:00+00:00,4426.44,4471.03,44.590000000000146
2026-09-09 14:27:00+00:00,4428.08,4472.58,44.5
2026-09-09 14:28:00+00:00,4428.26,4473.03,44.76999999999953
2026-09-09 14:29:00+00:00,4429.37,4474.18,44.8100000000004
2026-09-09 14:30:00+00:00,4431.88,4476.53,44.649999999999636
2026-09-09 14:31:00+00:00,4430.21,4474.88,44.67000000000007
2026-09-09 14:32:00+00:00,4429.54,4474.03,44.48999999999978
2026-09-09 14:33:00+00:00,4432.48,4477.03,44.55000000000018
2026-09-09 14:34:00+00:00,4430.77,4475.43,44.659999999999854
2026-09-09 14:35:00+00:00,4427.84,4472.38,44.539999999999964
2026-09-09 14:36:00+00:00,4426.6,4471.13,44.529999999999745
2026-09-09 14:37:00+00:00,4425.92,4470.38,44.460000000000036
2026-09-09 14:38:00+00:00,4426.25,4470.58,44.32999999999993
2026-09-09 14:39:00+00:00,4421.48,4465.63,44.150000000000546
2026-09-09 14:40:00+00:00,4420.11,4464.13,44.02000000000044
2026-09-09 14:41:00+00:00,4418.32,4462.43,44.11000000000058
2026-09-09 14:42:00+00:00,4414.91,4458.88,43.970000000000255
2026-09-09 14:43:00+00:00,4414.97,4459.13,44.159999999999854
2026-09-09 14:44:00+00:00,4417.41,4461.33,43.92000000000007
2026-09-09 14:45:00+00:00,4416.99,4461.13,44.14000000000033
2026-09-09 14:46:00+00:00,4420.26,4464.53,44.26999999999953
2026-09-09 14:47:00+00:00,4419.13,4463.33,44.19999999999982
2026-09-09 14:48:00+00:00,4418.83,4463.08,44.25
2026-09-09 14:49:00+00:00,4421.34,4465.58,44.23999999999978
2026-09-09 14:50:00+00:00,4421.64,4465.83,44.1899999999996
2026-09-09 14:51:00+00:00,4420.45,4464.73,44.279999999999745
2026-09-09 14:52:00+00:00,4418.12,4462.43,44.3100000000004
2026-09-09 14:53:00+00:00,4418.46,4462.63,44.17000000000007
2026-09-09 14:54:00+00:00,4416.28,4460.63,44.350000000000364
2026-09-09 14:55:00+00:00,4413.29,4457.53,44.23999999999978
2026-09-09 14:56:00+00:00,4412.6,4456.78,44.17999999999938
2026-09-09 14:57:00+00:00,4412.62,4456.83,44.210000000000036
2026-09-09 14:58:00+00:00,4412.67,4456.63,43.960000000000036
2026-09-09 14:59:00+00:00,4415.21,4459.23,44.01999999999953
2026-09-09 15:00:00+00:00,4416.47,4460.73,44.25999999999931
2026-09-09 15:01:00+00:00,4418.14,4462.13,43.98999999999978
2026-09-09 15:02:00+00:00,4420.74,4464.73,43.98999999999978
2026-09-09 15:03:00+00:00,4423.84,4468.03,44.1899999999996
2026-09-09 15:04:00+00:00,4423.5,4467.68,44.18000000000029
2026-09-09 15:05:00+00:00,4425.82,4469.93,44.11000000000058
2026-09-09 15:06:00+00:00,4424.36,4468.58,44.220000000000255
2026-09-09 15:07:00+00:00,4423.35,4467.73,44.3799999999992
2026-09-09 15:08:00+00:00,4422.66,4466.83,44.17000000000007
2026-09-09 15:09:00+00:00,4422.07,4466.13,44.0600000000004
2026-09-09 15:10:00+00:00,4421.64,4465.98,44.339999999999236
2026-09-09 15:11:00+00:00,4421.09,4465.33,44.23999999999978
2026-09-09 15:12:00+00:00,4418.22,4462.43,44.210000000000036
2026-09-09 15:13:00+00:00,4418.98,4463.33,44.350000000000364
2026-09-09 15:14:00+00:00,4423.3,4467.43,44.13000000000011
2026-09-09 15:15:00+00:00,4420.48,4464.53,44.05000000000018
2026-09-09 15:16:00+00:00,4416.35,4460.53,44.17999999999938
2026-09-09 15:17:00+00:00,4418.9,4462.83,43.93000000000029
2026-09-09 15:18:00+00:00,4417.39,4461.23,43.839999999999236
2026-09-09 15:19:00+00:00,4417.03,4460.93,43.900000000000546
2026-09-09 15:20:00+00:00,4414.56,4458.38,43.81999999999971
2026-09-09 15:21:00+00:00,4413.56,4457.43,43.86999999999989
2026-09-09 15:22:00+00:00,4413.71,4457.43,43.720000000000255
2026-09-09 15:23:00+00:00,4414.84,4458.83,43.98999999999978
2026-09-09 15:24:00+00:00,4410.03,4453.78,43.75
2026-09-09 15:25:00+00:00,4416.41,4460.33,43.92000000000007
2026-09-09 15:26:00+00:00,4419.84,4463.68,43.840000000000146
2026-09-09 15:27:00+00:00,4420.95,4464.93,43.98000000000047
2026-09-09 15:28:00+00:00,4423.75,4467.88,44.13000000000011
2026-09-09 15:29:00+00:00,4425.85,4469.93,44.07999999999993
2026-09-09 15:30:00+00:00,4423.85,4468.08,44.22999999999956
2026-09-09 15:31:00+00:00,4423.03,4467.38,44.350000000000364
2026-09-09 15:32:00+00:00,4422.53,4466.68,44.150000000000546
2026-09-09 15:33:00+00:00,4422.17,4466.53,44.35999999999967
2026-09-09 15:34:00+00:00,4422.46,4466.68,44.220000000000255
2026-09-09 15:35:00+00:00,4424.66,4468.88,44.220000000000255
2026-09-09 15:36:00+00:00,4425.18,4469.28,44.099999999999454
2026-09-09 15:37:00+00:00,4423.37,4467.48,44.10999999999967
2026-09-09 15:38:00+00:00,4423.71,4467.93,44.220000000000255
2026-09-09 15:39:00+00:00,4425.96,4470.33,44.36999999999989
2026-09-09 15:40:00+00:00,4424.04,4468.43,44.39000000000033
2026-09-09 15:41:00+00:00,4423.99,4468.23,44.23999999999978
2026-09-09 15:42:00+00:00,4422.23,4466.43,44.20000000000073
2026-09-09 15:43:00+00:00,4420.33,4464.63,44.30000000000018
2026-09-09 15:44:00+00:00,4418.78,4463.13,44.350000000000364
2026-09-09 15:45:00+00:00,4420.61,4464.83,44.220000000000255
2026-09-09 15:46:00+00:00,4420.36,4464.53,44.17000000000007
2026-09-09 15:47:00+00:00,4422.28,4466.48,44.19999999999982
2026-09-09 15:48:00+00:00,4421.07,4465.43,44.36000000000058
2026-09-09 15:49:00+00:00,4420.6,4464.83,44.22999999999956
2026-09-09 15:50:00+00:00,4422.12,4466.33,44.210000000000036
2026-09-09 15:51:00+00:00,4421.88,4466.03,44.149999999999636
2026-09-09 15:52:00+00:00,4419.93,4464.13,44.19999999999982
2026-09-09 15:53:00+00:00,4420.18,4464.48,44.29999999999927
2026-09-09 15:54:00+00:00,4419.37,4463.73,44.35999999999967
2026-09-09 15:55:00+00:00,4416.61,4461.03,44.42000000000007
2026-09-09 15:56:00+00:00,4416.38,4460.63,44.25
2026-09-09 15:57:00+00:00,4417.18,4461.48,44.29999999999927
2026-09-09 15:58:00+00:00,4417.51,4461.83,44.31999999999971
2026-09-09 15:59:00+00:00,4418.66,4463.13,44.470000000000255
2026-09-09 16:00:00+00:00,4428.35,4473.18,44.82999999999993
2026-09-09 16:01:00+00:00,4406.83,4451.83,45.0
2026-09-09 16:02:00+00:00,4400.46,4445.08,44.61999999999989
2026-09-09 16:03:00+00:00,4401.98,4446.63,44.650000000000546
2026-09-09 16:04:00+00:00,4394.9,4439.58,44.68000000000029
2026-09-09 16:05:00+00:00,4383.67,4428.13,44.460000000000036
2026-09-09 16:06:00+00:00,4386.26,4430.63,44.36999999999989
2026-09-09 16:07:00+00:00,4394.7,4439.18,44.48000000000047
2026-09-09 16:08:00+00:00,4395.04,4439.43,44.39000000000033
2026-09-09 16:09:00+00:00,4391.16,4435.58,44.42000000000007
2026-09-09 16:10:00+00:00,4390.17,4434.53,44.35999999999967
2026-09-09 16:11:00+00:00,4383.62,4428.03,44.409999999999854
2026-09-09 16:12:00+00:00,4382.93,4427.28,44.349999999999454
2026-09-09 16:13:00+00:00,4386.14,4430.43,44.289999999999964
2026-09-09 16:14:00+00:00,4389.86,4434.08,44.220000000000255
2026-09-09 16:15:00+00:00,4389.55,4433.93,44.38000000000011
2026-09-09 16:16:00+00:00,4391.45,4435.78,44.32999999999993
2026-09-09 16:17:00+00:00,4386.39,4430.78,44.38999999999942
2026-09-09 16:18:00+00:00,4384.01,4428.33,44.31999999999971
2026-09-09 16:19:00+00:00,4384.88,4428.98,44.099999999999454
2026-09-09 16:20:00+00:00,4386.82,4431.13,44.3100000000004
2026-09-09 16:21:00+00:00,4382.29,4426.53,44.23999999999978
2026-09-09 16:22:00+00:00,4376.49,4420.63,44.14000000000033
2026-09-09 16:23:00+00:00,4379.65,4423.68,44.030000000000655
2026-09-09 16:24:00+00:00,4383.24,4427.48,44.23999999999978
2026-09-09 16:25:00+00:00,4389.32,4433.43,44.11000000000058
2026-09-09 16:26:00+00:00,4389.68,4433.78,44.099999999999454
2026-09-09 16:27:00+00:00,4390.77,4434.93,44.159999999999854
2026-09-09 16:28:00+00:00,4393.34,4437.38,44.039999999999964
2026-09-09 16:29:00+00:00,4394.45,4438.78,44.32999999999993
2026-09-09 16:30:00+00:00,4397.11,4441.28,44.17000000000007
2026-09-09 16:31:00+00:00,4393.05,4437.08,44.029999999999745
2026-09-09 16:32:00+00:00,4397.72,4441.78,44.05999999999949
2026-09-09 16:33:00+00:00,4398.15,4442.38,44.23000000000047
2026-09-09 16:34:00+00:00,4401.23,4445.33,44.100000000000364
2026-09-09 16:35:00+00:00,4402.53,4446.48,43.94999999999982
2026-09-09 16:36:00+00:00,4406.85,4451.08,44.22999999999956
2026-09-09 16:37:00+00:00,4402.64,4446.83,44.1899999999996
2026-09-09 16:38:00+00:00,4401.59,4445.73,44.13999999999942
2026-09-09 16:39:00+00:00,4406.36,4450.93,44.57000000000062
2026-09-09 16:40:00+00:00,4402.38,4446.38,44.0
2026-09-09 16:41:00+00:00,4402.39,4446.53,44.13999999999942
2026-09-09 16:42:00+00:00,4401.74,4445.88,44.14000000000033
2026-09-09 16:43:00+00:00,4403.35,4447.58,44.22999999999956
2026-09-09 16:44:00+00:00,4402.97,4447.13,44.159999999999854
2026-09-09 16:45:00+00:00,4402.88,4447.08,44.19999999999982
2026-09-09 16:46:00+00:00,4404.19,4448.43,44.24000000000069
2026-09-09 16:47:00+00:00,4401.92,4446.08,44.159999999999854
2026-09-09 16:48:00+00:00,4400.59,4444.73,44.13999999999942
2026-09-09 16:49:00+00:00,4402.23,4446.28,44.05000000000018
2026-09-09 16:50:00+00:00,4405.99,4449.98,43.98999999999978
2026-09-09 16:51:00+00:00,4405.11,4449.23,44.11999999999989
2026-09-09 16:52:00+00:00,4401.31,4445.38,44.06999999999971
2026-09-09 16:53:00+00:00,4401.05,4445.13,44.07999999999993
2026-09-09 16:54:00+00:00,4401.35,4445.43,44.07999999999993
2026-09-09 16:55:00+00:00,4399.87,4443.83,43.960000000000036
2026-09-09 16:56:00+00:00,4400.24,4444.28,44.039999999999964
2026-09-09 16:57:00+00:00,4398.86,4442.93,44.07000000000062
2026-09-09 16:58:00+00:00,4399.61,4443.73,44.11999999999989
2026-09-09 16:59:00+00:00,4398.5,4442.53,44.029999999999745
2026-09-09 17:00:00+00:00,4398.34,4442.48,44.13999999999942
2026-09-09 17:01:00+00:00,4398.12,4442.23,44.10999999999967
2026-09-09 17:02:00+00:00,4399.97,4444.08,44.10999999999967
2026-09-09 17:03:00+00:00,4401.92,4445.93,44.01000000000022
2026-09-09 17:04:00+00:00,4402.65,4446.83,44.18000000000029
2026-09-09 17:05:00+00:00,4400.74,4444.93,44.19000000000051
2026-09-09 17:06:00+00:00,4399.5,4443.73,44.22999999999956
2026-09-09 17:07:00+00:00,4397.6,4441.93,44.32999999999993
2026-09-09 17:08:00+00:00,4396.36,4440.58,44.220000000000255
2026-09-09 17:09:00+00:00,4395.58,4439.98,44.399999999999636
2026-09-09 17:10:00+00:00,4395.95,4440.33,44.38000000000011
2026-09-09 17:11:00+00:00,4395.93,4440.33,44.399999999999636
2026-09-09 17:12:00+00:00,4396.15,4440.43,44.280000000000655
2026-09-09 17:13:00+00:00,4398.48,4442.78,44.30000000000018
2026-09-09 17:14:00+00:00,4397.98,4442.18,44.20000000000073
2026-09-09 17:15:00+00:00,4395.89,4439.93,44.039999999999964
2026-09-09 17:16:00+00:00,4394.51,4438.63,44.11999999999989
2026-09-09 17:17:00+00:00,4392.83,4437.08,44.25
2026-09-09 17:18:00+00:00,4391.99,4436.18,44.19000000000051
2026-09-09 17:19:00+00:00,4393.46,4437.73,44.26999999999953
2026-09-09 17:20:00+00:00,4393.83,4438.08,44.25
2026-09-09 17:21:00+00:00,4395.5,4439.78,44.279999999999745
2026-09-09 17:22:00+00:00,4394.96,4439.23,44.26999999999953
2026-09-09 17:23:00+00:00,4395.42,4440.43,45.01000000000022
2026-09-09 17:24:00+00:00,4398.58,4442.93,44.350000000000364
2026-09-09 17:25:00+00:00,4401.72,4446.03,44.30999999999949
2026-09-09 17:26:00+00:00,4400.59,4445.13,44.539999999999964
2026-09-09 17:27:00+00:00,4401.16,4446.53,45.36999999999989
2026-09-09 17:28:00+00:00,4400.35,4444.58,44.22999999999956
2026-09-09 17:29:00+00:00,4401.57,4446.08,44.51000000000022
2026-09-09 17:30:00+00:00,4399.97,4444.38,44.409999999999854
2026-09-09 17:31:00+00:00,4401.34,4445.83,44.48999999999978
2026-09-09 17:32:00+00:00,4403.1,4447.68,44.57999999999993
2026-09-09 17:33:00+00:00,4403.06,4447.53,44.469999999999345
2026-09-09 17:34:00+00:00,4402.57,4447.23,44.659999999999854
2026-09-09 17:35:00+00:00,4401.92,4446.43,44.51000000000022
2026-09-09 17:36:00+00:00,4401.27,4445.78,44.50999999999931
2026-09-09 17:37:00+00:00,4399.61,4444.18,44.57000000000062
2026-09-09 17:38:00+00:00,4400.69,4445.13,44.44000000000051
2026-09-09 17:39:00+00:00,4404.02,4448.68,44.659999999999854
2026-09-09 17:40:00+00:00,4403.41,4447.98,44.56999999999971
2026-09-09 17:41:00+00:00,4404.16,4448.78,44.61999999999989
2026-09-09 17:42:00+00:00,4405.39,4450.03,44.63999999999942
2026-09-09 17:43:00+00:00,4406.95,4451.53,44.57999999999993
2026-09-09 17:44:00+00:00,4407.36,4452.03,44.67000000000007
2026-09-09 17:45:00+00:00,4407.53,4452.13,44.600000000000364
2026-09-09 17:46:00+00:00,4408.01,4452.73,44.719999999999345
2026-09-09 17:47:00+00:00,4408.27,4453.03,44.75999999999931
2026-09-09 17:48:00+00:00,4406.89,4451.63,44.73999999999978
2026-09-09 17:49:00+00:00,4407.02,4451.68,44.659999999999854
2026-09-09 17:50:00+00:00,4407.17,4451.88,44.710000000000036
2026-09-09 17:51:00+00:00,4406.48,4451.13,44.650000000000546
2026-09-09 17:52:00+00:00,4406.25,4450.83,44.57999999999993
2026-09-09 17:53:00+00:00,4406.34,4450.93,44.590000000000146
2026-09-09 17:54:00+00:00,4407.4,4452.03,44.63000000000011
2026-09-09 17:55:00+00:00,4407.09,4451.83,44.73999999999978
2026-09-09 17:56:00+00:00,4408.11,4452.83,44.720000000000255
2026-09-09 17:57:00+00:00,4408.61,4453.33,44.720000000000255
2026-09-09 17:58:00+00:00,4409.07,4453.83,44.76000000000022
2026-09-09 17:59:00+00:00,4409.73,4454.43,44.70000000000073
2026-09-09 18:00:00+00:00,4410.66,4455.38,44.720000000000255
2026-09-09 18:01:00+00:00,4410.2,4454.93,44.73000000000047
2026-09-09 18:02:00+00:00,4413.43,4458.18,44.75
2026-09-09 18:03:00+00:00,4412.23,4456.78,44.55000000000018
2026-09-09 18:04:00+00:00,4413.01,4457.63,44.61999999999989
2026-09-09 18:05:00+00:00,4415.56,4460.28,44.719999999999345
2026-09-09 18:06:00+00:00,4418.2,4462.93,44.73000000000047
2026-09-09 18:07:00+00:00,4418.34,4463.08,44.73999999999978
2026-09-09 18:08:00+00:00,4418.66,4463.53,44.86999999999989
2026-09-09 18:09:00+00:00,4418.5,4463.23,44.72999999999956
2026-09-09 18:10:00+00:00,4417.83,4462.73,44.899999999999636
2026-09-09 18:11:00+00:00,4417.23,4462.13,44.900000000000546
2026-09-09 18:12:00+00:00,4415.94,4460.78,44.840000000000146
2026-09-09 18:13:00+00:00,4417.42,4462.23,44.80999999999949
2026-09-09 18:14:00+00:00,4416.69,4461.63,44.94000000000051
2026-09-09 18:15:00+00:00,4416.43,4461.23,44.79999999999927
2026-09-09 18:16:00+00:00,4416.59,4461.38,44.789999999999964
2026-09-09 18:17:00+00:00,4417.62,4462.33,44.710000000000036
2026-09-09 18:18:00+00:00,4418.34,4463.13,44.789999999999964
2026-09-09 18:19:00+00:00,4416.16,4461.13,44.970000000000255
2026-09-09 18:20:00+00:00,4417.15,4462.13,44.98000000000047
2026-09-09 18:21:00+00:00,4418.11,4463.08,44.970000000000255
2026-09-09 18:22:00+00:00,4418.25,4463.18,44.93000000000029
2026-09-09 18:23:00+00:00,4417.88,4462.93,45.05000000000018
2026-09-09 18:24:00+00:00,4418.21,4463.13,44.92000000000007
2026-09-09 18:25:00+00:00,4419.4,4464.28,44.88000000000011
2026-09-09 18:26:00+00:00,4419.5,4464.43,44.93000000000029
2026-09-09 18:27:00+00:00,4419.49,4464.43,44.94000000000051
2026-09-09 18:28:00+00:00,4416.79,4461.83,45.039999999999964
2026-09-09 18:29:00+00:00,4414.9,4459.78,44.88000000000011
2026-09-09 18:30:00+00:00,4414.2,4459.18,44.98000000000047
2026-09-09 18:31:00+00:00,4413.51,4458.58,45.06999999999971
2026-09-09 18:32:00+00:00,4413.18,4458.13,44.94999999999982
2026-09-09 18:33:00+00:00,4413.6,4458.58,44.97999999999956
2026-09-09 18:34:00+00:00,4412.73,4457.73,45.0
2026-09-09 18:35:00+00:00,4413.01,4457.83,44.81999999999971
2026-09-09 18:36:00+00:00,4413.12,4457.88,44.76000000000022
2026-09-09 18:37:00+00:00,4413.08,4457.88,44.80000000000018
2026-09-09 18:38:00+00:00,4412.97,4457.93,44.960000000000036
2026-09-09 18:39:00+00:00,4413.32,4458.08,44.76000000000022
2026-09-09 18:40:00+00:00,4415.75,4460.58,44.82999999999993
2026-09-09 18:41:00+00:00,4416.41,4461.28,44.86999999999989
2026-09-09 18:42:00+00:00,4416.36,4461.18,44.82000000000062
2026-09-09 18:43:00+00:00,4413.54,4458.48,44.9399999999996
2026-09-09 18:44:00+00:00,4413.53,4458.48,44.94999999999982
2026-09-09 18:45:00+00:00,4413.61,4458.43,44.82000000000062
2026-09-09 18:46:00+00:00,4414.9,4459.78,44.88000000000011
2026-09-09 18:47:00+00:00,4413.99,4459.13,45.14000000000033
2026-09-09 18:48:00+00:00,4413.84,4459.03,45.1899999999996
2026-09-09 18:49:00+00:00,4413.55,4458.68,45.13000000000011
2026-09-09 18:50:00+00:00,4414.59,4459.68,45.090000000000146
2026-09-09 18:51:00+00:00,4414.62,4459.83,45.210000000000036
2026-09-09 18:52:00+00:00,4414.91,4460.13,45.220000000000255
2026-09-09 18:53:00+00:00,4415.37,4460.53,45.159999999999854
2026-09-09 18:54:00+00:00,4415.11,4460.28,45.17000000000007
2026-09-09 18:55:00+00:00,4415.72,4460.83,45.10999999999967
2026-09-09 18:56:00+00:00,4415.32,4460.48,45.159999999999854
2026-09-09 18:57:00+00:00,4416.03,4461.28,45.25
2026-09-09 18:58:00+00:00,4416.64,4461.78,45.13999999999942
2026-09-09 18:59:00+00:00,4415.96,4461.18,45.220000000000255
2026-09-09 19:00:00+00:00,4417.75,4462.83,45.07999999999993
2026-09-09 19:01:00+00:00,4417.5,4462.48,44.97999999999956
2026-09-09 19:02:00+00:00,4416.73,4461.93,45.20000000000073
2026-09-09 19:03:00+00:00,4417.51,4462.73,45.219999999999345
2026-09-09 19:04:00+00:00,4418.41,4463.58,45.17000000000007
2026-09-09 19:05:00+00:00,4417.74,4462.73,44.98999999999978
2026-09-09 19:06:00+00:00,4418.33,4463.38,45.05000000000018
2026-09-09 19:07:00+00:00,4416.4,4461.43,45.030000000000655
2026-09-09 19:08:00+00:00,4416.13,4460.98,44.849999999999454
2026-09-09 19:09:00+00:00,4418.23,4463.23,45.0
2026-09-09 19:10:00+00:00,4417.89,4462.98,45.089999999999236
2026-09-09 19:11:00+00:00,4419.22,4464.08,44.85999999999967
2026-09-09 19:12:00+00:00,4421.06,4466.13,45.06999999999971
2026-09-09 19:13:00+00:00,4421.01,4465.98,44.969999999999345
2026-09-09 19:14:00+00:00,4420.35,4465.43,45.07999999999993
2026-09-09 19:15:00+00:00,4419.89,4465.03,45.13999999999942
2026-09-09 19:16:00+00:00,4419.57,4464.53,44.960000000000036
2026-09-09 19:17:00+00:00,4420.35,4465.33,44.97999999999956
2026-09-09 19:18:00+00:00,4419.91,4464.98,45.06999999999971
2026-09-09 19:19:00+00:00,4419.14,4464.18,45.039999999999964
2026-09-09 19:20:00+00:00,4418.87,4463.83,44.960000000000036
2026-09-09 19:21:00+00:00,4419.33,4464.43,45.100000000000364
2026-09-09 19:22:00+00:00,4419.02,4464.13,45.10999999999967
2026-09-09 19:23:00+00:00,4417.46,4462.43,44.970000000000255
2026-09-09 19:24:00+00:00,4417.62,4462.63,45.01000000000022
2026-09-09 19:25:00+00:00,4417.82,4462.78,44.960000000000036
2026-09-09 19:26:00+00:00,4417.1,4462.18,45.07999999999993
2026-09-09 19:27:00+00:00,4417.36,4462.48,45.11999999999989
2026-09-09 19:28:00+00:00,4416.82,4461.88,45.0600000000004
2026-09-09 19:29:00+00:00,4417.79,4462.93,45.14000000000033
2026-09-09 19:30:00+00:00,4416.67,4461.78,45.10999999999967
2026-09-09 19:31:00+00:00,4414.85,4459.88,45.029999999999745
2026-09-09 19:32:00+00:00,4415.56,4460.48,44.91999999999916
2026-09-09 19:33:00+00:00,4415.88,4460.88,45.0
2026-09-09 19:34:00+00:00,4415.03,4460.08,45.05000000000018
2026-09-09 19:35:00+00:00,4414.77,4459.88,45.10999999999967
2026-09-09 19:36:00+00:00,4414.62,4459.63,45.01000000000022
2026-09-09 19:37:00+00:00,4414.05,4459.13,45.07999999999993
2026-09-09 19:38:00+00:00,4414.89,4459.98,45.089999999999236
2026-09-09 19:39:00+00:00,4415.04,4460.08,45.039999999999964
2026-09-09 19:40:00+00:00,4416.27,4461.23,44.95999999999913
2026-09-09 19:41:00+00:00,4412.21,4457.33,45.11999999999989
2026-09-09 19:42:00+00:00,4410.32,4455.23,44.909999999999854
2026-09-09 19:43:00+00:00,4410.78,4455.63,44.850000000000364
2026-09-09 19:44:00+00:00,4409.92,4454.83,44.909999999999854
2026-09-09 19:45:00+00:00,4409.53,4454.63,45.100000000000364
2026-09-09 19:46:00+00:00,4409.26,4454.23,44.969999999999345
2026-09-09 19:47:00+00:00,4407.93,4453.03,45.099999999999454
2026-09-09 19:48:00+00:00,4407.11,4452.13,45.02000000000044
2026-09-09 19:49:00+00:00,4406.56,4451.58,45.01999999999953
2026-09-09 19:50:00+00:00,4407.64,4452.43,44.789999999999964
2026-09-09 19:51:00+00:00,4406.69,4451.73,45.039999999999964
2026-09-09 19:52:00+00:00,4405.68,4450.73,45.04999999999927
2026-09-09 19:53:00+00:00,4405.95,4451.03,45.07999999999993
2026-09-09 19:54:00+00:00,4405.63,4450.83,45.19999999999982
2026-09-09 19:55:00+00:00,4406.24,4451.13,44.89000000000033
2026-09-09 19:56:00+00:00,4403.22,4448.08,44.85999999999967
2026-09-09 19:57:00+00:00,4402.42,4447.33,44.909999999999854
2026-09-09 19:58:00+00:00,4401.84,4446.83,44.98999999999978
2026-09-09 19:59:00+00:00,4403.24,4448.13,44.89000000000033
2026-09-09 20:00:00+00:00,4403.31,4448.23,44.91999999999916
2026-09-09 20:01:00+00:00,4399.38,4444.48,45.099999999999454
2026-09-09 20:02:00+00:00,4397.27,4442.43,45.159999999999854
2026-09-09 20:03:00+00:00,4398.57,4443.68,45.11000000000058
2026-09-09 20:04:00+00:00,4398.45,4443.63,45.18000000000029
2026-09-09 20:05:00+00:00,4397.74,4442.88,45.14000000000033
2026-09-09 20:06:00+00:00,4398.17,4443.33,45.159999999999854
2026-09-09 20:07:00+00:00,4399.11,4444.38,45.27000000000044
2026-09-09 20:08:00+00:00,4398.92,4444.13,45.210000000000036
2026-09-09 20:09:00+00:00,4399.27,4444.53,45.25999999999931
2026-09-09 20:10:00+00:00,4398.72,4444.03,45.30999999999949
2026-09-09 20:11:00+00:00,4398.93,4444.23,45.29999999999927
2026-09-09 20:12:00+00:00,4397.76,4443.13,45.36999999999989
2026-09-09 20:13:00+00:00,4398.45,4443.83,45.38000000000011
2026-09-09 20:14:00+00:00,4400.37,4445.68,45.3100000000004
2026-09-09 20:15:00+00:00,4400.21,4445.53,45.31999999999971
2026-09-09 20:16:00+00:00,4399.21,4444.63,45.42000000000007
2026-09-09 20:17:00+00:00,4399.52,4444.93,45.409999999999854
2026-09-09 20:18:00+00:00,4401.51,4446.78,45.26999999999953
2026-09-09 20:19:00+00:00,4401.99,4447.28,45.289999999999964
2026-09-09 20:20:00+00:00,4402.43,4447.83,45.399999999999636
2026-09-09 20:21:00+00:00,4403.71,4448.93,45.220000000000255
2026-09-09 20:22:00+00:00,4404.11,4449.43,45.32000000000062
2026-09-09 20:23:00+00:00,4404.68,4450.13,45.44999999999982
2026-09-09 20:24:00+00:00,4404.46,4449.93,45.470000000000255
2026-09-09 20:25:00+00:00,4404.44,4449.78,45.340000000000146
2026-09-09 20:26:00+00:00,4402.36,4447.83,45.470000000000255
2026-09-09 20:27:00+00:00,4401.65,4447.23,45.57999999999993
2026-09-09 20:28:00+00:00,4400.68,4446.13,45.44999999999982
2026-09-09 20:29:00+00:00,4399.56,4445.03,45.469999999999345
2026-09-09 20:30:00+00:00,4400.25,4445.63,45.38000000000011
2026-09-09 20:31:00+00:00,4400.35,4445.73,45.3799999999992
2026-09-09 20:32:00+00:00,4399.16,4444.63,45.470000000000255
2026-09-09 20:33:00+00:00,4398.81,4444.33,45.51999999999953
2026-09-09 20:34:00+00:00,4398.88,4444.43,45.55000000000018
2026-09-09 20:35:00+00:00,4397.79,4443.33,45.539999999999964
2026-09-09 20:36:00+00:00,4396.49,4442.03,45.539999999999964
2026-09-09 20:37:00+00:00,4395.8,4441.28,45.47999999999956
2026-09-09 20:38:00+00:00,4396.8,4442.23,45.42999999999938
2026-09-09 20:39:00+00:00,4397.27,4442.83,45.55999999999949
2026-09-09 20:40:00+00:00,4397.2,4442.48,45.279999999999745
2026-09-09 20:41:00+00:00,4396.86,4442.33,45.470000000000255
2026-09-09 20:42:00+00:00,4397.1,4442.48,45.3799999999992
2026-09-09 20:43:00+00:00,4399.38,4444.58,45.19999999999982
2026-09-09 20:44:00+00:00,4399.8,4445.18,45.38000000000011
2026-09-09 20:45:00+00:00,4400.59,4445.83,45.23999999999978
2026-09-09 20:46:00+00:00,4399.89,4445.13,45.23999999999978
2026-09-09 20:47:00+00:00,4399.98,4445.08,45.100000000000364
2026-09-09 20:48:00+00:00,4400.17,4445.63,45.460000000000036
2026-09-09 20:49:00+00:00,4400.33,4445.53,45.19999999999982
2026-09-09 20:50:00+00:00,4397.44,4442.63,45.19000000000051
2026-09-09 20:51:00+00:00,4398.22,4443.43,45.210000000000036
2026-09-09 20:52:00+00:00,4399.06,4444.28,45.219999999999345
2026-09-09 20:53:00+00:00,4399.03,4444.28,45.25
2026-09-09 20:54:00+00:00,4398.95,4443.98,45.029999999999745
2026-09-09 20:55:00+00:00,4399.47,4444.48,45.00999999999931
2026-09-09 20:56:00+00:00,4399.22,4444.23,45.00999999999931
2026-09-09 20:57:00+00:00,4398.02,4443.23,45.20999999999913
2026-09-09 20:58:00+00:00,4398.69,4443.68,44.99000000000069
2026-09-09 20:59:00+00:00,4399.03,4444.23,45.19999999999982
2026-09-09 21:00:00+00:00,4398.63,4443.83,45.19999999999982
2026-09-09 21:01:00+00:00,4397.62,4442.83,45.210000000000036
2026-09-09 21:02:00+00:00,4398.01,4443.13,45.11999999999989
2026-09-09 21:03:00+00:00,4397.26,4442.38,45.11999999999989
2026-09-09 21:04:00+00:00,4396.83,4442.03,45.19999999999982
2026-09-09 21:05:00+00:00,4397.4,4442.58,45.18000000000029
2026-09-09 21:06:00+00:00,4396.9,4442.23,45.32999999999993
2026-09-09 21:07:00+00:00,4396.78,4441.98,45.19999999999982
2026-09-09 21:08:00+00:00,4396.93,4442.13,45.19999999999982
2026-09-09 21:09:00+00:00,4397.02,4442.23,45.20999999999913
2026-09-09 21:10:00+00:00,4397.66,4442.78,45.11999999999989
2026-09-09 21:11:00+00:00,4397.76,4443.03,45.26999999999953
2026-09-09 21:12:00+00:00,4398.01,4443.28,45.26999999999953
2026-09-09 21:13:00+00:00,4397.37,4442.63,45.26000000000022
2026-09-09 21:14:00+00:00,4397.18,4442.53,45.349999999999454
2026-09-09 21:15:00+00:00,4396.48,4441.73,45.25
2026-09-09 21:16:00+00:00,4395.92,4441.23,45.30999999999949
2026-09-09 21:17:00+00:00,4396.02,4441.28,45.25999999999931
2026-09-09 21:18:00+00:00,4396.06,4441.23,45.16999999999916
2026-09-09 21:19:00+00:00,4394.73,4439.73,45.0
2026-09-09 21:20:00+00:00,4394.06,4439.38,45.31999999999971
2026-09-09 21:21:00+00:00,4393.63,4439.08,45.44999999999982
2026-09-09 21:22:00+00:00,4394.7,4440.08,45.38000000000011
2026-09-09 21:23:00+00:00,4394.96,4440.23,45.26999999999953
2026-09-09 21:24:00+00:00,4394.92,4440.33,45.409999999999854
2026-09-09 21:25:00+00:00,4395.74,4441.13,45.39000000000033
2026-09-09 21:26:00+00:00,4395.69,4440.98,45.289999999999964
2026-09-09 21:27:00+00:00,4395.38,4440.63,45.25
2026-09-09 21:28:00+00:00,4393.94,4439.33,45.39000000000033
2026-09-09 21:29:00+00:00,4394.77,4440.08,45.30999999999949
2026-09-09 21:30:00+00:00,4395.57,4440.93,45.36000000000058
2026-09-09 21:31:00+00:00,4397.39,4442.83,45.4399999999996
2026-09-09 21:32:00+00:00,4397.33,4442.63,45.30000000000018
2026-09-09 21:33:00+00:00,4397.47,4442.68,45.210000000000036
2026-09-09 21:34:00+00:00,4397.31,4442.63,45.31999999999971
2026-09-09 21:35:00+00:00,4399.44,4444.93,45.49000000000069
2026-09-09 21:36:00+00:00,4400.55,4446.03,45.47999999999956
2026-09-09 21:37:00+00:00,4399.47,4444.93,45.460000000000036
2026-09-09 21:38:00+00:00,4399.34,4444.73,45.38999999999942
2026-09-09 21:39:00+00:00,4399.59,4444.88,45.289999999999964
2026-09-09 21:40:00+00:00,4399.29,4444.68,45.39000000000033
2026-09-09 21:41:00+00:00,4399.5,4444.93,45.43000000000029
2026-09-09 21:42:00+00:00,4399.62,4445.08,45.460000000000036
2026-09-09 21:43:00+00:00,4399.35,4444.73,45.3799999999992
2026-09-09 21:44:00+00:00,4400.22,4445.53,45.30999999999949
2026-09-09 21:45:00+00:00,4399.98,4445.33,45.350000000000364
2026-09-09 21:46:00+00:00,4400.43,4445.88,45.44999999999982
2026-09-09 21:47:00+00:00,4399.94,4445.48,45.539999999999964
2026-09-09 21:48:00+00:00,4399.54,4445.03,45.48999999999978
2026-09-09 21:49:00+00:00,4400.04,4445.53,45.48999999999978
2026-09-09 21:50:00+00:00,4399.95,4445.43,45.48000000000047
2026-09-09 21:51:00+00:00,4399.64,4445.18,45.539999999999964
2026-09-09 21:52:00+00:00,4399.99,4445.48,45.48999999999978
2026-09-09 21:53:00+00:00,4400.3,4445.78,45.47999999999956
2026-09-09 21:54:00+00:00,4400.32,4445.73,45.409999999999854
2026-09-09 21:55:00+00:00,4400.57,4445.98,45.409999999999854
2026-09-09 21:56:00+00:00,4399.66,4445.13,45.470000000000255
2026-09-09 21:57:00+00:00,4400.72,4446.08,45.35999999999967
2026-09-09 23:01:00+00:00,4405.22,4448.63,43.409999999999854
2026-09-09 23:02:00+00:00,4405.46,4448.63,43.17000000000007
2026-09-09 23:03:00+00:00,4405.5,4449.18,43.68000000000029
2026-09-09 23:04:00+00:00,4405.47,4448.88,43.409999999999854
2026-09-09 23:05:00+00:00,4404.5,4448.03,43.529999999999745
2026-09-09 23:06:00+00:00,4403.76,4447.33,43.56999999999971
2026-09-09 23:07:00+00:00,4403.96,4447.53,43.56999999999971
2026-09-09 23:08:00+00:00,4404.18,4447.88,43.69999999999982
2026-09-09 23:09:00+00:00,4404.8,4448.48,43.67999999999938
2026-09-09 23:10:00+00:00,4402.74,4446.58,43.840000000000146
2026-09-09 23:11:00+00:00,4405.56,4449.38,43.81999999999971
2026-09-09 23:12:00+00:00,4404.92,4448.88,43.960000000000036
2026-09-09 23:13:00+00:00,4403.98,4447.68,43.70000000000073
2026-09-09 23:14:00+00:00,4403.1,4446.83,43.72999999999956
2026-09-09 23:15:00+00:00,4402.99,4446.63,43.64000000000033
2026-09-09 23:16:00+00:00,4402.77,4446.48,43.70999999999913
2026-09-09 23:17:00+00:00,4403.06,4446.88,43.81999999999971
2026-09-09 23:18:00+00:00,4404.39,4448.03,43.63999999999942
2026-09-09 23:19:00+00:00,4403.4,4447.13,43.73000000000047
2026-09-09 23:20:00+00:00,4403.23,4446.88,43.650000000000546
2026-09-09 23:21:00+00:00,4402.67,4446.38,43.710000000000036
2026-09-09 23:22:00+00:00,4402.01,4445.83,43.81999999999971
2026-09-09 23:23:00+00:00,4401.38,4445.63,44.25
2026-09-09 23:24:00+00:00,4401.93,4445.83,43.899999999999636
2026-09-09 23:25:00+00:00,4402.1,4446.03,43.92999999999938
2026-09-09 23:26:00+00:00,4402.05,4445.98,43.92999999999938
2026-09-09 23:27:00+00:00,4401.12,4445.08,43.960000000000036
2026-09-09 23:28:00+00:00,4400.76,4444.73,43.969999999999345
2026-09-09 23:29:00+00:00,4402.54,4446.48,43.9399999999996
2026-09-09 23:30:00+00:00,4402.8,4446.68,43.88000000000011
2026-09-09 23:31:00+00:00,4402.11,4446.03,43.92000000000007
2026-09-09 23:32:00+00:00,4403.75,4447.88,44.13000000000011
2026-09-09 23:33:00+00:00,4402.96,4447.08,44.11999999999989
2026-09-09 23:34:00+00:00,4402.77,4446.88,44.10999999999967
2026-09-09 23:35:00+00:00,4401.2,4445.33,44.13000000000011
2026-09-09 23:36:00+00:00,4400.96,4445.08,44.11999999999989
2026-09-09 23:37:00+00:00,4400.39,4444.53,44.13999999999942
2026-09-09 23:38:00+00:00,4400.47,4444.63,44.159999999999854
2026-09-09 23:39:00+00:00,4400.35,4444.53,44.17999999999938
2026-09-09 23:40:00+00:00,4400.72,4444.98,44.25999999999931
2026-09-09 23:41:00+00:00,4401.02,4445.18,44.159999999999854
2026-09-09 23:42:00+00:00,4400.96,4445.28,44.31999999999971
2026-09-09 23:43:00+00:00,4401.47,4445.78,44.30999999999949
2026-09-09 23:44:00+00:00,4401.45,4445.73,44.279999999999745
2026-09-09 23:45:00+00:00,4400.8,4445.18,44.38000000000011
2026-09-09 23:46:00+00:00,4400.88,4445.18,44.30000000000018
2026-09-09 23:47:00+00:00,4400.05,4444.38,44.32999999999993
2026-09-09 23:48:00+00:00,4398.07,4442.38,44.3100000000004
2026-09-09 23:49:00+00:00,4400.17,4444.33,44.159999999999854
2026-09-09 23:50:00+00:00,4399.87,4443.93,44.0600000000004
2026-09-09 23:51:00+00:00,4399.43,4443.63,44.19999999999982
2026-09-09 23:52:00+00:00,4399.08,4443.18,44.100000000000364
2026-09-09 23:53:00+00:00,4399.05,4443.28,44.22999999999956
2026-09-09 23:54:00+00:00,4398.64,4442.83,44.1899999999996
2026-09-09 23:55:00+00:00,4398.29,4442.53,44.23999999999978
2026-09-09 23:56:00+00:00,4398.05,4442.08,44.029999999999745
2026-09-09 23:57:00+00:00,4397.99,4442.13,44.14000000000033
2026-09-09 23:58:00+00:00,4399.73,4443.83,44.100000000000364
2026-09-09 23:59:00+00:00,4399.67,4443.73,44.05999999999949
2026-09-10 00:00:00+00:00,4401.59,4445.83,44.23999999999978
2026-09-10 00:01:00+00:00,4401.47,4445.63,44.159999999999854
2026-09-10 00:02:00+00:00,4401.88,4445.98,44.099999999999454
2026-09-10 00:03:00+00:00,4402.94,4447.18,44.24000000000069
2026-09-10 00:04:00+00:00,4402.84,4447.03,44.1899999999996
2026-09-10 00:05:00+00:00,4402.37,4446.53,44.159999999999854
2026-09-10 00:06:00+00:00,4400.88,4445.18,44.30000000000018
2026-09-10 00:07:00+00:00,4401.21,4445.33,44.11999999999989
2026-09-10 00:08:00+00:00,4400.28,4444.28,44.0
2026-09-10 00:09:00+00:00,4400.11,4443.98,43.86999999999989
2026-09-10 00:10:00+00:00,4401.13,4445.03,43.899999999999636
2026-09-10 00:11:00+00:00,4401.43,4445.53,44.099999999999454
2026-09-10 00:12:00+00:00,4402.06,4446.18,44.11999999999989
2026-09-10 00:13:00+00:00,4400.79,4444.63,43.840000000000146
2026-09-10 00:14:00+00:00,4400.68,4444.68,44.0
2026-09-10 00:15:00+00:00,4399.9,4443.83,43.93000000000029
2026-09-10 00:16:00+00:00,4399.26,4443.23,43.969999999999345
2026-09-10 00:17:00+00:00,4399.34,4443.03,43.6899999999996
2026-09-10 00:18:00+00:00,4400.74,4445.83,45.090000000000146
2026-09-10 00:19:00+00:00,4400.13,4444.03,43.899999999999636
2026-09-10 00:20:00+00:00,4400.83,4444.63,43.80000000000018
2026-09-10 00:21:00+00:00,4401.0,4444.78,43.779999999999745
2026-09-10 00:22:00+00:00,4400.33,4444.13,43.80000000000018
2026-09-10 00:23:00+00:00,4397.94,4441.93,43.99000000000069
2026-09-10 00:24:00+00:00,4397.59,4441.23,43.63999999999942
2026-09-10 00:25:00+00:00,4398.2,4441.73,43.529999999999745
2026-09-10 00:26:00+00:00,4399.29,4443.08,43.789999999999964
2026-09-10 00:27:00+00:00,4397.05,4440.98,43.92999999999938
2026-09-10 00:28:00+00:00,4396.67,4440.23,43.55999999999949
2026-09-10 00:29:00+00:00,4397.79,4441.33,43.539999999999964
2026-09-10 00:30:00+00:00,4398.29,4441.98,43.6899999999996
2026-09-10 00:31:00+00:00,4397.23,4440.88,43.650000000000546
2026-09-10 00:32:00+00:00,4395.03,4438.73,43.69999999999982
2026-09-10 00:33:00+00:00,4394.84,4438.43,43.590000000000146
2026-09-10 00:34:00+00:00,4394.23,4437.78,43.55000000000018
2026-09-10 00:35:00+00:00,4394.21,4437.78,43.56999999999971
2026-09-10 00:36:00+00:00,4394.85,4438.38,43.529999999999745
2026-09-10 00:37:00+00:00,4394.28,4437.98,43.69999999999982
2026-09-10 00:38:00+00:00,4393.66,4437.33,43.67000000000007
2026-09-10 00:39:00+00:00,4394.1,4437.68,43.57999999999993
2026-09-10 00:40:00+00:00,4394.2,4437.68,43.48000000000047
2026-09-10 00:41:00+00:00,4393.54,4436.98,43.4399999999996
2026-09-10 00:42:00+00:00,4393.94,4437.43,43.49000000000069
2026-09-10 00:43:00+00:00,4393.9,4437.33,43.43000000000029
2026-09-10 00:44:00+00:00,4394.47,4437.93,43.460000000000036
2026-09-10 00:45:00+00:00,4394.5,4437.93,43.43000000000029
2026-09-10 00:46:00+00:00,4394.79,4438.43,43.64000000000033
2026-09-10 00:47:00+00:00,4394.5,4437.93,43.43000000000029
2026-09-10 00:48:00+00:00,4393.57,4436.98,43.409999999999854
2026-09-10 00:49:00+00:00,4394.32,4437.63,43.3100000000004
2026-09-10 00:50:00+00:00,4394.24,4437.53,43.289999999999964
2026-09-10 00:51:00+00:00,4394.8,4438.13,43.32999999999993
2026-09-10 00:52:00+00:00,4393.96,4437.38,43.42000000000007
2026-09-10 00:53:00+00:00,4394.73,4438.18,43.45000000000073
2026-09-10 00:54:00+00:00,4394.56,4437.83,43.26999999999953
2026-09-10 00:55:00+00:00,4394.35,4437.63,43.279999999999745
2026-09-10 00:56:00+00:00,4394.54,4437.93,43.39000000000033
2026-09-10 00:57:00+00:00,4393.86,4437.18,43.32000000000062
2026-09-10 00:58:00+00:00,4394.01,4437.33,43.31999999999971
2026-09-10 00:59:00+00:00,4394.24,4437.63,43.39000000000033
2026-09-10 01:00:00+00:00,4392.02,4435.68,43.659999999999854
2026-09-10 01:01:00+00:00,4391.01,4434.73,43.719999999999345
2026-09-10 01:02:00+00:00,4390.08,4433.78,43.69999999999982
2026-09-10 01:03:00+00:00,4391.23,4434.73,43.5
2026-09-10 01:04:00+00:00,4392.14,4435.73,43.589999999999236
2026-09-10 01:05:00+00:00,4391.05,4434.68,43.63000000000011
2026-09-10 01:06:00+00:00,4391.17,4434.93,43.76000000000022
2026-09-10 01:07:00+00:00,4392.07,4435.73,43.659999999999854
2026-09-10 01:08:00+00:00,4390.97,4434.53,43.55999999999949
2026-09-10 01:09:00+00:00,4393.68,4437.43,43.75
2026-09-10 01:10:00+00:00,4394.62,4438.28,43.659999999999854
2026-09-10 01:11:00+00:00,4396.1,4439.73,43.6299999999992
2026-09-10 01:12:00+00:00,4396.27,4439.83,43.55999999999949
2026-09-10 01:13:00+00:00,4395.72,4439.38,43.659999999999854
2026-09-10 01:14:00+00:00,4395.02,4438.63,43.60999999999967
2026-09-10 01:15:00+00:00,4397.36,4440.83,43.470000000000255
2026-09-10 01:16:00+00:00,4397.05,4440.63,43.57999999999993
2026-09-10 01:17:00+00:00,4396.58,4440.08,43.5
2026-09-10 01:18:00+00:00,4398.22,4441.88,43.659999999999854
2026-09-10 01:19:00+00:00,4396.7,4440.28,43.57999999999993
2026-09-10 01:20:00+00:00,4397.09,4440.58,43.48999999999978
2026-09-10 01:21:00+00:00,4397.29,4440.93,43.64000000000033
2026-09-10 01:22:00+00:00,4396.19,4439.53,43.340000000000146
2026-09-10 01:23:00+00:00,4395.96,4439.58,43.61999999999989
2026-09-10 01:24:00+00:00,4395.96,4439.48,43.51999999999953
2026-09-10 01:25:00+00:00,4395.07,4438.58,43.51000000000022
2026-09-10 01:26:00+00:00,4394.59,4438.03,43.4399999999996
2026-09-10 01:27:00+00:00,4395.24,4438.58,43.340000000000146
2026-09-10 01:28:00+00:00,4394.6,4437.98,43.3799999999992
2026-09-10 01:29:00+00:00,4392.92,4436.43,43.51000000000022
2026-09-10 01:30:00+00:00,4395.08,4438.48,43.399999999999636
2026-09-10 01:31:00+00:00,4393.13,4436.48,43.349999999999454
2026-09-10 01:32:00+00:00,4392.73,4436.28,43.55000000000018
2026-09-10 01:33:00+00:00,4392.28,4435.53,43.25
2026-09-10 01:34:00+00:00,4394.51,4438.08,43.56999999999971
2026-09-10 01:35:00+00:00,4395.14,4438.43,43.289999999999964
2026-09-10 01:36:00+00:00,4396.51,4439.78,43.26999999999953
2026-09-10 01:37:00+00:00,4396.24,4439.58,43.340000000000146
2026-09-10 01:38:00+00:00,4397.44,4440.73,43.289999999999964
2026-09-10 01:39:00+00:00,4398.37,4441.68,43.3100000000004
2026-09-10 01:40:00+00:00,4399.51,4442.73,43.219999999999345
2026-09-10 01:41:00+00:00,4397.83,4441.08,43.25
2026-09-10 01:42:00+00:00,4398.03,4441.43,43.400000000000546
2026-09-10 01:43:00+00:00,4400.08,4443.28,43.19999999999982
2026-09-10 01:44:00+00:00,4401.03,4444.28,43.25
2026-09-10 01:45:00+00:00,4399.6,4442.93,43.32999999999993
2026-09-10 01:46:00+00:00,4399.26,4442.53,43.26999999999953
2026-09-10 01:47:00+00:00,4398.7,4441.93,43.23000000000047
2026-09-10 01:48:00+00:00,4400.25,4443.63,43.38000000000011
2026-09-10 01:49:00+00:00,4400.0,4443.28,43.279999999999745
2026-09-10 01:50:00+00:00,4398.8,4441.98,43.17999999999938
2026-09-10 01:51:00+00:00,4401.41,4444.63,43.220000000000255
2026-09-10 01:52:00+00:00,4402.21,4445.53,43.31999999999971
2026-09-10 01:53:00+00:00,4404.26,4447.53,43.26999999999953
2026-09-10 01:54:00+00:00,4402.75,4445.93,43.18000000000029
2026-09-10 01:55:00+00:00,4403.18,4446.48,43.29999999999927
2026-09-10 01:56:00+00:00,4402.9,4446.08,43.18000000000029
2026-09-10 01:57:00+00:00,4403.44,4446.83,43.39000000000033
2026-09-10 01:58:00+00:00,4400.96,4444.23,43.26999999999953
2026-09-10 01:59:00+00:00,4401.11,4444.33,43.220000000000255
2026-09-10 02:00:00+00:00,4407.54,4450.83,43.289999999999964
2026-09-10 02:01:00+00:00,4406.67,4450.08,43.409999999999854
2026-09-10 02:02:00+00:00,4409.83,4453.18,43.350000000000364
2026-09-10 02:03:00+00:00,4412.64,4455.98,43.339999999999236
2026-09-10 02:04:00+00:00,4409.61,4452.83,43.220000000000255
2026-09-10 02:05:00+00:00,4409.43,4452.63,43.19999999999982
2026-09-10 02:06:00+00:00,4410.67,4453.78,43.10999999999967
2026-09-10 02:07:00+00:00,4415.76,4459.08,43.31999999999971
2026-09-10 02:08:00+00:00,4417.13,4460.28,43.149999999999636
2026-09-10 02:09:00+00:00,4418.08,4461.03,42.94999999999982
2026-09-10 02:10:00+00:00,4418.4,4461.58,43.18000000000029
2026-09-10 02:11:00+00:00,4414.51,4457.43,42.92000000000007
2026-09-10 02:12:00+00:00,4414.03,4457.13,43.100000000000364
2026-09-10 02:13:00+00:00,4414.21,4457.48,43.26999999999953
2026-09-10 02:14:00+00:00,4412.79,4455.93,43.14000000000033
2026-09-10 02:15:00+00:00,4413.54,4456.78,43.23999999999978
2026-09-10 02:16:00+00:00,4412.92,4456.08,43.159999999999854
2026-09-10 02:17:00+00:00,4413.27,4456.38,43.10999999999967
2026-09-10 02:18:00+00:00,4415.98,4458.98,43.0
2026-09-10 02:19:00+00:00,4415.28,4458.43,43.150000000000546
2026-09-10 02:20:00+00:00,4412.33,4455.38,43.05000000000018
2026-09-10 02:21:00+00:00,4411.72,4454.68,42.960000000000036
2026-09-10 02:22:00+00:00,4414.2,4457.18,42.98000000000047
2026-09-10 02:23:00+00:00,4413.66,4456.78,43.11999999999989
2026-09-10 02:24:00+00:00,4412.57,4455.58,43.01000000000022
2026-09-10 02:25:00+00:00,4415.98,4459.03,43.05000000000018
2026-09-10 02:26:00+00:00,4414.43,4457.03,42.599999999999454
2026-09-10 02:27:00+00:00,4411.75,4454.73,42.97999999999956
2026-09-10 02:28:00+00:00,4411.93,4454.83,42.899999999999636
2026-09-10 02:29:00+00:00,4410.69,4453.58,42.89000000000033
2026-09-10 02:30:00+00:00,4408.42,4451.43,43.01000000000022
2026-09-10 02:31:00+00:00,4409.37,4452.38,43.01000000000022
2026-09-10 02:32:00+00:00,4408.09,4451.18,43.090000000000146
2026-09-10 02:33:00+00:00,4406.51,4449.38,42.86999999999989
2026-09-10 02:34:00+00:00,4407.85,4451.13,43.279999999999745
2026-09-10 02:35:00+00:00,4408.18,4451.08,42.899999999999636
2026-09-10 02:36:00+00:00,4409.81,4452.83,43.01999999999953
2026-09-10 02:37:00+00:00,4409.54,4452.58,43.039999999999964
2026-09-10 02:38:00+00:00,4407.28,4450.38,43.100000000000364
2026-09-10 02:39:00+00:00,4407.27,4450.28,43.00999999999931
2026-09-10 02:40:00+00:00,4409.96,4452.93,42.970000000000255
2026-09-10 02:41:00+00:00,4408.84,4451.83,42.98999999999978
2026-09-10 02:42:00+00:00,4408.41,4451.63,43.220000000000255
2026-09-10 02:43:00+00:00,4408.75,4451.78,43.029999999999745
2026-09-10 02:44:00+00:00,4409.87,4452.93,43.0600000000004
2026-09-10 02:45:00+00:00,4410.75,4453.78,43.029999999999745
2026-09-10 02:46:00+00:00,4413.11,4456.08,42.970000000000255
2026-09-10 02:47:00+00:00,4412.66,4455.88,43.220000000000255
2026-09-10 02:48:00+00:00,4412.1,4454.98,42.8799999999992
2026-09-10 02:49:00+00:00,4413.21,4456.18,42.970000000000255
2026-09-10 02:50:00+00:00,4413.1,4455.98,42.8799999999992
2026-09-10 02:51:00+00:00,4410.11,4453.38,43.27000000000044
2026-09-10 02:52:00+00:00,4409.66,4452.68,43.02000000000044
2026-09-10 02:53:00+00:00,4409.65,4452.68,43.030000000000655
2026-09-10 02:54:00+00:00,4408.78,4451.88,43.100000000000364
2026-09-10 02:55:00+00:00,4411.52,4454.53,43.00999999999931
2026-09-10 02:56:00+00:00,4409.99,4452.93,42.94000000000051
2026-09-10 02:57:00+00:00,4409.81,4452.73,42.91999999999916
2026-09-10 02:58:00+00:00,4410.49,4453.58,43.090000000000146
2026-09-10 02:59:00+00:00,4412.25,4455.28,43.029999999999745
2026-09-10 03:00:00+00:00,4412.8,4456.03,43.22999999999956
2026-09-10 03:01:00+00:00,4413.63,4456.78,43.149999999999636
2026-09-10 03:02:00+00:00,4414.67,4457.98,43.30999999999949
2026-09-10 03:03:00+00:00,4416.78,4460.03,43.25
2026-09-10 03:04:00+00:00,4415.26,4458.73,43.469999999999345
2026-09-10 03:05:00+00:00,4417.91,4461.13,43.220000000000255
2026-09-10 03:06:00+00:00,4415.81,4458.98,43.16999999999916
2026-09-10 03:07:00+00:00,4416.17,4459.28,43.10999999999967
2026-09-10 03:08:00+00:00,4418.08,4461.23,43.149999999999636
2026-09-10 03:09:00+00:00,4416.61,4459.68,43.07000000000062
2026-09-10 03:10:00+00:00,4416.37,4459.53,43.159999999999854
2026-09-10 03:11:00+00:00,4414.04,4457.28,43.23999999999978
2026-09-10 03:12:00+00:00,4413.76,4456.83,43.06999999999971
2026-09-10 03:13:00+00:00,4414.98,4458.03,43.05000000000018
2026-09-10 03:14:00+00:00,4414.03,4457.13,43.100000000000364
2026-09-10 03:15:00+00:00,4411.75,4454.73,42.97999999999956
2026-09-10 03:16:00+00:00,4409.15,4452.13,42.98000000000047
2026-09-10 03:17:00+00:00,4409.59,4452.58,42.98999999999978
2026-09-10 03:18:00+00:00,4409.17,4452.13,42.960000000000036
2026-09-10 03:19:00+00:00,4409.63,4452.68,43.05000000000018
2026-09-10 03:20:00+00:00,4411.04,4454.08,43.039999999999964
2026-09-10 03:21:00+00:00,4408.93,4452.03,43.099999999999454
2026-09-10 03:22:00+00:00,4412.28,4455.33,43.05000000000018
2026-09-10 03:23:00+00:00,4413.49,4456.63,43.14000000000033
2026-09-10 03:24:00+00:00,4412.74,4455.83,43.090000000000146
2026-09-10 03:25:00+00:00,4412.73,4455.83,43.100000000000364
2026-09-10 03:26:00+00:00,4412.64,4455.83,43.1899999999996
2026-09-10 03:27:00+00:00,4414.28,4457.38,43.100000000000364
2026-09-10 03:28:00+00:00,4415.67,4458.83,43.159999999999854
2026-09-10 03:29:00+00:00,4417.12,4460.18,43.0600000000004
2026-09-10 03:30:00+00:00,4414.71,4457.83,43.11999999999989
2026-09-10 03:31:00+00:00,4414.17,4457.18,43.01000000000022
2026-09-10 03:32:00+00:00,4412.93,4455.93,43.0
2026-09-10 03:33:00+00:00,4411.92,4454.98,43.05999999999949
2026-09-10 03:34:00+00:00,4416.18,4459.13,42.94999999999982
2026-09-10 03:35:00+00:00,4415.05,4458.13,43.07999999999993
2026-09-10 03:36:00+00:00,4414.53,4457.73,43.19999999999982
2026-09-10 03:37:00+00:00,4415.47,4458.78,43.30999999999949
2026-09-10 03:38:00+00:00,4417.43,4460.73,43.29999999999927
2026-09-10 03:39:00+00:00,4418.47,4461.63,43.159999999999854
2026-09-10 03:40:00+00:00,4419.6,4462.68,43.07999999999993
2026-09-10 03:41:00+00:00,4417.85,4461.08,43.22999999999956
2026-09-10 03:42:00+00:00,4419.24,4462.63,43.39000000000033
2026-09-10 03:43:00+00:00,4418.72,4461.98,43.25999999999931
2026-09-10 03:44:00+00:00,4418.14,4461.33,43.1899999999996
2026-09-10 03:45:00+00:00,4417.84,4461.08,43.23999999999978
2026-09-10 03:46:00+00:00,4417.98,4461.03,43.05000000000018
2026-09-10 03:47:00+00:00,4418.48,4461.53,43.05000000000018
2026-09-10 03:48:00+00:00,4417.85,4460.83,42.97999999999956
2026-09-10 03:49:00+00:00,4418.01,4461.13,43.11999999999989
2026-09-10 03:50:00+00:00,4418.15,4461.43,43.280000000000655
2026-09-10 03:51:00+00:00,4420.15,4463.38,43.23000000000047
2026-09-10 03:52:00+00:00,4419.65,4463.03,43.38000000000011
2026-09-10 03:53:00+00:00,4420.21,4463.53,43.31999999999971
2026-09-10 03:54:00+00:00,4420.52,4463.93,43.409999999999854
2026-09-10 03:55:00+00:00,4419.96,4463.18,43.220000000000255
2026-09-10 03:56:00+00:00,4418.35,4461.48,43.1299999999992
2026-09-10 03:57:00+00:00,4418.86,4462.03,43.17000000000007
2026-09-10 03:58:00+00:00,4418.07,4461.23,43.159999999999854
2026-09-10 03:59:00+00:00,4419.34,4462.58,43.23999999999978
2026-09-10 04:00:00+00:00,4419.91,4463.18,43.27000000000044
2026-09-10 04:01:00+00:00,4419.44,4462.83,43.39000000000033
2026-09-10 04:02:00+00:00,4418.37,4461.63,43.26000000000022
2026-09-10 04:03:00+00:00,4417.08,4460.23,43.149999999999636
2026-09-10 04:04:00+00:00,4417.69,4460.78,43.090000000000146
2026-09-10 04:05:00+00:00,4416.49,4459.53,43.039999999999964
2026-09-10 04:06:00+00:00,4415.43,4458.53,43.099999999999454
2026-09-10 04:07:00+00:00,4414.55,4457.63,43.07999999999993
2026-09-10 04:08:00+00:00,4412.76,4455.63,42.86999999999989
2026-09-10 04:09:00+00:00,4413.44,4456.53,43.090000000000146
2026-09-10 04:10:00+00:00,4415.72,4458.63,42.909999999999854
2026-09-10 04:11:00+00:00,4414.76,4457.93,43.17000000000007
2026-09-10 04:12:00+00:00,4414.83,4457.83,43.0
2026-09-10 04:13:00+00:00,4413.72,4456.58,42.85999999999967
2026-09-10 04:14:00+00:00,4412.62,4455.73,43.10999999999967
2026-09-10 04:15:00+00:00,4412.97,4455.93,42.960000000000036
2026-09-10 04:16:00+00:00,4412.93,4455.73,42.79999999999927
2026-09-10 04:17:00+00:00,4414.21,4457.13,42.92000000000007
2026-09-10 04:18:00+00:00,4413.37,4456.53,43.159999999999854
2026-09-10 04:19:00+00:00,4414.35,4457.43,43.07999999999993
2026-09-10 04:20:00+00:00,4414.32,4457.48,43.159999999999854
2026-09-10 04:21:00+00:00,4412.35,4455.53,43.17999999999938
2026-09-10 04:22:00+00:00,4411.6,4454.78,43.17999999999938
2026-09-10 04:23:00+00:00,4412.62,4455.73,43.10999999999967
2026-09-10 04:24:00+00:00,4412.35,4455.33,42.97999999999956
2026-09-10 04:25:00+00:00,4411.94,4454.98,43.039999999999964
2026-09-10 04:26:00+00:00,4410.65,4453.43,42.780000000000655
2026-09-10 04:27:00+00:00,4410.73,4453.63,42.900000000000546
2026-09-10 04:28:00+00:00,4409.69,4452.53,42.840000000000146
2026-09-10 04:29:00+00:00,4410.32,4453.08,42.76000000000022
2026-09-10 04:30:00+00:00,4411.33,4454.23,42.899999999999636
2026-09-10 04:31:00+00:00,4412.04,4455.03,42.98999999999978
2026-09-10 04:32:00+00:00,4412.52,4455.53,43.00999999999931
2026-09-10 04:33:00+00:00,4411.97,4454.88,42.909999999999854
2026-09-10 04:34:00+00:00,4411.45,4454.33,42.88000000000011
2026-09-10 04:35:00+00:00,4409.99,4452.83,42.840000000000146
2026-09-10 04:36:00+00:00,4409.94,4452.83,42.89000000000033
2026-09-10 04:37:00+00:00,4410.2,4452.93,42.73000000000047
2026-09-10 04:38:00+00:00,4409.39,4452.13,42.73999999999978
2026-09-10 04:39:00+00:00,4408.76,4451.63,42.86999999999989
2026-09-10 04:40:00+00:00,4408.11,4451.03,42.92000000000007
2026-09-10 04:41:00+00:00,4407.5,4450.38,42.88000000000011
2026-09-10 04:42:00+00:00,4408.1,4450.88,42.779999999999745
2026-09-10 04:43:00+00:00,4407.59,4450.38,42.789999999999964
2026-09-10 04:44:00+00:00,4408.07,4450.78,42.710000000000036
2026-09-10 04:45:00+00:00,4408.57,4451.33,42.76000000000022
2026-09-10 04:46:00+00:00,4409.38,4452.13,42.75
2026-09-10 04:47:00+00:00,4408.99,4451.78,42.789999999999964
2026-09-10 04:48:00+00:00,4408.7,4451.43,42.73000000000047
2026-09-10 04:49:00+00:00,4409.02,4451.98,42.95999999999913
2026-09-10 04:50:00+00:00,4407.41,4450.23,42.81999999999971
2026-09-10 04:51:00+00:00,4407.82,4450.83,43.01000000000022
2026-09-10 04:52:00+00:00,4407.6,4450.53,42.92999999999938
2026-09-10 04:53:00+00:00,4408.07,4450.93,42.86000000000058
2026-09-10 04:54:00+00:00,4408.02,4451.03,43.00999999999931
2026-09-10 04:55:00+00:00,4407.81,4451.03,43.219999999999345
2026-09-10 04:56:00+00:00,4408.52,4451.53,43.00999999999931
2026-09-10 04:57:00+00:00,4409.36,4452.23,42.86999999999989
2026-09-10 04:58:00+00:00,4408.85,4451.73,42.8799999999992
2026-09-10 04:59:00+00:00,4409.2,4452.03,42.82999999999993
2026-09-10 05:00:00+00:00,4409.59,4452.43,42.840000000000146
2026-09-10 05:01:00+00:00,4410.48,4453.08,42.600000000000364
2026-09-10 05:02:00+00:00,4410.29,4452.93,42.64000000000033
2026-09-10 05:03:00+00:00,4411.13,4453.73,42.599999999999454
2026-09-10 05:04:00+00:00,4413.15,4455.78,42.63000000000011
2026-09-10 05:05:00+00:00,4413.36,4455.93,42.57000000000062
2026-09-10 05:06:00+00:00,4414.09,4456.78,42.6899999999996
2026-09-10 05:07:00+00:00,4413.7,4456.48,42.779999999999745
2026-09-10 05:08:00+00:00,4412.86,4455.53,42.67000000000007
2026-09-10 05:09:00+00:00,4413.11,4455.83,42.720000000000255
2026-09-10 05:10:00+00:00,4413.61,4456.33,42.720000000000255
2026-09-10 05:11:00+00:00,4415.05,4457.83,42.779999999999745
2026-09-10 05:12:00+00:00,4414.66,4457.53,42.86999999999989
2026-09-10 05:13:00+00:00,4414.26,4457.13,42.86999999999989
2026-09-10 05:14:00+00:00,4413.99,4456.93,42.94000000000051
2026-09-10 05:15:00+00:00,4414.0,4456.93,42.93000000000029
2026-09-10 05:16:00+00:00,4414.65,4457.63,42.98000000000047
2026-09-10 05:17:00+00:00,4414.53,4457.48,42.94999999999982
2026-09-10 05:18:00+00:00,4414.76,4457.63,42.86999999999989
2026-09-10 05:19:00+00:00,4414.61,4457.53,42.92000000000007
2026-09-10 05:20:00+00:00,4414.15,4456.83,42.68000000000029
2026-09-10 05:21:00+00:00,4413.97,4456.83,42.85999999999967
2026-09-10 05:22:00+00:00,4414.64,4457.53,42.88999999999942
2026-09-10 05:23:00+00:00,4414.83,4457.58,42.75
2026-09-10 05:24:00+00:00,4413.8,4456.58,42.779999999999745
2026-09-10 05:25:00+00:00,4414.02,4456.78,42.75999999999931
2026-09-10 05:26:00+00:00,4414.28,4457.03,42.75
2026-09-10 05:27:00+00:00,4413.03,4455.83,42.80000000000018
2026-09-10 05:28:00+00:00,4412.76,4455.63,42.86999999999989
2026-09-10 05:29:00+00:00,4411.91,4454.68,42.77000000000044
2026-09-10 05:30:00+00:00,4412.93,4455.73,42.79999999999927
2026-09-10 05:31:00+00:00,4413.26,4456.13,42.86999999999989
2026-09-10 05:32:00+00:00,4411.91,4454.93,43.02000000000044
2026-09-10 05:33:00+00:00,4410.74,4453.73,42.98999999999978
2026-09-10 05:34:00+00:00,4410.99,4453.98,42.98999999999978
2026-09-10 05:35:00+00:00,4410.59,4453.63,43.039999999999964
2026-09-10 05:36:00+00:00,4410.83,4453.63,42.80000000000018
2026-09-10 05:37:00+00:00,4409.89,4452.73,42.839999999999236
2026-09-10 05:38:00+00:00,4408.6,4451.33,42.72999999999956
2026-09-10 05:39:00+00:00,4408.23,4451.03,42.80000000000018
2026-09-10 05:40:00+00:00,4406.78,4449.53,42.75
2026-09-10 05:41:00+00:00,4406.24,4449.08,42.840000000000146
2026-09-10 05:42:00+00:00,4406.1,4448.83,42.72999999999956
2026-09-10 05:43:00+00:00,4406.25,4448.93,42.68000000000029
2026-09-10 05:44:00+00:00,4406.8,4449.43,42.63000000000011
2026-09-10 05:45:00+00:00,4407.41,4449.93,42.52000000000044
2026-09-10 05:46:00+00:00,4407.67,4450.23,42.55999999999949
2026-09-10 05:47:00+00:00,4408.5,4451.38,42.88000000000011
2026-09-10 05:48:00+00:00,4409.03,4451.73,42.69999999999982
2026-09-10 05:49:00+00:00,4409.72,4452.28,42.55999999999949
2026-09-10 05:50:00+00:00,4410.44,4453.23,42.789999999999964
2026-09-10 05:51:00+00:00,4410.49,4453.23,42.73999999999978
2026-09-10 05:52:00+00:00,4409.16,4451.93,42.77000000000044
2026-09-10 05:53:00+00:00,4408.22,4450.93,42.710000000000036
2026-09-10 05:54:00+00:00,4407.2,4449.88,42.68000000000029
2026-09-10 05:55:00+00:00,4407.55,4450.13,42.57999999999993
2026-09-10 05:56:00+00:00,4408.1,4450.68,42.57999999999993
2026-09-10 05:57:00+00:00,4408.22,4450.83,42.60999999999967
2026-09-10 05:58:00+00:00,4408.17,4450.83,42.659999999999854
2026-09-10 05:59:00+00:00,4408.54,4451.18,42.64000000000033
2026-09-10 06:00:00+00:00,4409.61,4452.38,42.77000000000044
2026-09-10 06:01:00+00:00,4411.19,4453.93,42.74000000000069
2026-09-10 06:02:00+00:00,4411.03,4453.83,42.80000000000018
2026-09-10 06:03:00+00:00,4410.85,4453.58,42.72999999999956
2026-09-10 06:04:00+00:00,4409.42,4452.03,42.60999999999967
2026-09-10 06:05:00+00:00,4409.11,4451.68,42.57000000000062
2026-09-10 06:06:00+00:00,4409.86,4452.63,42.77000000000044
2026-09-10 06:07:00+00:00,4413.41,4456.03,42.61999999999989
2026-09-10 06:08:00+00:00,4413.07,4455.83,42.76000000000022
2026-09-10 06:09:00+00:00,4414.68,4457.23,42.54999999999927
2026-09-10 06:10:00+00:00,4415.65,4458.43,42.780000000000655
2026-09-10 06:11:00+00:00,4416.69,4459.18,42.49000000000069
2026-09-10 06:12:00+00:00,4416.52,4459.43,42.909999999999854
2026-09-10 06:13:00+00:00,4418.24,4460.98,42.73999999999978
2026-09-10 06:14:00+00:00,4418.78,4461.68,42.900000000000546
2026-09-10 06:15:00+00:00,4417.14,4459.98,42.839999999999236
2026-09-10 06:16:00+00:00,4419.53,4462.33,42.80000000000018
2026-09-10 06:17:00+00:00,4418.08,4461.08,43.0
2026-09-10 06:18:00+00:00,4418.08,4460.88,42.80000000000018
2026-09-10 06:19:00+00:00,4418.4,4461.43,43.030000000000655
2026-09-10 06:20:00+00:00,4418.93,4461.98,43.04999999999927
2026-09-10 06:21:00+00:00,4418.66,4461.63,42.970000000000255
2026-09-10 06:22:00+00:00,4418.83,4461.78,42.94999999999982
2026-09-10 06:23:00+00:00,4418.45,4461.38,42.93000000000029
2026-09-10 06:24:00+00:00,4418.9,4461.83,42.93000000000029
2026-09-10 06:25:00+00:00,4418.43,4461.33,42.899999999999636
2026-09-10 06:26:00+00:00,4419.02,4462.03,43.00999999999931
2026-09-10 06:27:00+00:00,4417.5,4460.43,42.93000000000029
2026-09-10 06:28:00+00:00,4418.73,4461.53,42.80000000000018
2026-09-10 06:29:00+00:00,4420.7,4463.63,42.93000000000029
2026-09-10 06:30:00+00:00,4418.11,4461.23,43.11999999999989
2026-09-10 06:31:00+00:00,4421.53,4464.58,43.05000000000018
2026-09-10 06:32:00+00:00,4426.11,4469.23,43.11999999999989
2026-09-10 06:33:00+00:00,4424.88,4467.88,43.0
2026-09-10 06:34:00+00:00,4425.64,4468.78,43.13999999999942
2026-09-10 06:35:00+00:00,4425.69,4468.83,43.14000000000033
2026-09-10 06:36:00+00:00,4426.43,4469.48,43.04999999999927
2026-09-10 06:37:00+00:00,4426.21,4469.38,43.17000000000007
2026-09-10 06:38:00+00:00,4424.32,4467.43,43.11000000000058
2026-09-10 06:39:00+00:00,4423.25,4466.38,43.13000000000011
2026-09-10 06:40:00+00:00,4424.24,4467.43,43.19000000000051
2026-09-10 06:41:00+00:00,4424.01,4467.13,43.11999999999989
2026-09-10 06:42:00+00:00,4428.62,4471.98,43.35999999999967
2026-09-10 06:43:00+00:00,4427.74,4471.13,43.39000000000033
2026-09-10 06:44:00+00:00,4428.12,4471.53,43.409999999999854
2026-09-10 06:45:00+00:00,4427.82,4471.23,43.409999999999854
2026-09-10 06:46:00+00:00,4429.58,4473.08,43.5
2026-09-10 06:47:00+00:00,4427.75,4471.23,43.47999999999956
2026-09-10 06:48:00+00:00,4426.78,4470.33,43.55000000000018
2026-09-10 06:49:00+00:00,4425.84,4469.38,43.539999999999964
2026-09-10 06:50:00+00:00,4424.11,4467.63,43.52000000000044
2026-09-10 06:51:00+00:00,4426.69,4470.18,43.49000000000069
2026-09-10 06:52:00+00:00,4427.32,4470.93,43.61000000000058
2026-09-10 06:53:00+00:00,4426.99,4470.83,43.840000000000146
2026-09-10 06:54:00+00:00,4426.87,4470.78,43.909999999999854
2026-09-10 06:55:00+00:00,4426.14,4469.83,43.6899999999996
2026-09-10 06:56:00+00:00,4425.71,4469.38,43.67000000000007
2026-09-10 06:57:00+00:00,4425.82,4469.73,43.909999999999854
2026-09-10 06:58:00+00:00,4428.88,4472.73,43.849999999999454
2026-09-10 06:59:00+00:00,4431.15,4474.78,43.63000000000011
2026-09-10 07:00:00+00:00,4429.86,4473.63,43.77000000000044
2026-09-10 07:01:00+00:00,4431.28,4475.03,43.75
2026-09-10 07:02:00+00:00,4427.25,4470.83,43.57999999999993
2026-09-10 07:03:00+00:00,4428.3,4472.28,43.97999999999956
2026-09-10 07:04:00+00:00,4426.91,4470.58,43.67000000000007
2026-09-10 07:05:00+00:00,4426.0,4469.83,43.82999999999993
2026-09-10 07:06:00+00:00,4423.79,4467.63,43.840000000000146
2026-09-10 07:07:00+00:00,4423.75,4467.33,43.57999999999993
2026-09-10 07:08:00+00:00,4424.35,4467.98,43.6299999999992
2026-09-10 07:09:00+00:00,4422.59,4466.08,43.48999999999978
2026-09-10 07:10:00+00:00,4422.33,4465.88,43.55000000000018
2026-09-10 07:11:00+00:00,4423.05,4466.48,43.42999999999938
2026-09-10 07:12:00+00:00,4419.16,4462.48,43.31999999999971
2026-09-10 07:13:00+00:00,4417.84,4461.13,43.289999999999964
2026-09-10 07:14:00+00:00,4416.27,4459.73,43.45999999999913
2026-09-10 07:15:00+00:00,4414.24,4457.68,43.44000000000051
2026-09-10 07:16:00+00:00,4413.82,4457.23,43.409999999999854
2026-09-10 07:17:00+00:00,4413.34,4456.73,43.38999999999942
2026-09-10 07:18:00+00:00,4415.93,4459.33,43.399999999999636
2026-09-10 07:19:00+00:00,4415.02,4458.18,43.159999999999854
2026-09-10 07:20:00+00:00,4413.5,4456.73,43.22999999999956
2026-09-10 07:21:00+00:00,4412.05,4455.23,43.17999999999938
2026-09-10 07:22:00+00:00,4413.97,4457.08,43.10999999999967
2026-09-10 07:23:00+00:00,4412.59,4455.73,43.13999999999942
2026-09-10 07:24:00+00:00,4416.08,4459.48,43.399999999999636
2026-09-10 07:25:00+00:00,4415.65,4458.78,43.13000000000011
2026-09-10 07:26:00+00:00,4414.65,4457.83,43.18000000000029
2026-09-10 07:27:00+00:00,4415.68,4458.73,43.04999999999927
2026-09-10 07:28:00+00:00,4417.19,4460.23,43.039999999999964
2026-09-10 07:29:00+00:00,4417.7,4460.73,43.029999999999745
2026-09-10 07:30:00+00:00,4417.92,4461.03,43.10999999999967
2026-09-10 07:31:00+00:00,4417.22,4460.23,43.00999999999931
2026-09-10 07:32:00+00:00,4415.55,4458.43,42.88000000000011
2026-09-10 07:33:00+00:00,4416.58,4459.48,42.899999999999636
2026-09-10 07:34:00+00:00,4415.48,4458.33,42.850000000000364
2026-09-10 07:35:00+00:00,4414.01,4456.83,42.81999999999971
2026-09-10 07:36:00+00:00,4414.04,4456.83,42.789999999999964
2026-09-10 07:37:00+00:00,4416.09,4458.88,42.789999999999964
2026-09-10 07:38:00+00:00,4416.9,4459.73,42.82999999999993
2026-09-10 07:39:00+00:00,4418.69,4461.58,42.89000000000033
2026-09-10 07:40:00+00:00,4421.02,4463.93,42.909999999999854
2026-09-10 07:41:00+00:00,4421.94,4464.78,42.840000000000146
2026-09-10 07:42:00+00:00,4424.33,4467.43,43.100000000000364
2026-09-10 07:43:00+00:00,4425.84,4468.53,42.6899999999996
2026-09-10 07:44:00+00:00,4426.68,4469.98,43.29999999999927
2026-09-10 07:45:00+00:00,4427.55,4470.78,43.22999999999956
2026-09-10 07:46:00+00:00,4427.58,4470.98,43.399999999999636
2026-09-10 07:47:00+00:00,4424.43,4467.83,43.399999999999636
2026-09-10 07:48:00+00:00,4424.53,4467.93,43.400000000000546
2026-09-10 07:49:00+00:00,4424.73,4468.08,43.350000000000364
2026-09-10 07:50:00+00:00,4427.68,4471.18,43.5
2026-09-10 07:51:00+00:00,4428.19,4471.98,43.789999999999964
2026-09-10 07:52:00+00:00,4425.9,4469.68,43.780000000000655
2026-09-10 07:53:00+00:00,4426.39,4470.08,43.6899999999996
2026-09-10 07:54:00+00:00,4424.89,4468.73,43.839999999999236
2026-09-10 07:55:00+00:00,4424.59,4468.43,43.840000000000146
2026-09-10 07:56:00+00:00,4424.39,4468.18,43.789999999999964
2026-09-10 07:57:00+00:00,4424.33,4468.23,43.899999999999636
2026-09-10 07:58:00+00:00,4423.92,4467.98,44.05999999999949
2026-09-10 07:59:00+00:00,4425.19,4468.98,43.789999999999964
2026-09-10 08:00:00+00:00,4422.78,4466.88,44.100000000000364
2026-09-10 08:01:00+00:00,4419.15,4462.78,43.63000000000011
2026-09-10 08:02:00+00:00,4416.92,4460.53,43.60999999999967
2026-09-10 08:03:00+00:00,4416.89,4460.43,43.539999999999964
2026-09-10 08:04:00+00:00,4415.18,4458.83,43.649999999999636
2026-09-10 08:05:00+00:00,4416.46,4460.03,43.56999999999971
2026-09-10 08:06:00+00:00,4414.3,4457.83,43.529999999999745
2026-09-10 08:07:00+00:00,4414.82,4458.43,43.61000000000058
2026-09-10 08:08:00+00:00,4415.26,4458.98,43.719999999999345
2026-09-10 08:09:00+00:00,4415.18,4458.88,43.69999999999982
2026-09-10 08:10:00+00:00,4415.19,4458.73,43.539999999999964
2026-09-10 08:11:00+00:00,4415.47,4459.13,43.659999999999854
2026-09-10 08:12:00+00:00,4417.28,4461.03,43.75
2026-09-10 08:13:00+00:00,4413.91,4457.43,43.52000000000044
2026-09-10 08:14:00+00:00,4413.51,4456.93,43.42000000000007
2026-09-10 08:15:00+00:00,4414.53,4458.03,43.5
2026-09-10 08:16:00+00:00,4413.7,4457.03,43.32999999999993
2026-09-10 08:17:00+00:00,4413.23,4456.88,43.650000000000546
2026-09-10 08:18:00+00:00,4413.23,4456.83,43.600000000000364
2026-09-10 08:19:00+00:00,4412.62,4456.18,43.5600000000004
2026-09-10 08:20:00+00:00,4412.56,4456.13,43.56999999999971
2026-09-10 08:21:00+00:00,4411.33,4455.03,43.69999999999982
2026-09-10 08:22:00+00:00,4410.94,4454.53,43.590000000000146
2026-09-10 08:23:00+00:00,4411.64,4455.13,43.48999999999978
2026-09-10 08:24:00+00:00,4411.62,4455.13,43.51000000000022
2026-09-10 08:25:00+00:00,4409.76,4453.18,43.42000000000007
2026-09-10 08:26:00+00:00,4409.55,4452.98,43.42999999999938
2026-09-10 08:27:00+00:00,4409.3,4452.78,43.47999999999956
2026-09-10 08:28:00+00:00,4409.05,4452.28,43.22999999999956
2026-09-10 08:29:00+00:00,4408.63,4451.88,43.25
2026-09-10 08:30:00+00:00,4408.59,4451.83,43.23999999999978
2026-09-10 08:31:00+00:00,4409.42,4452.63,43.210000000000036
2026-09-10 08:32:00+00:00,4408.99,4452.23,43.23999999999978
2026-09-10 08:33:00+00:00,4406.69,4449.98,43.289999999999964
2026-09-10 08:34:00+00:00,4404.8,4447.93,43.13000000000011
2026-09-10 08:35:00+00:00,4406.71,4449.83,43.11999999999989
2026-09-10 08:36:00+00:00,4406.43,4449.73,43.29999999999927
2026-09-10 08:37:00+00:00,4406.19,4449.33,43.14000000000033
2026-09-10 08:38:00+00:00,4406.29,4449.48,43.1899999999996
2026-09-10 08:39:00+00:00,4406.34,4449.43,43.090000000000146
2026-09-10 08:40:00+00:00,4407.31,4450.48,43.16999999999916
2026-09-10 08:41:00+00:00,4406.7,4449.73,43.029999999999745
2026-09-10 08:42:00+00:00,4406.69,4449.93,43.24000000000069
2026-09-10 08:43:00+00:00,4408.93,4452.03,43.099999999999454
2026-09-10 08:44:00+00:00,4409.7,4452.93,43.23000000000047
2026-09-10 08:45:00+00:00,4409.13,4452.33,43.19999999999982
2026-09-10 08:46:00+00:00,4411.86,4455.03,43.17000000000007
2026-09-10 08:47:00+00:00,4412.35,4455.48,43.1299999999992
2026-09-10 08:48:00+00:00,4411.63,4454.73,43.099999999999454
2026-09-10 08:49:00+00:00,4411.47,4454.63,43.159999999999854
2026-09-10 08:50:00+00:00,4412.09,4455.18,43.090000000000146
2026-09-10 08:51:00+00:00,4414.85,4457.93,43.07999999999993
2026-09-10 08:52:00+00:00,4414.67,4457.83,43.159999999999854
2026-09-10 08:53:00+00:00,4414.01,4457.13,43.11999999999989
2026-09-10 08:54:00+00:00,4414.63,4457.93,43.30000000000018
2026-09-10 08:55:00+00:00,4413.41,4456.33,42.92000000000007
2026-09-10 08:56:00+00:00,4412.62,4455.53,42.909999999999854
2026-09-10 08:57:00+00:00,4411.78,4454.73,42.94999999999982
2026-09-10 08:58:00+00:00,4411.45,4454.43,42.98000000000047
2026-09-10 08:59:00+00:00,4411.81,4454.78,42.969999999999345
2026-09-10 09:00:00+00:00,4412.4,4455.38,42.98000000000047
2026-09-10 09:01:00+00:00,4411.03,4453.98,42.94999999999982
2026-09-10 09:02:00+00:00,4410.33,4453.08,42.75
2026-09-10 09:03:00+00:00,4408.4,4451.33,42.93000000000029
2026-09-10 09:04:00+00:00,4407.68,4450.58,42.899999999999636
2026-09-10 09:05:00+00:00,4407.93,4450.63,42.69999999999982
2026-09-10 09:06:00+00:00,4408.17,4451.03,42.85999999999967
2026-09-10 09:07:00+00:00,4408.21,4451.08,42.86999999999989
2026-09-10 09:08:00+00:00,4408.7,4451.48,42.779999999999745
2026-09-10 09:09:00+00:00,4409.2,4451.93,42.73000000000047
2026-09-10 09:10:00+00:00,4409.06,4451.93,42.86999999999989
2026-09-10 09:11:00+00:00,4409.3,4452.03,42.72999999999956
2026-09-10 09:12:00+00:00,4407.38,4450.33,42.94999999999982
2026-09-10 09:13:00+00:00,4407.02,4449.73,42.70999999999913
2026-09-10 09:14:00+00:00,4405.79,4448.68,42.89000000000033
2026-09-10 09:15:00+00:00,4405.89,4448.58,42.6899999999996
2026-09-10 09:16:00+00:00,4405.94,4448.83,42.89000000000033
2026-09-10 09:17:00+00:00,4406.63,4449.63,43.0
2026-09-10 09:18:00+00:00,4406.34,4449.38,43.039999999999964
2026-09-10 09:19:00+00:00,4406.37,4449.43,43.0600000000004
2026-09-10 09:20:00+00:00,4405.82,4448.88,43.0600000000004
2026-09-10 09:21:00+00:00,4405.96,4448.98,43.01999999999953
2026-09-10 09:22:00+00:00,4406.05,4449.03,42.97999999999956
2026-09-10 09:23:00+00:00,4406.94,4449.98,43.039999999999964
2026-09-10 09:24:00+00:00,4406.41,4449.53,43.11999999999989
2026-09-10 09:25:00+00:00,4405.45,4448.53,43.07999999999993
2026-09-10 09:26:00+00:00,4405.39,4448.58,43.1899999999996
2026-09-10 09:27:00+00:00,4405.09,4448.18,43.090000000000146
2026-09-10 09:28:00+00:00,4405.4,4448.38,42.98000000000047
2026-09-10 09:29:00+00:00,4405.69,4448.63,42.94000000000051
2026-09-10 09:30:00+00:00,4405.84,4448.78,42.9399999999996
2026-09-10 09:31:00+00:00,4403.21,4446.13,42.92000000000007
2026-09-10 09:32:00+00:00,4402.1,4444.83,42.72999999999956
2026-09-10 09:33:00+00:00,4401.23,4443.93,42.70000000000073
2026-09-10 09:34:00+00:00,4400.01,4442.78,42.76999999999953
2026-09-10 09:35:00+00:00,4401.01,4443.63,42.61999999999989
2026-09-10 09:36:00+00:00,4401.51,4444.38,42.86999999999989
2026-09-10 09:37:00+00:00,4399.81,4442.68,42.86999999999989
2026-09-10 09:38:00+00:00,4399.68,4442.53,42.849999999999454
2026-09-10 09:39:00+00:00,4399.95,4442.63,42.68000000000029
2026-09-10 09:40:00+00:00,4399.35,4442.18,42.82999999999993
2026-09-10 09:41:00+00:00,4398.94,4441.48,42.539999999999964
2026-09-10 09:42:00+00:00,4397.21,4439.93,42.720000000000255
2026-09-10 09:43:00+00:00,4395.9,4438.38,42.48000000000047
2026-09-10 09:44:00+00:00,4395.98,4438.48,42.5
2026-09-10 09:45:00+00:00,4393.88,4436.28,42.399999999999636
2026-09-10 09:46:00+00:00,4395.09,4437.48,42.38999999999942
2026-09-10 09:47:00+00:00,4394.16,4436.68,42.52000000000044
2026-09-10 09:48:00+00:00,4393.72,4436.23,42.50999999999931
2026-09-10 09:49:00+00:00,4393.01,4435.53,42.51999999999953
2026-09-10 09:50:00+00:00,4395.68,4438.13,42.44999999999982
2026-09-10 09:51:00+00:00,4397.45,4440.03,42.57999999999993
2026-09-10 09:52:00+00:00,4396.88,4439.48,42.599999999999454
2026-09-10 09:53:00+00:00,4395.9,4438.43,42.530000000000655
2026-09-10 09:54:00+00:00,4396.92,4439.33,42.409999999999854
2026-09-10 09:55:00+00:00,4395.3,4437.83,42.529999999999745
2026-09-10 09:56:00+00:00,4394.72,4437.43,42.710000000000036
2026-09-10 09:57:00+00:00,4394.33,4437.08,42.75
2026-09-10 09:58:00+00:00,4395.41,4438.13,42.720000000000255
2026-09-10 09:59:00+00:00,4395.05,4437.63,42.57999999999993
2026-09-10 10:00:00+00:00,4395.04,4437.68,42.64000000000033
2026-09-10 10:01:00+00:00,4393.59,4436.33,42.73999999999978
2026-09-10 10:02:00+00:00,4395.1,4437.73,42.6299999999992
2026-09-10 10:03:00+00:00,4395.11,4437.93,42.82000000000062
2026-09-10 10:04:00+00:00,4395.63,4438.33,42.69999999999982
2026-09-10 10:05:00+00:00,4392.65,4435.23,42.57999999999993
2026-09-10 10:06:00+00:00,4394.12,4436.63,42.51000000000022
2026-09-10 10:07:00+00:00,4394.32,4436.88,42.5600000000004
2026-09-10 10:08:00+00:00,4393.35,4435.93,42.57999999999993
2026-09-10 10:09:00+00:00,4391.41,4434.13,42.720000000000255
2026-09-10 10:10:00+00:00,4392.88,4435.43,42.55000000000018
2026-09-10 10:11:00+00:00,4393.25,4435.93,42.68000000000029
2026-09-10 10:12:00+00:00,4394.82,4437.33,42.51000000000022
2026-09-10 10:13:00+00:00,4394.54,4437.03,42.48999999999978
2026-09-10 10:14:00+00:00,4395.06,4437.43,42.36999999999989
2026-09-10 10:15:00+00:00,4394.07,4436.53,42.460000000000036
2026-09-10 10:16:00+00:00,4395.77,4438.03,42.25999999999931
2026-09-10 10:17:00+00:00,4395.24,4437.73,42.48999999999978
2026-09-10 10:18:00+00:00,4396.12,4438.48,42.35999999999967
2026-09-10 10:19:00+00:00,4395.88,4438.18,42.30000000000018
2026-09-10 10:20:00+00:00,4395.5,4437.93,42.43000000000029
2026-09-10 10:21:00+00:00,4394.45,4436.78,42.32999999999993
2026-09-10 10:22:00+00:00,4394.08,4436.43,42.350000000000364
2026-09-10 10:23:00+00:00,4393.96,4436.28,42.31999999999971
2026-09-10 10:24:00+00:00,4392.81,4435.28,42.469999999999345
2026-09-10 10:25:00+00:00,4392.36,4434.83,42.470000000000255
2026-09-10 10:26:00+00:00,4394.23,4436.53,42.30000000000018
2026-09-10 10:27:00+00:00,4395.16,4437.58,42.42000000000007
2026-09-10 10:28:00+00:00,4393.28,4435.63,42.350000000000364
2026-09-10 10:29:00+00:00,4392.86,4435.28,42.42000000000007
2026-09-10 10:30:00+00:00,4392.24,4434.63,42.39000000000033
2026-09-10 10:31:00+00:00,4390.68,4433.13,42.44999999999982
2026-09-10 10:32:00+00:00,4389.87,4432.43,42.5600000000004
2026-09-10 10:33:00+00:00,4391.97,4434.38,42.409999999999854
2026-09-10 10:34:00+00:00,4391.86,4434.48,42.61999999999989
2026-09-10 10:35:00+00:00,4392.0,4434.43,42.43000000000029
2026-09-10 10:36:00+00:00,4392.34,4434.73,42.38999999999942
2026-09-10 10:37:00+00:00,4391.35,4433.83,42.47999999999956
2026-09-10 10:38:00+00:00,4391.77,4434.33,42.55999999999949
2026-09-10 10:39:00+00:00,4391.06,4433.33,42.26999999999953
2026-09-10 10:40:00+00:00,4390.88,4433.43,42.55000000000018
2026-09-10 10:41:00+00:00,4389.68,4432.23,42.54999999999927
2026-09-10 10:42:00+00:00,4388.83,4431.43,42.600000000000364
2026-09-10 10:43:00+00:00,4392.06,4434.58,42.51999999999953
2026-09-10 10:44:00+00:00,4393.08,4435.53,42.44999999999982
2026-09-10 10:45:00+00:00,4393.55,4435.98,42.42999999999938
2026-09-10 10:46:00+00:00,4394.71,4437.28,42.56999999999971
2026-09-10 10:47:00+00:00,4394.5,4437.18,42.68000000000029
2026-09-10 10:48:00+00:00,4395.06,4437.73,42.66999999999916
2026-09-10 10:49:00+00:00,4395.11,4437.63,42.52000000000044
2026-09-10 10:50:00+00:00,4394.03,4436.68,42.650000000000546
2026-09-10 10:51:00+00:00,4394.68,4437.18,42.5
2026-09-10 10:52:00+00:00,4394.63,4437.23,42.599999999999454
2026-09-10 10:53:00+00:00,4394.82,4437.43,42.61000000000058
2026-09-10 10:54:00+00:00,4394.94,4437.48,42.539999999999964
2026-09-10 10:55:00+00:00,4394.49,4437.23,42.73999999999978
2026-09-10 10:56:00+00:00,4394.3,4437.13,42.82999999999993
2026-09-10 10:57:00+00:00,4394.23,4436.93,42.70000000000073
2026-09-10 10:58:00+00:00,4393.75,4436.33,42.57999999999993
2026-09-10 10:59:00+00:00,4394.09,4436.78,42.6899999999996
2026-09-10 11:00:00+00:00,4393.26,4436.03,42.76999999999953
2026-09-10 11:01:00+00:00,4395.2,4437.93,42.73000000000047
2026-09-10 11:02:00+00:00,4396.55,4439.28,42.72999999999956
2026-09-10 11:03:00+00:00,4397.49,4440.28,42.789999999999964
2026-09-10 11:04:00+00:00,4398.29,4440.88,42.590000000000146
2026-09-10 11:05:00+00:00,4399.74,4442.23,42.48999999999978
2026-09-10 11:06:00+00:00,4399.61,4442.18,42.57000000000062
2026-09-10 11:07:00+00:00,4397.07,4439.63,42.5600000000004
2026-09-10 11:08:00+00:00,4395.87,4438.18,42.3100000000004
2026-09-10 11:09:00+00:00,4392.89,4435.33,42.4399999999996
2026-09-10 11:10:00+00:00,4391.76,4434.23,42.469999999999345
2026-09-10 11:11:00+00:00,4393.44,4435.73,42.289999999999964
2026-09-10 11:12:00+00:00,4394.45,4436.68,42.23000000000047
2026-09-10 11:13:00+00:00,4396.19,4438.63,42.44000000000051
2026-09-10 11:14:00+00:00,4395.13,4437.73,42.599999999999454
2026-09-10 11:15:00+00:00,4398.09,4440.68,42.590000000000146
2026-09-10 11:16:00+00:00,4400.31,4442.63,42.31999999999971
2026-09-10 11:17:00+00:00,4398.61,4441.18,42.57000000000062
2026-09-10 11:18:00+00:00,4396.96,4439.53,42.56999999999971
2026-09-10 11:19:00+00:00,4398.7,4441.23,42.529999999999745
2026-09-10 11:20:00+00:00,4398.07,4440.53,42.460000000000036
2026-09-10 11:21:00+00:00,4398.38,4440.78,42.399999999999636
2026-09-10 11:22:00+00:00,4398.74,4441.08,42.340000000000146
2026-09-10 11:23:00+00:00,4396.77,4439.13,42.35999999999967
2026-09-10 11:24:00+00:00,4395.89,4438.43,42.539999999999964
2026-09-10 11:25:00+00:00,4397.27,4439.68,42.409999999999854
2026-09-10 11:26:00+00:00,4396.29,4438.68,42.39000000000033
2026-09-10 11:27:00+00:00,4394.93,4437.28,42.349999999999454
2026-09-10 11:28:00+00:00,4395.21,4437.63,42.42000000000007
2026-09-10 11:29:00+00:00,4394.08,4436.68,42.600000000000364
2026-09-10 11:30:00+00:00,4392.85,4435.23,42.3799999999992
2026-09-10 11:31:00+00:00,4390.27,4432.68,42.409999999999854
2026-09-10 11:32:00+00:00,4388.67,4430.93,42.26000000000022
2026-09-10 11:33:00+00:00,4386.12,4428.53,42.409999999999854
2026-09-10 11:34:00+00:00,4384.69,4427.28,42.590000000000146
2026-09-10 11:35:00+00:00,4382.19,4424.33,42.14000000000033
2026-09-10 11:36:00+00:00,4379.79,4421.98,42.1899999999996
2026-09-10 11:37:00+00:00,4384.14,4426.38,42.23999999999978
2026-09-10 11:38:00+00:00,4383.19,4425.43,42.24000000000069
2026-09-10 11:39:00+00:00,4385.49,4427.88,42.39000000000033
2026-09-10 11:40:00+00:00,4384.93,4427.28,42.349999999999454
2026-09-10 11:41:00+00:00,4383.69,4426.08,42.39000000000033
2026-09-10 11:42:00+00:00,4386.28,4428.73,42.44999999999982
2026-09-10 11:43:00+00:00,4384.72,4427.03,42.30999999999949
2026-09-10 11:44:00+00:00,4383.76,4426.23,42.469999999999345
2026-09-10 11:45:00+00:00,4384.04,4426.53,42.48999999999978
2026-09-10 11:46:00+00:00,4385.25,4427.53,42.279999999999745
2026-09-10 11:47:00+00:00,4383.2,4425.38,42.18000000000029
2026-09-10 11:48:00+00:00,4381.57,4423.88,42.3100000000004
2026-09-10 11:49:00+00:00,4383.13,4425.28,42.149999999999636
2026-09-10 11:50:00+00:00,4382.7,4424.83,42.13000000000011
2026-09-10 11:51:00+00:00,4379.77,4421.83,42.05999999999949
2026-09-10 11:52:00+00:00,4377.65,4419.58,41.93000000000029
2026-09-10 11:53:00+00:00,4378.49,4420.38,41.89000000000033
2026-09-10 11:54:00+00:00,4377.33,4419.38,42.05000000000018
2026-09-10 11:55:00+00:00,4379.2,4421.48,42.279999999999745
2026-09-10 11:56:00+00:00,4385.35,4427.48,42.1299999999992
2026-09-10 11:57:00+00:00,4382.93,4424.93,42.0
2026-09-10 11:58:00+00:00,4379.84,4422.23,42.38999999999942
2026-09-10 11:59:00+00:00,4379.04,4421.23,42.1899999999996
2026-09-10 12:00:00+00:00,4379.81,4422.08,42.26999999999953
2026-09-10 12:01:00+00:00,4380.9,4423.13,42.23000000000047
2026-09-10 12:02:00+00:00,4381.94,4424.18,42.24000000000069
2026-09-10 12:03:00+00:00,4382.25,4424.43,42.18000000000029
2026-09-10 12:04:00+00:00,4383.78,4426.18,42.400000000000546
2026-09-10 12:05:00+00:00,4383.19,4425.18,41.99000000000069
2026-09-10 12:06:00+00:00,4379.36,4421.48,42.11999999999989
2026-09-10 12:07:00+00:00,4381.85,4423.98,42.1299999999992
2026-09-10 12:08:00+00:00,4382.69,4424.73,42.039999999999964
2026-09-10 12:09:00+00:00,4379.68,4421.73,42.04999999999927
2026-09-10 12:10:00+00:00,4380.71,4422.63,41.92000000000007
2026-09-10 12:11:00+00:00,4377.75,4419.63,41.88000000000011
2026-09-10 12:12:00+00:00,4377.74,4419.93,42.19000000000051
2026-09-10 12:13:00+00:00,4380.32,4422.28,41.960000000000036
2026-09-10 12:14:00+00:00,4383.74,4425.58,41.840000000000146
2026-09-10 12:15:00+00:00,4383.84,4425.68,41.840000000000146
2026-09-10 12:16:00+00:00,4383.08,4424.98,41.899999999999636
2026-09-10 12:17:00+00:00,4382.34,4424.48,42.13999999999942
2026-09-10 12:18:00+00:00,4382.53,4424.78,42.25
2026-09-10 12:19:00+00:00,4382.78,4424.93,42.150000000000546
2026-09-10 12:20:00+00:00,4382.7,4424.88,42.18000000000029
2026-09-10 12:21:00+00:00,4379.85,4421.98,42.1299999999992
2026-09-10 12:22:00+00:00,4381.36,4423.58,42.220000000000255
2026-09-10 12:23:00+00:00,4382.17,4424.58,42.409999999999854
2026-09-10 12:24:00+00:00,4382.72,4424.83,42.10999999999967
2026-09-10 12:25:00+00:00,4385.84,4427.98,42.13999999999942
2026-09-10 12:26:00+00:00,4387.7,4429.98,42.279999999999745
2026-09-10 12:27:00+00:00,4387.19,4429.48,42.289999999999964
2026-09-10 12:28:00+00:00,4386.16,4428.43,42.27000000000044
2026-09-10 12:29:00+00:00,4385.86,4428.13,42.27000000000044
2026-09-10 12:30:00+00:00,4386.09,4428.38,42.289999999999964
2026-09-10 12:31:00+00:00,4386.69,4428.83,42.14000000000033
2026-09-10 12:32:00+00:00,4386.89,4429.28,42.38999999999942
2026-09-10 12:33:00+00:00,4388.37,4430.63,42.26000000000022
2026-09-10 12:34:00+00:00,4386.57,4428.83,42.26000000000022
2026-09-10 12:35:00+00:00,4388.39,4430.63,42.23999999999978
2026-09-10 12:36:00+00:00,4387.75,4430.03,42.279999999999745
2026-09-10 12:37:00+00:00,4387.84,4430.18,42.340000000000146
2026-09-10 12:38:00+00:00,4388.2,4430.53,42.32999999999993
2026-09-10 12:39:00+00:00,4389.4,4431.73,42.32999999999993
2026-09-10 12:40:00+00:00,4389.47,4431.73,42.25999999999931
2026-09-10 12:41:00+00:00,4389.44,4431.83,42.39000000000033
2026-09-10 12:42:00+00:00,4388.02,4430.23,42.20999999999913
2026-09-10 12:43:00+00:00,4384.67,4427.18,42.51000000000022
2026-09-10 12:44:00+00:00,4384.38,4426.83,42.44999999999982
2026-09-10 12:45:00+00:00,4384.12,4426.43,42.3100000000004
2026-09-10 12:46:00+00:00,4383.5,4425.68,42.18000000000029
2026-09-10 12:47:00+00:00,4381.22,4423.63,42.409999999999854
2026-09-10 12:48:00+00:00,4381.6,4423.88,42.279999999999745
2026-09-10 12:49:00+00:00,4381.4,4423.73,42.32999999999993
2026-09-10 12:50:00+00:00,4379.83,4422.13,42.30000000000018
2026-09-10 12:51:00+00:00,4376.62,4418.83,42.210000000000036
2026-09-10 12:52:00+00:00,4376.64,4418.68,42.039999999999964
2026-09-10 12:53:00+00:00,4377.67,4419.78,42.10999999999967
2026-09-10 12:54:00+00:00,4380.63,4422.63,42.0
2026-09-10 12:55:00+00:00,4377.19,4419.23,42.039999999999964
2026-09-10 12:56:00+00:00,4375.25,4417.58,42.32999999999993
2026-09-10 12:57:00+00:00,4376.37,4418.58,42.210000000000036
2026-09-10 12:58:00+00:00,4375.61,4417.88,42.27000000000044
2026-09-10 12:59:00+00:00,4374.4,4416.78,42.38000000000011
2026-09-10 13:00:00+00:00,4373.02,4415.28,42.25999999999931
2026-09-10 13:01:00+00:00,4374.77,4417.28,42.50999999999931
2026-09-10 13:02:00+00:00,4373.84,4416.03,42.1899999999996
2026-09-10 13:03:00+00:00,4371.41,4413.63,42.220000000000255
2026-09-10 13:04:00+00:00,4372.52,4414.78,42.25999999999931
2026-09-10 13:05:00+00:00,4372.31,4414.48,42.16999999999916
2026-09-10 13:06:00+00:00,4371.45,4413.53,42.07999999999993
2026-09-10 13:07:00+00:00,4373.98,4416.03,42.05000000000018
2026-09-10 13:08:00+00:00,4373.8,4415.78,41.97999999999956
2026-09-10 13:09:00+00:00,4372.07,4414.13,42.0600000000004
2026-09-10 13:10:00+00:00,4373.91,4415.73,41.81999999999971
2026-09-10 13:11:00+00:00,4374.82,4416.73,41.909999999999854
2026-09-10 13:12:00+00:00,4374.02,4415.98,41.95999999999913
2026-09-10 13:13:00+00:00,4373.64,4415.73,42.089999999999236
2026-09-10 13:14:00+00:00,4375.26,4416.98,41.719999999999345
2026-09-10 13:15:00+00:00,4372.68,4414.68,42.0
2026-09-10 13:16:00+00:00,4368.31,4411.23,42.91999999999916
2026-09-10 13:17:00+00:00,4369.88,4411.93,42.05000000000018
2026-09-10 13:18:00+00:00,4373.47,4415.38,41.909999999999854
2026-09-10 13:19:00+00:00,4371.87,4413.63,41.76000000000022
2026-09-10 13:20:00+00:00,4372.88,4414.93,42.05000000000018
2026-09-10 13:21:00+00:00,4368.69,4410.63,41.94000000000051
2026-09-10 13:22:00+00:00,4369.67,4411.53,41.85999999999967
2026-09-10 13:23:00+00:00,4367.6,4409.48,41.8799999999992
2026-09-10 13:24:00+00:00,4367.4,4409.23,41.82999999999993
2026-09-10 13:25:00+00:00,4364.26,4406.43,42.17000000000007
2026-09-10 13:26:00+00:00,4362.87,4404.68,41.8100000000004
2026-09-10 13:27:00+00:00,4362.4,4404.13,41.73000000000047
2026-09-10 13:28:00+00:00,4363.23,4404.98,41.75
2026-09-10 13:29:00+00:00,4363.71,4404.58,40.86999999999989
2026-09-10 13:30:00+00:00,4360.27,4401.73,41.45999999999913
2026-09-10 13:31:00+00:00,4352.63,4394.18,41.55000000000018
2026-09-10 13:32:00+00:00,4350.99,4392.48,41.48999999999978
2026-09-10 13:33:00+00:00,4348.25,4389.93,41.68000000000029
2026-09-10 13:34:00+00:00,4342.15,4383.73,41.57999999999993
2026-09-10 13:35:00+00:00,4341.1,4382.53,41.42999999999938
2026-09-10 13:36:00+00:00,4337.01,4378.68,41.67000000000007
2026-09-10 13:37:00+00:00,4331.26,4373.23,41.969999999999345
2026-09-10 13:38:00+00:00,4328.46,4370.23,41.76999999999953
2026-09-10 13:39:00+00:00,4327.38,4368.38,41.0
2026-09-10 13:40:00+00:00,4326.65,4370.63,43.98000000000047
2026-09-10 13:41:00+00:00,4328.75,4370.38,41.63000000000011
2026-09-10 13:42:00+00:00,4333.29,4374.43,41.14000000000033
2026-09-10 13:43:00+00:00,4332.42,4373.58,41.159999999999854
2026-09-10 13:44:00+00:00,4341.15,4382.33,41.18000000000029
2026-09-10 13:45:00+00:00,4341.46,4382.83,41.36999999999989
2026-09-10 13:46:00+00:00,4342.32,4383.68,41.36000000000058
2026-09-10 13:47:00+00:00,4340.97,4382.43,41.460000000000036
2026-09-10 13:48:00+00:00,4345.81,4387.13,41.31999999999971
2026-09-10 13:49:00+00:00,4349.48,4390.73,41.25
2026-09-10 13:50:00+00:00,4354.4,4395.88,41.48000000000047
2026-09-10 13:51:00+00:00,4350.92,4392.48,41.55999999999949
2026-09-10 13:52:00+00:00,4346.85,4388.43,41.57999999999993
2026-09-10 13:53:00+00:00,4344.52,4386.13,41.60999999999967
2026-09-10 13:54:00+00:00,4343.21,4384.88,41.67000000000007
2026-09-10 13:55:00+00:00,4338.27,4379.83,41.55999999999949
2026-09-10 13:56:00+00:00,4338.5,4379.93,41.43000000000029
2026-09-10 13:57:00+00:00,4341.58,4383.08,41.5
2026-09-10 13:58:00+00:00,4342.19,4383.58,41.39000000000033
2026-09-10 13:59:00+00:00,4340.18,4381.53,41.349999999999454
2026-09-10 14:00:00+00:00,4343.15,4384.78,41.63000000000011
2026-09-10 14:01:00+00:00,4348.58,4390.38,41.80000000000018
2026-09-10 14:02:00+00:00,4353.96,4395.78,41.81999999999971
2026-09-10 14:03:00+00:00,4350.97,4392.58,41.60999999999967
2026-09-10 14:04:00+00:00,4351.27,4392.78,41.50999999999931
2026-09-10 14:05:00+00:00,4348.69,4390.43,41.74000000000069
2026-09-10 14:06:00+00:00,4347.73,4389.48,41.75
2026-09-10 14:07:00+00:00,4347.46,4389.18,41.720000000000255
2026-09-10 14:08:00+00:00,4348.61,4390.53,41.92000000000007
2026-09-10 14:09:00+00:00,4347.33,4389.08,41.75
2026-09-10 14:10:00+00:00,4348.7,4390.58,41.88000000000011
2026-09-10 14:11:00+00:00,4346.65,4388.43,41.780000000000655
2026-09-10 14:12:00+00:00,4345.81,4387.38,41.56999999999971
2026-09-10 14:13:00+00:00,4346.65,4388.28,41.63000000000011
2026-09-10 14:14:00+00:00,4344.19,4385.83,41.64000000000033
2026-09-10 14:15:00+00:00,4345.17,4386.78,41.60999999999967
2026-09-10 14:16:00+00:00,4344.58,4386.08,41.5
2026-09-10 14:17:00+00:00,4344.89,4386.48,41.589999999999236
2026-09-10 14:18:00+00:00,4347.44,4389.23,41.789999999999964
2026-09-10 14:19:00+00:00,4349.1,4390.73,41.6299999999992
2026-09-10 14:20:00+00:00,4352.61,4394.28,41.67000000000007
2026-09-10 14:21:00+00:00,4353.37,4395.08,41.710000000000036
2026-09-10 14:22:00+00:00,4352.56,4394.23,41.66999999999916
2026-09-10 14:23:00+00:00,4354.14,4395.88,41.73999999999978
2026-09-10 14:24:00+00:00,4350.32,4391.93,41.61000000000058
2026-09-10 14:25:00+00:00,4349.23,4390.88,41.650000000000546
2026-09-10 14:26:00+00:00,4349.35,4390.93,41.57999999999993
2026-09-10 14:27:00+00:00,4354.06,4395.78,41.719999999999345
2026-09-10 14:28:00+00:00,4356.48,4398.28,41.80000000000018
2026-09-10 14:29:00+00:00,4357.4,4399.18,41.780000000000655
2026-09-10 14:30:00+00:00,4355.97,4397.63,41.659999999999854
2026-09-10 14:31:00+00:00,4357.06,4398.58,41.51999999999953
2026-09-10 14:32:00+00:00,4360.63,4402.38,41.75
2026-09-10 14:33:00+00:00,4367.34,4409.18,41.840000000000146
2026-09-10 14:34:00+00:00,4363.45,4405.38,41.93000000000029
2026-09-10 14:35:00+00:00,4360.11,4402.08,41.970000000000255
2026-09-10 14:36:00+00:00,4359.93,4401.73,41.79999999999927
2026-09-10 14:37:00+00:00,4367.07,4408.93,41.86000000000058
2026-09-10 14:38:00+00:00,4370.77,4412.93,42.159999999999854
2026-09-10 14:39:00+00:00,4369.83,4412.03,42.19999999999982
2026-09-10 14:40:00+00:00,4371.48,4413.83,42.350000000000364
2026-09-10 14:41:00+00:00,4369.6,4411.78,42.17999999999938
2026-09-10 14:42:00+00:00,4368.89,4411.23,42.339999999999236
2026-09-10 14:43:00+00:00,4366.44,4408.63,42.19000000000051
2026-09-10 14:44:00+00:00,4364.41,4406.78,42.36999999999989
2026-09-10 14:45:00+00:00,4366.25,4408.38,42.13000000000011
2026-09-10 14:46:00+00:00,4367.77,4409.98,42.20999999999913
2026-09-10 14:47:00+00:00,4372.04,4413.78,41.73999999999978
2026-09-10 14:48:00+00:00,4374.43,4416.48,42.04999999999927
2026-09-10 14:49:00+00:00,4371.64,4413.63,41.98999999999978
2026-09-10 14:50:00+00:00,4367.46,4409.38,41.92000000000007
2026-09-10 14:51:00+00:00,4364.2,4406.13,41.93000000000029
2026-09-10 14:52:00+00:00,4372.9,4414.88,41.98000000000047
2026-09-10 14:53:00+00:00,4371.98,4414.23,42.25
2026-09-10 14:54:00+00:00,4367.18,4409.23,42.04999999999927
2026-09-10 14:55:00+00:00,4366.17,4408.58,42.409999999999854
2026-09-10 14:56:00+00:00,4369.13,4411.33,42.19999999999982
2026-09-10 14:57:00+00:00,4367.4,4409.58,42.18000000000029
2026-09-10 14:58:00+00:00,4366.33,4408.78,42.44999999999982
2026-09-10 14:59:00+00:00,4365.81,4408.23,42.41999999999916
2026-09-10 15:00:00+00:00,4367.94,4410.48,42.539999999999964
2026-09-10 15:01:00+00:00,4373.44,4415.88,42.44000000000051
2026-09-10 15:02:00+00:00,4372.47,4415.08,42.60999999999967
2026-09-10 15:03:00+00:00,4371.68,4414.18,42.5
2026-09-10 15:04:00+00:00,4369.94,4412.58,42.64000000000033
2026-09-10 15:05:00+00:00,4367.24,4409.78,42.539999999999964
2026-09-10 15:06:00+00:00,4364.83,4407.23,42.399999999999636
2026-09-10 15:07:00+00:00,4362.01,4404.53,42.51999999999953
2026-09-10 15:08:00+00:00,4362.02,4404.43,42.409999999999854
2026-09-10 15:09:00+00:00,4364.44,4406.83,42.39000000000033
2026-09-10 15:10:00+00:00,4362.67,4405.33,42.659999999999854
2026-09-10 15:11:00+00:00,4365.85,4408.23,42.3799999999992
2026-09-10 15:12:00+00:00,4360.14,4402.63,42.48999999999978
2026-09-10 15:13:00+00:00,4360.71,4403.18,42.470000000000255
2026-09-10 15:14:00+00:00,4359.4,4401.88,42.48000000000047
2026-09-10 15:15:00+00:00,4361.29,4403.83,42.539999999999964
2026-09-10 15:16:00+00:00,4359.59,4402.18,42.590000000000146
2026-09-10 15:17:00+00:00,4355.4,4397.93,42.530000000000655
2026-09-10 15:18:00+00:00,4359.54,4402.03,42.48999999999978
2026-09-10 15:19:00+00:00,4361.51,4404.03,42.51999999999953
2026-09-10 15:20:00+00:00,4363.62,4406.23,42.60999999999967
2026-09-10 15:21:00+00:00,4364.71,4407.13,42.42000000000007
2026-09-10 15:22:00+00:00,4366.68,4409.28,42.599999999999454
2026-09-10 15:23:00+00:00,4361.85,4404.53,42.67999999999938
2026-09-10 15:24:00+00:00,4370.54,4413.93,43.39000000000033
2026-09-10 15:25:00+00:00,4371.52,4414.23,42.70999999999913
2026-09-10 15:26:00+00:00,4366.39,4408.98,42.589999999999236
2026-09-10 15:27:00+00:00,4366.9,4409.38,42.48000000000047
2026-09-10 15:28:00+00:00,4367.41,4410.03,42.61999999999989
2026-09-10 15:29:00+00:00,4363.44,4405.98,42.539999999999964
2026-09-10 15:30:00+00:00,4361.01,4403.58,42.56999999999971
2026-09-10 15:31:00+00:00,4361.85,4404.23,42.3799999999992
2026-09-10 15:32:00+00:00,4363.58,4405.88,42.30000000000018
2026-09-10 15:33:00+00:00,4362.41,4404.88,42.470000000000255
2026-09-10 15:34:00+00:00,4364.75,4407.13,42.38000000000011
2026-09-10 15:35:00+00:00,4368.28,4410.73,42.44999999999982
2026-09-10 15:36:00+00:00,4370.1,4412.63,42.529999999999745
2026-09-10 15:37:00+00:00,4368.84,4411.28,42.4399999999996
2026-09-10 15:38:00+00:00,4367.08,4409.33,42.25
2026-09-10 15:39:00+00:00,4363.33,4405.53,42.19999999999982
2026-09-10 15:40:00+00:00,4368.83,4411.08,42.25
2026-09-10 15:41:00+00:00,4365.21,4407.63,42.42000000000007
2026-09-10 15:42:00+00:00,4360.57,4402.78,42.210000000000036
2026-09-10 15:43:00+00:00,4357.46,4399.93,42.470000000000255
2026-09-10 15:44:00+00:00,4356.35,4398.78,42.42999999999938
2026-09-10 15:45:00+00:00,4355.46,4397.78,42.31999999999971
2026-09-10 15:46:00+00:00,4357.64,4399.83,42.1899999999996
2026-09-10 15:47:00+00:00,4354.75,4397.03,42.279999999999745
2026-09-10 15:48:00+00:00,4357.02,4399.23,42.20999999999913
2026-09-10 15:49:00+00:00,4357.96,4400.13,42.17000000000007
2026-09-10 15:50:00+00:00,4356.89,4399.23,42.339999999999236
2026-09-10 15:51:00+00:00,4359.2,4401.38,42.18000000000029
2026-09-10 15:52:00+00:00,4359.99,4402.23,42.23999999999978
2026-09-10 15:53:00+00:00,4361.21,4403.08,41.86999999999989
2026-09-10 15:54:00+00:00,4355.26,4397.33,42.06999999999971
2026-09-10 15:55:00+00:00,4355.95,4398.03,42.07999999999993
2026-09-10 15:56:00+00:00,4358.91,4400.83,41.92000000000007
2026-09-10 15:57:00+00:00,4358.5,4400.53,42.029999999999745
2026-09-10 15:58:00+00:00,4357.39,4399.33,41.9399999999996
2026-09-10 15:59:00+00:00,4358.05,4400.08,42.029999999999745
2026-09-10 16:00:00+00:00,4356.65,4398.78,42.13000000000011
2026-09-10 16:01:00+00:00,4354.05,4395.73,41.67999999999938
2026-09-10 16:02:00+00:00,4353.87,4395.53,41.659999999999854
2026-09-10 16:03:00+00:00,4354.56,4396.48,41.91999999999916
2026-09-10 16:04:00+00:00,4353.69,4395.48,41.789999999999964
2026-09-10 16:05:00+00:00,4357.3,4399.08,41.779999999999745
2026-09-10 16:06:00+00:00,4354.77,4396.73,41.95999999999913
2026-09-10 16:07:00+00:00,4356.89,4398.83,41.9399999999996
2026-09-10 16:08:00+00:00,4358.78,4400.63,41.850000000000364
2026-09-10 16:09:00+00:00,4355.68,4397.53,41.849999999999454
2026-09-10 16:10:00+00:00,4360.5,4402.18,41.68000000000029
2026-09-10 16:11:00+00:00,4359.15,4401.08,41.93000000000029
2026-09-10 16:12:00+00:00,4357.92,4399.68,41.76000000000022
2026-09-10 16:13:00+00:00,4358.4,4400.28,41.88000000000011
2026-09-10 16:14:00+00:00,4359.6,4401.58,41.97999999999956
2026-09-10 16:15:00+00:00,4362.54,4404.38,41.840000000000146
2026-09-10 16:16:00+00:00,4361.92,4403.93,42.01000000000022
2026-09-10 16:17:00+00:00,4364.25,4406.23,41.97999999999956
2026-09-10 16:18:00+00:00,4364.59,4406.53,41.9399999999996
2026-09-10 16:19:00+00:00,4363.49,4405.38,41.89000000000033
2026-09-10 16:20:00+00:00,4362.35,4404.18,41.82999999999993
2026-09-10 16:21:00+00:00,4364.15,4405.98,41.82999999999993
2026-09-10 16:22:00+00:00,4366.26,4408.33,42.06999999999971
2026-09-10 16:23:00+00:00,4365.37,4407.23,41.85999999999967
2026-09-10 16:24:00+00:00,4366.17,4407.93,41.76000000000022
2026-09-10 16:25:00+00:00,4366.13,4408.03,41.899999999999636
2026-09-10 16:26:00+00:00,4365.21,4406.93,41.720000000000255
2026-09-10 16:27:00+00:00,4367.46,4409.28,41.81999999999971
2026-09-10 16:28:00+00:00,4363.34,4405.08,41.73999999999978
2026-09-10 16:29:00+00:00,4365.33,4407.18,41.850000000000364
2026-09-10 16:30:00+00:00,4366.24,4408.08,41.840000000000146
2026-09-10 16:31:00+00:00,4364.1,4405.93,41.82999999999993
2026-09-10 16:32:00+00:00,4363.3,4405.13,41.82999999999993
2026-09-10 16:33:00+00:00,4366.73,4408.63,41.900000000000546
2026-09-10 16:34:00+00:00,4369.5,4411.38,41.88000000000011
2026-09-10 16:35:00+00:00,4369.99,4411.93,41.94000000000051
2026-09-10 16:36:00+00:00,4369.78,4411.73,41.94999999999982
2026-09-10 16:37:00+00:00,4370.97,4412.68,41.710000000000036
2026-09-10 16:38:00+00:00,4369.4,4411.28,41.88000000000011
2026-09-10 16:39:00+00:00,4368.38,4410.23,41.849999999999454
2026-09-10 16:40:00+00:00,4366.33,4408.13,41.80000000000018
2026-09-10 16:41:00+00:00,4366.78,4408.78,42.0
2026-09-10 16:42:00+00:00,4365.38,4407.18,41.80000000000018
2026-09-10 16:43:00+00:00,4364.94,4406.73,41.789999999999964
2026-09-10 16:44:00+00:00,4365.92,4407.78,41.85999999999967
2026-09-10 16:45:00+00:00,4364.4,4406.23,41.82999999999993
2026-09-10 16:46:00+00:00,4363.76,4405.58,41.81999999999971
2026-09-10 16:47:00+00:00,4362.42,4404.43,42.01000000000022
2026-09-10 16:48:00+00:00,4362.59,4404.63,42.039999999999964
2026-09-10 16:49:00+00:00,4366.95,4408.98,42.029999999999745
2026-09-10 16:50:00+00:00,4365.57,4407.73,42.159999999999854
2026-09-10 16:51:00+00:00,4368.46,4410.53,42.06999999999971
2026-09-10 16:52:00+00:00,4368.32,4410.48,42.159999999999854
2026-09-10 16:53:00+00:00,4367.5,4409.43,41.93000000000029
2026-09-10 16:54:00+00:00,4365.66,4407.78,42.11999999999989
2026-09-10 16:55:00+00:00,4366.09,4407.83,41.73999999999978
2026-09-10 16:56:00+00:00,4365.56,4407.58,42.01999999999953
2026-09-10 16:57:00+00:00,4365.51,4407.33,41.81999999999971
2026-09-10 16:58:00+00:00,4367.23,4409.33,42.100000000000364
2026-09-10 16:59:00+00:00,4365.87,4407.83,41.960000000000036
2026-09-10 17:00:00+00:00,4368.09,4409.93,41.840000000000146
2026-09-10 17:01:00+00:00,4367.61,4409.53,41.92000000000007
2026-09-10 17:02:00+00:00,4367.92,4409.78,41.85999999999967
2026-09-10 17:03:00+00:00,4368.37,4410.38,42.01000000000022
2026-09-10 17:04:00+00:00,4367.29,4409.08,41.789999999999964
2026-09-10 17:05:00+00:00,4366.34,4408.08,41.73999999999978
2026-09-10 17:06:00+00:00,4365.1,4406.93,41.82999999999993
2026-09-10 17:07:00+00:00,4363.83,4405.73,41.899999999999636
2026-09-10 17:08:00+00:00,4360.48,4402.33,41.850000000000364
2026-09-10 17:09:00+00:00,4359.75,4401.63,41.88000000000011
2026-09-10 17:10:00+00:00,4357.33,4399.13,41.80000000000018
2026-09-10 17:11:00+00:00,4355.26,4397.08,41.81999999999971
2026-09-10 17:12:00+00:00,4357.97,4399.73,41.75999999999931
2026-09-10 17:13:00+00:00,4358.92,4400.68,41.76000000000022
2026-09-10 17:14:00+00:00,4358.88,4400.93,42.05000000000018
2026-09-10 17:15:00+00:00,4359.5,4401.48,41.97999999999956
2026-09-10 17:16:00+00:00,4357.68,4399.58,41.899999999999636
2026-09-10 17:17:00+00:00,4355.44,4397.18,41.74000000000069
2026-09-10 17:18:00+00:00,4356.98,4398.63,41.650000000000546
2026-09-10 17:19:00+00:00,4359.33,4401.13,41.80000000000018
2026-09-10 17:20:00+00:00,4359.93,4401.93,42.0
2026-09-10 17:21:00+00:00,4361.31,4403.33,42.01999999999953
2026-09-10 17:22:00+00:00,4362.04,4403.93,41.89000000000033
2026-09-10 17:23:00+00:00,4361.35,4403.33,41.97999999999956
2026-09-10 17:24:00+00:00,4361.27,4403.13,41.85999999999967
2026-09-10 17:25:00+00:00,4360.24,4402.33,42.090000000000146
2026-09-10 17:26:00+00:00,4362.35,4404.18,41.82999999999993
2026-09-10 17:27:00+00:00,4362.22,4404.13,41.909999999999854
2026-09-10 17:28:00+00:00,4362.26,4404.38,42.11999999999989
2026-09-10 17:29:00+00:00,4363.13,4404.93,41.80000000000018
2026-09-10 17:30:00+00:00,4361.84,4403.73,41.88999999999942
2026-09-10 17:31:00+00:00,4363.75,4405.48,41.72999999999956
2026-09-10 17:32:00+00:00,4364.74,4406.53,41.789999999999964
2026-09-10 17:33:00+00:00,4363.83,4405.68,41.850000000000364
2026-09-10 17:34:00+00:00,4357.35,4399.33,41.97999999999956
2026-09-10 17:35:00+00:00,4357.01,4398.78,41.76999999999953
2026-09-10 17:36:00+00:00,4358.61,4400.53,41.92000000000007
2026-09-10 17:37:00+00:00,4360.04,4401.88,41.840000000000146
2026-09-10 17:38:00+00:00,4359.87,4401.73,41.85999999999967
2026-09-10 17:39:00+00:00,4360.59,4402.43,41.840000000000146
2026-09-10 17:40:00+00:00,4359.84,4401.73,41.88999999999942
2026-09-10 17:41:00+00:00,4361.47,4403.48,42.00999999999931
2026-09-10 17:42:00+00:00,4357.53,4399.48,41.94999999999982
2026-09-10 17:43:00+00:00,4357.76,4399.73,41.969999999999345
2026-09-10 17:44:00+00:00,4356.52,4398.18,41.659999999999854
2026-09-10 17:45:00+00:00,4360.76,4402.58,41.81999999999971
2026-09-10 17:46:00+00:00,4360.7,4402.63,41.93000000000029
2026-09-10 17:47:00+00:00,4362.42,4404.33,41.909999999999854
2026-09-10 17:48:00+00:00,4360.94,4402.83,41.89000000000033
2026-09-10 17:49:00+00:00,4360.24,4402.13,41.89000000000033
2026-09-10 17:50:00+00:00,4361.99,4403.78,41.789999999999964
2026-09-10 17:51:00+00:00,4362.36,4404.08,41.720000000000255
2026-09-10 17:52:00+00:00,4362.28,4404.03,41.75
2026-09-10 17:53:00+00:00,4363.17,4405.03,41.85999999999967
2026-09-10 17:54:00+00:00,4361.65,4403.63,41.98000000000047
2026-09-10 17:55:00+00:00,4360.98,4402.93,41.95000000000073
2026-09-10 17:56:00+00:00,4360.32,4402.08,41.76000000000022
2026-09-10 17:57:00+00:00,4361.29,4403.18,41.89000000000033
2026-09-10 17:58:00+00:00,4364.03,4405.98,41.94999999999982
2026-09-10 17:59:00+00:00,4364.2,4405.98,41.779999999999745
2026-09-10 18:00:00+00:00,4363.4,4405.63,42.23000000000047
2026-09-10 18:01:00+00:00,4362.54,4404.53,41.98999999999978
2026-09-10 18:02:00+00:00,4362.64,4404.48,41.839999999999236
2026-09-10 18:03:00+00:00,4360.61,4402.58,41.970000000000255
2026-09-10 18:04:00+00:00,4363.78,4405.58,41.80000000000018
2026-09-10 18:05:00+00:00,4361.49,4403.43,41.94000000000051
2026-09-10 18:06:00+00:00,4362.57,4404.58,42.01000000000022
2026-09-10 18:07:00+00:00,4363.28,4405.13,41.850000000000364
2026-09-10 18:08:00+00:00,4361.98,4403.88,41.900000000000546
2026-09-10 18:09:00+00:00,4361.95,4403.78,41.82999999999993
2026-09-10 18:10:00+00:00,4365.91,4407.93,42.02000000000044
2026-09-10 18:11:00+00:00,4365.72,4407.88,42.159999999999854
2026-09-10 18:12:00+00:00,4365.27,4407.23,41.95999999999913
2026-09-10 18:13:00+00:00,4362.11,4403.93,41.82000000000062
2026-09-10 18:14:00+00:00,4362.69,4404.38,41.69000000000051
2026-09-10 18:15:00+00:00,4361.75,4403.83,42.07999999999993
2026-09-10 18:16:00+00:00,4363.63,4405.73,42.099999999999454
2026-09-10 18:17:00+00:00,4362.81,4404.88,42.06999999999971
2026-09-10 18:18:00+00:00,4362.81,4404.53,41.719999999999345
2026-09-10 18:19:00+00:00,4364.3,4406.13,41.82999999999993
2026-09-10 18:20:00+00:00,4364.49,4406.43,41.94000000000051
2026-09-10 18:21:00+00:00,4363.93,4405.93,42.0
2026-09-10 18:22:00+00:00,4363.54,4405.43,41.89000000000033
2026-09-10 18:23:00+00:00,4363.07,4405.08,42.01000000000022
2026-09-10 18:24:00+00:00,4362.64,4404.53,41.88999999999942
2026-09-10 18:25:00+00:00,4363.36,4405.28,41.92000000000007
2026-09-10 18:26:00+00:00,4364.92,4406.98,42.05999999999949
2026-09-10 18:27:00+00:00,4365.97,4407.83,41.85999999999967
2026-09-10 18:28:00+00:00,4365.29,4407.23,41.9399999999996
2026-09-10 18:29:00+00:00,4365.81,4407.68,41.86999999999989
2026-09-10 18:30:00+00:00,4364.26,4405.98,41.719999999999345
2026-09-10 18:31:00+00:00,4365.2,4406.88,41.68000000000029
2026-09-10 18:32:00+00:00,4364.92,4406.68,41.76000000000022
2026-09-10 18:33:00+00:00,4362.67,4404.28,41.60999999999967
2026-09-10 18:34:00+00:00,4362.7,4404.43,41.73000000000047
2026-09-10 18:35:00+00:00,4363.43,4405.13,41.69999999999982
2026-09-10 18:36:00+00:00,4363.09,4404.83,41.73999999999978
2026-09-10 18:37:00+00:00,4361.81,4403.63,41.81999999999971
2026-09-10 18:38:00+00:00,4362.55,4404.28,41.72999999999956
2026-09-10 18:39:00+00:00,4358.73,4400.38,41.650000000000546
2026-09-10 18:40:00+00:00,4355.82,4397.33,41.51000000000022
2026-09-10 18:41:00+00:00,4356.29,4397.83,41.539999999999964
2026-09-10 18:42:00+00:00,4356.67,4398.48,41.80999999999949
2026-09-10 18:43:00+00:00,4358.44,4400.08,41.64000000000033
2026-09-10 18:44:00+00:00,4359.52,4401.03,41.50999999999931
2026-09-10 18:45:00+00:00,4359.7,4401.23,41.529999999999745
2026-09-10 18:46:00+00:00,4357.66,4399.23,41.56999999999971
2026-09-10 18:47:00+00:00,4357.35,4398.73,41.3799999999992
2026-09-10 18:48:00+00:00,4357.02,4398.63,41.60999999999967
2026-09-10 18:49:00+00:00,4357.69,4399.28,41.590000000000146
2026-09-10 18:50:00+00:00,4357.5,4399.03,41.529999999999745
2026-09-10 18:51:00+00:00,4358.75,4400.23,41.47999999999956
2026-09-10 18:52:00+00:00,4359.32,4400.93,41.61000000000058
2026-09-10 18:53:00+00:00,4358.65,4400.23,41.57999999999993
2026-09-10 18:54:00+00:00,4359.54,4401.13,41.590000000000146
2026-09-10 18:55:00+00:00,4357.01,4398.63,41.61999999999989
2026-09-10 18:56:00+00:00,4355.0,4396.53,41.529999999999745
2026-09-10 18:57:00+00:00,4351.82,4393.23,41.409999999999854
2026-09-10 18:58:00+00:00,4351.67,4393.18,41.51000000000022
2026-09-10 18:59:00+00:00,4352.66,4394.18,41.52000000000044
2026-09-10 19:00:00+00:00,4355.23,4396.68,41.45000000000073
2026-09-10 19:01:00+00:00,4350.87,4392.48,41.60999999999967
2026-09-10 19:02:00+00:00,4352.6,4394.23,41.6299999999992
2026-09-10 19:03:00+00:00,4349.01,4390.68,41.67000000000007
2026-09-10 19:04:00+00:00,4350.9,4392.38,41.48000000000047
2026-09-10 19:05:00+00:00,4348.67,4390.23,41.55999999999949
2026-09-10 19:06:00+00:00,4349.26,4390.93,41.67000000000007
2026-09-10 19:07:00+00:00,4349.18,4390.83,41.649999999999636
2026-09-10 19:08:00+00:00,4345.38,4386.13,40.75
2026-09-10 19:09:00+00:00,4343.23,4384.68,41.45000000000073
2026-09-10 19:10:00+00:00,4341.97,4383.33,41.35999999999967
2026-09-10 19:11:00+00:00,4342.43,4383.93,41.5
2026-09-10 19:12:00+00:00,4342.78,4384.18,41.400000000000546
2026-09-10 19:13:00+00:00,4340.44,4381.88,41.44000000000051
2026-09-10 19:14:00+00:00,4340.97,4382.23,41.25999999999931
2026-09-10 19:15:00+00:00,4342.03,4383.48,41.44999999999982
2026-09-10 19:16:00+00:00,4341.96,4383.13,41.17000000000007
2026-09-10 19:17:00+00:00,4341.21,4382.63,41.42000000000007
2026-09-10 19:18:00+00:00,4341.4,4382.63,41.23000000000047
2026-09-10 19:19:00+00:00,4342.24,4383.63,41.39000000000033
2026-09-10 19:20:00+00:00,4343.36,4384.63,41.27000000000044
2026-09-10 19:21:00+00:00,4343.03,4384.28,41.25
2026-09-10 19:22:00+00:00,4344.79,4386.08,41.289999999999964
2026-09-10 19:23:00+00:00,4344.89,4386.18,41.289999999999964
2026-09-10 19:24:00+00:00,4344.07,4385.28,41.210000000000036
2026-09-10 19:25:00+00:00,4342.95,4384.23,41.279999999999745
2026-09-10 19:26:00+00:00,4338.44,4379.68,41.24000000000069
2026-09-10 19:27:00+00:00,4338.62,4379.98,41.35999999999967
2026-09-10 19:28:00+00:00,4341.13,4382.53,41.399999999999636
2026-09-10 19:29:00+00:00,4339.13,4380.38,41.25
2026-09-10 19:30:00+00:00,4336.49,4377.78,41.289999999999964
2026-09-10 19:31:00+00:00,4337.69,4379.03,41.340000000000146
2026-09-10 19:32:00+00:00,4335.86,4377.18,41.32000000000062
2026-09-10 19:33:00+00:00,4332.97,4374.38,41.409999999999854
2026-09-10 19:34:00+00:00,4335.3,4376.68,41.38000000000011
2026-09-10 19:35:00+00:00,4335.16,4376.43,41.27000000000044
2026-09-10 19:36:00+00:00,4333.7,4375.33,41.63000000000011
2026-09-10 19:37:00+00:00,4333.61,4375.08,41.470000000000255
2026-09-10 19:38:00+00:00,4333.83,4375.23,41.399999999999636
2026-09-10 19:39:00+00:00,4334.29,4375.58,41.289999999999964
2026-09-10 19:40:00+00:00,4332.13,4373.43,41.30000000000018
2026-09-10 19:41:00+00:00,4334.88,4376.13,41.25
2026-09-10 19:42:00+00:00,4334.29,4375.63,41.340000000000146
2026-09-10 19:43:00+00:00,4333.38,4374.93,41.55000000000018
2026-09-10 19:44:00+00:00,4333.91,4375.23,41.31999999999971
2026-09-10 19:45:00+00:00,4332.3,4373.48,41.17999999999938
2026-09-10 19:46:00+00:00,4332.23,4373.58,41.350000000000364
2026-09-10 19:47:00+00:00,4331.57,4372.88,41.3100000000004
2026-09-10 19:48:00+00:00,4331.04,4372.28,41.23999999999978
2026-09-10 19:49:00+00:00,4331.94,4373.23,41.289999999999964
2026-09-10 19:50:00+00:00,4332.79,4374.13,41.340000000000146
2026-09-10 19:51:00+00:00,4337.07,4378.33,41.26000000000022
2026-09-10 19:52:00+00:00,4337.39,4378.48,41.089999999999236
2026-09-10 19:53:00+00:00,4333.33,4374.53,41.19999999999982
2026-09-10 19:54:00+00:00,4331.46,4372.73,41.26999999999953
2026-09-10 19:55:00+00:00,4335.11,4376.38,41.27000000000044
2026-09-10 19:56:00+00:00,4335.72,4376.93,41.210000000000036
2026-09-10 19:57:00+00:00,4332.68,4373.83,41.149999999999636
2026-09-10 19:58:00+00:00,4332.03,4373.18,41.150000000000546
2026-09-10 19:59:00+00:00,4333.03,4374.08,41.05000000000018
2026-09-10 20:00:00+00:00,4326.57,4367.83,41.26000000000022
2026-09-10 20:01:00+00:00,4321.36,4362.28,40.92000000000007
2026-09-10 20:02:00+00:00,4315.59,4356.53,40.9399999999996
2026-09-10 20:03:00+00:00,4315.54,4356.53,40.98999999999978
2026-09-10 20:04:00+00:00,4316.67,4357.78,41.10999999999967
2026-09-10 20:05:00+00:00,4318.31,4359.38,41.06999999999971
2026-09-10 20:06:00+00:00,4319.36,4360.38,41.02000000000044
2026-09-10 20:07:00+00:00,4317.34,4358.43,41.090000000000146
2026-09-10 20:08:00+00:00,4318.22,4359.23,41.00999999999931
2026-09-10 20:09:00+00:00,4324.41,4365.43,41.02000000000044
2026-09-10 20:10:00+00:00,4320.71,4361.73,41.01999999999953
2026-09-10 20:11:00+00:00,4320.99,4361.88,40.89000000000033
2026-09-10 20:12:00+00:00,4321.43,4362.28,40.849999999999454
2026-09-10 20:13:00+00:00,4321.6,4362.43,40.82999999999993
2026-09-10 20:14:00+00:00,4322.46,4363.53,41.06999999999971
2026-09-10 20:15:00+00:00,4321.51,4362.53,41.01999999999953
2026-09-10 20:16:00+00:00,4320.12,4361.28,41.159999999999854
2026-09-10 20:17:00+00:00,4320.62,4361.63,41.01000000000022
2026-09-10 20:18:00+00:00,4320.28,4361.43,41.150000000000546
2026-09-10 20:19:00+00:00,4321.22,4362.23,41.00999999999931
2026-09-10 20:20:00+00:00,4322.44,4363.48,41.039999999999964
2026-09-10 20:21:00+00:00,4323.65,4364.53,40.88000000000011
2026-09-10 20:22:00+00:00,4324.25,4365.28,41.029999999999745
2026-09-10 20:23:00+00:00,4323.82,4364.83,41.01000000000022
2026-09-10 20:24:00+00:00,4329.59,4370.53,40.9399999999996
2026-09-10 20:25:00+00:00,4328.8,4369.88,41.07999999999993
2026-09-10 20:26:00+00:00,4330.01,4371.03,41.01999999999953
2026-09-10 20:27:00+00:00,4330.55,4371.58,41.029999999999745
2026-09-10 20:28:00+00:00,4328.32,4369.38,41.0600000000004
2026-09-10 20:29:00+00:00,4327.16,4368.48,41.31999999999971
2026-09-10 20:30:00+00:00,4325.43,4366.73,41.29999999999927
2026-09-10 20:31:00+00:00,4329.55,4370.68,41.13000000000011
2026-09-10 20:32:00+00:00,4327.23,4368.48,41.25
2026-09-10 20:33:00+00:00,4326.26,4367.58,41.31999999999971
2026-09-10 20:34:00+00:00,4327.12,4368.33,41.210000000000036
2026-09-10 20:35:00+00:00,4326.81,4367.88,41.06999999999971
2026-09-10 20:36:00+00:00,4327.85,4368.93,41.07999999999993
2026-09-10 20:37:00+00:00,4325.85,4366.88,41.029999999999745
2026-09-10 20:38:00+00:00,4326.63,4367.58,40.94999999999982
2026-09-10 20:39:00+00:00,4326.94,4368.18,41.24000000000069
2026-09-10 20:40:00+00:00,4327.13,4368.23,41.099999999999454
2026-09-10 20:41:00+00:00,4326.52,4367.43,40.909999999999854
2026-09-10 20:42:00+00:00,4325.09,4366.08,40.98999999999978
2026-09-10 20:43:00+00:00,4324.5,4365.48,40.97999999999956
2026-09-10 20:44:00+00:00,4324.42,4365.38,40.960000000000036
2026-09-10 20:45:00+00:00,4325.4,4366.18,40.780000000000655
2026-09-10 20:46:00+00:00,4323.18,4363.93,40.75
2026-09-10 20:47:00+00:00,4323.67,4364.58,40.909999999999854
2026-09-10 20:48:00+00:00,4321.73,4362.73,41.0
2026-09-10 20:49:00+00:00,4323.2,4364.18,40.98000000000047
2026-09-10 20:50:00+00:00,4321.31,4362.18,40.86999999999989
2026-09-10 20:51:00+00:00,4321.22,4362.08,40.85999999999967
2026-09-10 20:52:00+00:00,4321.58,4362.33,40.75
2026-09-10 20:53:00+00:00,4324.62,4365.43,40.8100000000004
2026-09-10 20:54:00+00:00,4323.99,4364.83,40.840000000000146
2026-09-10 20:55:00+00:00,4323.55,4364.53,40.97999999999956
2026-09-10 20:56:00+00:00,4324.42,4365.23,40.80999999999949
2026-09-10 20:57:00+00:00,4322.92,4363.83,40.909999999999854
2026-09-10 20:58:00+00:00,4324.05,4365.03,40.97999999999956
2026-09-10 20:59:00+00:00,4324.44,4365.53,41.090000000000146
2026-09-10 21:00:00+00:00,4323.34,4364.53,41.1899999999996
2026-09-10 21:01:00+00:00,4322.02,4363.03,41.00999999999931
2026-09-10 21:02:00+00:00,4322.1,4363.18,41.07999999999993
2026-09-10 21:03:00+00:00,4322.41,4363.43,41.02000000000044
2026-09-10 21:04:00+00:00,4321.43,4362.48,41.04999999999927
2026-09-10 21:05:00+00:00,4322.32,4363.03,40.710000000000036
2026-09-10 21:06:00+00:00,4322.2,4363.23,41.029999999999745
2026-09-10 21:07:00+00:00,4322.02,4363.23,41.20999999999913
2026-09-10 21:08:00+00:00,4322.35,4363.53,41.17999999999938
2026-09-10 21:09:00+00:00,4322.9,4363.98,41.07999999999993
2026-09-10 21:10:00+00:00,4323.2,4364.38,41.18000000000029
2026-09-10 21:11:00+00:00,4323.1,4364.03,40.92999999999938
2026-09-10 21:12:00+00:00,4322.63,4363.63,41.0
2026-09-10 21:13:00+00:00,4323.01,4364.18,41.17000000000007
2026-09-10 21:14:00+00:00,4323.09,4364.13,41.039999999999964
2026-09-10 21:15:00+00:00,4322.73,4363.83,41.100000000000364
2026-09-10 21:16:00+00:00,4323.02,4364.03,41.00999999999931
2026-09-10 21:17:00+00:00,4322.51,4363.58,41.06999999999971
2026-09-10 21:18:00+00:00,4322.69,4363.83,41.14000000000033
2026-09-10 21:19:00+00:00,4321.73,4362.83,41.100000000000364
2026-09-10 21:20:00+00:00,4319.12,4360.23,41.10999999999967
2026-09-10 21:21:00+00:00,4318.09,4359.13,41.039999999999964
2026-09-10 21:22:00+00:00,4317.91,4358.88,40.970000000000255
2026-09-10 21:23:00+00:00,4317.28,4358.43,41.150000000000546
2026-09-10 21:24:00+00:00,4316.89,4357.93,41.039999999999964
2026-09-10 21:25:00+00:00,4317.57,4358.63,41.0600000000004
2026-09-10 21:26:00+00:00,4318.47,4359.53,41.05999999999949
2026-09-10 21:27:00+00:00,4318.61,4359.68,41.07000000000062
2026-09-10 21:28:00+00:00,4318.98,4360.08,41.100000000000364
2026-09-10 21:29:00+00:00,4318.95,4359.93,40.98000000000047
2026-09-10 21:30:00+00:00,4318.32,4359.43,41.11000000000058
2026-09-10 21:31:00+00:00,4316.76,4357.88,41.11999999999989
2026-09-10 21:32:00+00:00,4317.65,4358.93,41.280000000000655
2026-09-10 21:33:00+00:00,4317.25,4358.38,41.13000000000011
2026-09-10 21:34:00+00:00,4317.0,4357.93,40.93000000000029
2026-09-10 21:35:00+00:00,4316.73,4357.88,41.150000000000546
2026-09-10 21:36:00+00:00,4316.77,4357.73,40.95999999999913
2026-09-10 21:37:00+00:00,4316.96,4357.98,41.01999999999953
2026-09-10 21:38:00+00:00,4317.76,4358.73,40.969999999999345
2026-09-10 21:39:00+00:00,4317.13,4358.18,41.05000000000018
2026-09-10 21:40:00+00:00,4316.9,4357.88,40.98000000000047
2026-09-10 21:41:00+00:00,4317.57,4358.58,41.01000000000022
2026-09-10 21:42:00+00:00,4316.99,4357.93,40.94000000000051
2026-09-10 21:43:00+00:00,4317.86,4359.03,41.17000000000007
2026-09-10 21:44:00+00:00,4318.18,4359.13,40.94999999999982
2026-09-10 21:45:00+00:00,4318.13,4359.13,41.0
2026-09-10 21:46:00+00:00,4318.75,4359.78,41.029999999999745
2026-09-10 21:47:00+00:00,4318.4,4359.53,41.13000000000011
2026-09-10 21:48:00+00:00,4317.76,4358.88,41.11999999999989
2026-09-10 21:49:00+00:00,4315.25,4356.53,41.279999999999745
2026-09-10 21:50:00+00:00,4314.64,4356.03,41.38999999999942
2026-09-10 21:51:00+00:00,4316.22,4357.58,41.35999999999967
2026-09-10 21:52:00+00:00,4317.03,4358.28,41.25
2026-09-10 21:53:00+00:00,4317.02,4358.28,41.25999999999931
2026-09-10 21:54:00+00:00,4317.2,4358.43,41.23000000000047
2026-09-10 21:55:00+00:00,4318.5,4359.93,41.43000000000029
2026-09-10 21:56:00+00:00,4317.18,4358.58,41.399999999999636
2026-09-10 21:57:00+00:00,4316.73,4358.13,41.400000000000546
2026-09-10 23:01:00+00:00,4321.95,4362.63,40.68000000000029
2026-09-10 23:02:00+00:00,4321.89,4362.38,40.48999999999978
2026-09-10 23:03:00+00:00,4322.59,4363.23,40.63999999999942
2026-09-10 23:04:00+00:00,4322.67,4362.98,40.30999999999949
2026-09-10 23:05:00+00:00,4321.83,4362.13,40.30000000000018
2026-09-10 23:06:00+00:00,4323.1,4363.28,40.17999999999938
2026-09-10 23:07:00+00:00,4321.52,4361.88,40.35999999999967
2026-09-10 23:08:00+00:00,4322.14,4362.53,40.38999999999942
2026-09-10 23:09:00+00:00,4323.08,4363.38,40.30000000000018
2026-09-10 23:10:00+00:00,4322.52,4362.78,40.25999999999931
2026-09-10 23:11:00+00:00,4322.13,4362.33,40.19999999999982
2026-09-10 23:12:00+00:00,4322.62,4362.93,40.3100000000004
2026-09-10 23:13:00+00:00,4321.67,4361.93,40.26000000000022
2026-09-10 23:14:00+00:00,4321.34,4361.73,40.38999999999942
2026-09-10 23:15:00+00:00,4321.37,4361.68,40.3100000000004
2026-09-10 23:16:00+00:00,4319.93,4360.18,40.25
2026-09-10 23:17:00+00:00,4320.86,4361.08,40.220000000000255
2026-09-10 23:18:00+00:00,4320.35,4360.68,40.32999999999993
2026-09-10 23:19:00+00:00,4319.9,4360.08,40.18000000000029
2026-09-10 23:20:00+00:00,4321.03,4361.23,40.19999999999982
2026-09-10 23:21:00+00:00,4321.34,4361.63,40.289999999999964
2026-09-10 23:22:00+00:00,4320.63,4360.93,40.30000000000018
2026-09-10 23:23:00+00:00,4319.65,4359.83,40.18000000000029
2026-09-10 23:24:00+00:00,4319.97,4360.18,40.210000000000036
2026-09-10 23:25:00+00:00,4319.74,4360.08,40.340000000000146
2026-09-10 23:26:00+00:00,4319.17,4359.48,40.30999999999949
2026-09-10 23:27:00+00:00,4319.57,4359.83,40.26000000000022
2026-09-10 23:28:00+00:00,4319.4,4359.73,40.32999999999993
2026-09-10 23:29:00+00:00,4319.79,4360.03,40.23999999999978
2026-09-10 23:30:00+00:00,4318.95,4359.13,40.18000000000029
2026-09-10 23:31:00+00:00,4316.44,4356.53,40.090000000000146
2026-09-10 23:32:00+00:00,4317.1,4357.33,40.22999999999956
2026-09-10 23:33:00+00:00,4318.64,4358.88,40.23999999999978
2026-09-10 23:34:00+00:00,4318.61,4358.68,40.07000000000062
2026-09-10 23:35:00+00:00,4318.37,4358.63,40.26000000000022
2026-09-10 23:36:00+00:00,4317.96,4358.08,40.11999999999989
2026-09-10 23:37:00+00:00,4317.52,4357.58,40.05999999999949
2026-09-10 23:38:00+00:00,4317.36,4357.38,40.02000000000044
2026-09-10 23:39:00+00:00,4316.22,4356.28,40.05999999999949
2026-09-10 23:40:00+00:00,4315.87,4355.93,40.0600000000004
2026-09-10 23:41:00+00:00,4315.12,4355.48,40.35999999999967
2026-09-10 23:42:00+00:00,4317.97,4358.03,40.05999999999949
2026-09-10 23:43:00+00:00,4316.03,4356.18,40.150000000000546
2026-09-10 23:44:00+00:00,4316.18,4356.28,40.099999999999454
2026-09-10 23:45:00+00:00,4316.04,4356.28,40.23999999999978
2026-09-10 23:46:00+00:00,4315.41,4355.58,40.17000000000007
2026-09-10 23:47:00+00:00,4317.04,4357.18,40.14000000000033
2026-09-10 23:48:00+00:00,4317.4,4357.53,40.13000000000011
2026-09-10 23:49:00+00:00,4318.42,4358.48,40.05999999999949
2026-09-10 23:50:00+00:00,4318.57,4358.68,40.11000000000058
2026-09-10 23:51:00+00:00,4318.43,4358.53,40.099999999999454
2026-09-10 23:52:00+00:00,4317.84,4357.98,40.13999999999942
2026-09-10 23:53:00+00:00,4317.72,4357.73,40.00999999999931
2026-09-10 23:54:00+00:00,4317.97,4358.03,40.05999999999949
2026-09-10 23:55:00+00:00,4318.56,4358.58,40.01999999999953
2026-09-10 23:56:00+00:00,4318.73,4358.78,40.05000000000018
2026-09-10 23:57:00+00:00,4318.19,4358.38,40.19000000000051
2026-09-10 23:58:00+00:00,4318.63,4358.68,40.05000000000018
2026-09-10 23:59:00+00:00,4318.61,4358.73,40.11999999999989
2026-09-11 00:00:00+00:00,4318.28,4358.33,40.05000000000018
2026-09-11 00:01:00+00:00,4319.89,4360.23,40.339999999999236
2026-09-11 00:02:00+00:00,4318.68,4358.83,40.149999999999636
2026-09-11 00:03:00+00:00,4318.84,4358.98,40.13999999999942
2026-09-11 00:04:00+00:00,4318.93,4358.98,40.04999999999927
2026-09-11 00:05:00+00:00,4319.38,4359.38,40.0
2026-09-11 00:06:00+00:00,4319.1,4359.18,40.07999999999993
2026-09-11 00:07:00+00:00,4319.69,4359.68,39.99000000000069
2026-09-11 00:08:00+00:00,4318.45,4358.48,40.029999999999745
2026-09-11 00:09:00+00:00,4318.94,4359.08,40.14000000000033
2026-09-11 00:10:00+00:00,4318.48,4358.53,40.05000000000018
2026-09-11 00:11:00+00:00,4318.53,4358.68,40.150000000000546
2026-09-11 00:12:00+00:00,4318.12,4358.28,40.159999999999854
2026-09-11 00:13:00+00:00,4319.32,4359.58,40.26000000000022
2026-09-11 00:14:00+00:00,4319.73,4359.88,40.150000000000546
2026-09-11 00:15:00+00:00,4319.71,4359.93,40.220000000000255
2026-09-11 00:16:00+00:00,4319.51,4359.73,40.219999999999345
2026-09-11 00:17:00+00:00,4319.62,4359.78,40.159999999999854
2026-09-11 00:18:00+00:00,4319.67,4359.83,40.159999999999854
2026-09-11 00:19:00+00:00,4319.84,4359.93,40.090000000000146
2026-09-11 00:20:00+00:00,4320.4,4360.63,40.23000000000047
2026-09-11 00:21:00+00:00,4320.16,4360.48,40.31999999999971
2026-09-11 00:22:00+00:00,4319.58,4359.63,40.05000000000018
2026-09-11 00:23:00+00:00,4318.52,4358.58,40.05999999999949
2026-09-11 00:24:00+00:00,4318.44,4358.43,39.99000000000069
2026-09-11 00:25:00+00:00,4318.58,4358.58,40.0
2026-09-11 00:26:00+00:00,4319.12,4359.08,39.960000000000036
2026-09-11 00:27:00+00:00,4318.74,4358.78,40.039999999999964
2026-09-11 00:28:00+00:00,4318.45,4358.43,39.98000000000047
2026-09-11 00:29:00+00:00,4318.41,4358.38,39.970000000000255
2026-09-11 00:30:00+00:00,4317.7,4357.73,40.029999999999745
2026-09-11 00:31:00+00:00,4317.49,4357.48,39.98999999999978
2026-09-11 00:32:00+00:00,4318.49,4358.48,39.98999999999978
2026-09-11 00:33:00+00:00,4320.19,4360.23,40.039999999999964
2026-09-11 00:34:00+00:00,4318.79,4358.88,40.090000000000146
2026-09-11 00:35:00+00:00,4317.2,4357.23,40.029999999999745
2026-09-11 00:36:00+00:00,4317.77,4357.88,40.10999999999967
2026-09-11 00:37:00+00:00,4314.74,4354.98,40.23999999999978
2026-09-11 00:38:00+00:00,4315.55,4355.78,40.22999999999956
2026-09-11 00:39:00+00:00,4316.11,4356.13,40.02000000000044
2026-09-11 00:40:00+00:00,4318.0,4358.18,40.18000000000029
2026-09-11 00:41:00+00:00,4315.64,4355.68,40.039999999999964
2026-09-11 00:42:00+00:00,4315.71,4355.83,40.11999999999989
2026-09-11 00:43:00+00:00,4316.47,4356.38,39.909999999999854
2026-09-11 00:44:00+00:00,4316.27,4356.28,40.00999999999931
2026-09-11 00:45:00+00:00,4316.75,4357.23,40.47999999999956
2026-09-11 00:46:00+00:00,4314.38,4354.63,40.25
2026-09-11 00:47:00+00:00,4315.55,4355.48,39.92999999999938
2026-09-11 00:48:00+00:00,4315.08,4355.03,39.94999999999982
2026-09-11 00:49:00+00:00,4315.42,4355.33,39.909999999999854
2026-09-11 00:50:00+00:00,4315.12,4355.08,39.960000000000036
2026-09-11 00:51:00+00:00,4314.69,4354.78,40.090000000000146
2026-09-11 00:52:00+00:00,4313.8,4353.98,40.17999999999938
2026-09-11 00:53:00+00:00,4313.96,4354.03,40.06999999999971
2026-09-11 00:54:00+00:00,4312.7,4352.78,40.07999999999993
2026-09-11 00:55:00+00:00,4312.17,4352.28,40.10999999999967
2026-09-11 00:56:00+00:00,4315.32,4355.63,40.3100000000004
2026-09-11 00:57:00+00:00,4314.24,4354.48,40.23999999999978
2026-09-11 00:58:00+00:00,4314.54,4354.73,40.1899999999996
2026-09-11 00:59:00+00:00,4315.14,4355.48,40.339999999999236
2026-09-11 01:00:00+00:00,4318.81,4359.03,40.219999999999345
2026-09-11 01:01:00+00:00,4320.03,4360.43,40.400000000000546
2026-09-11 01:02:00+00:00,4320.75,4360.98,40.22999999999956
2026-09-11 01:03:00+00:00,4319.71,4359.78,40.06999999999971
2026-09-11 01:04:00+00:00,4319.67,4360.03,40.35999999999967
2026-09-11 01:05:00+00:00,4320.04,4360.23,40.1899999999996
2026-09-11 01:06:00+00:00,4322.26,4362.48,40.219999999999345
2026-09-11 01:07:00+00:00,4322.91,4363.08,40.17000000000007
2026-09-11 01:08:00+00:00,4319.45,4359.88,40.43000000000029
2026-09-11 01:09:00+00:00,4318.67,4358.98,40.30999999999949
2026-09-11 01:10:00+00:00,4317.42,4357.53,40.10999999999967
2026-09-11 01:11:00+00:00,4316.26,4356.53,40.26999999999953
2026-09-11 01:12:00+00:00,4318.92,4359.33,40.409999999999854
2026-09-11 01:13:00+00:00,4318.72,4358.88,40.159999999999854
2026-09-11 01:14:00+00:00,4319.21,4359.43,40.220000000000255
2026-09-11 01:15:00+00:00,4319.64,4359.68,40.039999999999964
2026-09-11 01:16:00+00:00,4318.44,4358.63,40.19000000000051
2026-09-11 01:17:00+00:00,4320.09,4360.33,40.23999999999978
2026-09-11 01:18:00+00:00,4320.77,4360.88,40.10999999999967
2026-09-11 01:19:00+00:00,4320.2,4360.33,40.13000000000011
2026-09-11 01:20:00+00:00,4318.94,4359.03,40.090000000000146
2026-09-11 01:21:00+00:00,4320.72,4360.73,40.00999999999931
2026-09-11 01:22:00+00:00,4320.46,4360.73,40.26999999999953
2026-09-11 01:23:00+00:00,4321.33,4361.58,40.25
2026-09-11 01:24:00+00:00,4318.86,4359.18,40.32000000000062
2026-09-11 01:25:00+00:00,4318.22,4358.38,40.159999999999854
2026-09-11 01:26:00+00:00,4321.82,4362.13,40.3100000000004
2026-09-11 01:27:00+00:00,4323.16,4363.48,40.31999999999971
2026-09-11 01:28:00+00:00,4323.84,4363.98,40.13999999999942
2026-09-11 01:29:00+00:00,4324.0,4364.18,40.18000000000029
2026-09-11 01:30:00+00:00,4324.65,4364.63,39.98000000000047
2026-09-11 01:31:00+00:00,4321.66,4361.83,40.17000000000007
2026-09-11 01:32:00+00:00,4320.79,4360.78,39.98999999999978
2026-09-11 01:33:00+00:00,4321.05,4361.18,40.13000000000011
2026-09-11 01:34:00+00:00,4321.73,4361.83,40.100000000000364
2026-09-11 01:35:00+00:00,4321.59,4361.58,39.98999999999978
2026-09-11 01:36:00+00:00,4322.6,4362.68,40.07999999999993
2026-09-11 01:37:00+00:00,4321.58,4361.68,40.100000000000364
2026-09-11 01:38:00+00:00,4324.6,4364.68,40.07999999999993
2026-09-11 01:39:00+00:00,4325.32,4365.53,40.210000000000036
2026-09-11 01:40:00+00:00,4322.41,4362.48,40.06999999999971
2026-09-11 01:41:00+00:00,4321.98,4361.78,39.80000000000018
2026-09-11 01:42:00+00:00,4322.57,4363.48,40.909999999999854
2026-09-11 01:43:00+00:00,4324.91,4365.13,40.220000000000255
2026-09-11 01:44:00+00:00,4327.49,4367.68,40.19000000000051
2026-09-11 01:45:00+00:00,4329.9,4369.78,39.88000000000011
2026-09-11 01:46:00+00:00,4331.62,4371.63,40.01000000000022
2026-09-11 01:47:00+00:00,4331.86,4372.03,40.17000000000007
2026-09-11 01:48:00+00:00,4332.89,4372.98,40.089999999999236
2026-09-11 01:49:00+00:00,4332.94,4372.93,39.99000000000069
2026-09-11 01:50:00+00:00,4333.17,4373.38,40.210000000000036
2026-09-11 01:51:00+00:00,4331.75,4371.98,40.22999999999956
2026-09-11 01:52:00+00:00,4332.75,4372.88,40.13000000000011
2026-09-11 01:53:00+00:00,4333.44,4373.58,40.14000000000033
2026-09-11 01:54:00+00:00,4332.13,4372.28,40.149999999999636
2026-09-11 01:55:00+00:00,4333.29,4373.48,40.1899999999996
2026-09-11 01:56:00+00:00,4332.42,4372.48,40.05999999999949
2026-09-11 01:57:00+00:00,4330.05,4370.38,40.32999999999993
2026-09-11 01:58:00+00:00,4330.28,4370.63,40.350000000000364
2026-09-11 01:59:00+00:00,4332.24,4372.28,40.039999999999964
2026-09-11 02:00:00+00:00,4330.59,4370.58,39.98999999999978
2026-09-11 02:01:00+00:00,4332.69,4372.58,39.89000000000033
2026-09-11 02:02:00+00:00,4336.28,4376.28,40.0
2026-09-11 02:03:00+00:00,4339.49,4379.53,40.039999999999964
2026-09-11 02:04:00+00:00,4340.19,4380.48,40.289999999999964
2026-09-11 02:05:00+00:00,4337.83,4377.83,40.0
2026-09-11 02:06:00+00:00,4337.18,4377.28,40.099999999999454
2026-09-11 02:07:00+00:00,4335.23,4375.18,39.95000000000073
2026-09-11 02:08:00+00:00,4334.16,4374.08,39.92000000000007
2026-09-11 02:09:00+00:00,4337.78,4377.88,40.100000000000364
2026-09-11 02:10:00+00:00,4338.74,4378.73,39.98999999999978
2026-09-11 02:11:00+00:00,4338.32,4378.33,40.01000000000022
2026-09-11 02:12:00+00:00,4337.2,4377.23,40.029999999999745
2026-09-11 02:13:00+00:00,4335.24,4375.38,40.14000000000033
2026-09-11 02:14:00+00:00,4333.13,4373.28,40.149999999999636
2026-09-11 02:15:00+00:00,4334.86,4374.88,40.02000000000044
2026-09-11 02:16:00+00:00,4335.48,4375.48,40.0
2026-09-11 02:17:00+00:00,4335.95,4376.08,40.13000000000011
2026-09-11 02:18:00+00:00,4333.24,4372.98,39.73999999999978
2026-09-11 02:19:00+00:00,4332.19,4372.18,39.99000000000069
2026-09-11 02:20:00+00:00,4330.61,4370.53,39.92000000000007
2026-09-11 02:21:00+00:00,4327.05,4367.18,40.13000000000011
2026-09-11 02:22:00+00:00,4327.26,4367.18,39.92000000000007
2026-09-11 02:23:00+00:00,4324.72,4364.78,40.05999999999949
2026-09-11 02:24:00+00:00,4321.5,4361.53,40.029999999999745
2026-09-11 02:25:00+00:00,4323.93,4363.93,40.0
2026-09-11 02:26:00+00:00,4329.04,4369.03,39.98999999999978
2026-09-11 02:27:00+00:00,4329.96,4369.98,40.01999999999953
2026-09-11 02:28:00+00:00,4328.23,4368.43,40.20000000000073
2026-09-11 02:29:00+00:00,4328.28,4368.18,39.900000000000546
2026-09-11 02:30:00+00:00,4331.27,4371.28,40.00999999999931
2026-09-11 02:31:00+00:00,4331.54,4371.73,40.1899999999996
2026-09-11 02:32:00+00:00,4331.36,4371.43,40.07000000000062
2026-09-11 02:33:00+00:00,4330.48,4370.48,40.0
2026-09-11 02:34:00+00:00,4332.72,4372.58,39.85999999999967
2026-09-11 02:35:00+00:00,4333.97,4373.78,39.80999999999949
2026-09-11 02:36:00+00:00,4332.04,4371.88,39.840000000000146
2026-09-11 02:37:00+00:00,4333.08,4372.98,39.899999999999636
2026-09-11 02:38:00+00:00,4331.54,4371.58,40.039999999999964
2026-09-11 02:39:00+00:00,4329.69,4369.48,39.789999999999964
2026-09-11 02:40:00+00:00,4325.29,4365.28,39.98999999999978
2026-09-11 02:41:00+00:00,4324.39,4364.18,39.789999999999964
2026-09-11 02:42:00+00:00,4323.45,4363.48,40.029999999999745
2026-09-11 02:43:00+00:00,4325.6,4365.48,39.8799999999992
2026-09-11 02:44:00+00:00,4326.77,4366.78,40.00999999999931
2026-09-11 02:45:00+00:00,4325.93,4365.58,39.649999999999636
2026-09-11 02:46:00+00:00,4325.15,4364.98,39.82999999999993
2026-09-11 02:47:00+00:00,4325.28,4365.28,40.0
2026-09-11 02:48:00+00:00,4326.58,4366.48,39.899999999999636
2026-09-11 02:49:00+00:00,4329.0,4368.88,39.88000000000011
2026-09-11 02:50:00+00:00,4328.59,4368.38,39.789999999999964
2026-09-11 02:51:00+00:00,4328.95,4368.58,39.63000000000011
2026-09-11 02:52:00+00:00,4328.61,4368.38,39.77000000000044
2026-09-11 02:53:00+00:00,4324.73,4364.68,39.95000000000073
2026-09-11 02:54:00+00:00,4325.26,4364.98,39.719999999999345
2026-09-11 02:55:00+00:00,4325.09,4364.88,39.789999999999964
2026-09-11 02:56:00+00:00,4327.52,4367.38,39.85999999999967
2026-09-11 02:57:00+00:00,4326.31,4366.13,39.81999999999971
2026-09-11 02:58:00+00:00,4327.14,4366.78,39.63999999999942
2026-09-11 02:59:00+00:00,4329.27,4369.08,39.80999999999949
2026-09-11 03:00:00+00:00,4330.36,4369.98,39.61999999999989
2026-09-11 03:01:00+00:00,4331.37,4371.13,39.76000000000022
2026-09-11 03:02:00+00:00,4330.57,4370.38,39.8100000000004
2026-09-11 03:03:00+00:00,4330.76,4370.43,39.67000000000007
2026-09-11 03:04:00+00:00,4332.65,4372.43,39.780000000000655
2026-09-11 03:05:00+00:00,4332.28,4372.08,39.80000000000018
2026-09-11 03:06:00+00:00,4329.89,4369.98,40.089999999999236
2026-09-11 03:07:00+00:00,4328.24,4368.13,39.89000000000033
2026-09-11 03:08:00+00:00,4330.89,4370.58,39.6899999999996
2026-09-11 03:09:00+00:00,4329.58,4369.48,39.899999999999636
2026-09-11 03:10:00+00:00,4330.93,4370.63,39.69999999999982
2026-09-11 03:11:00+00:00,4330.19,4369.73,39.539999999999964
2026-09-11 03:12:00+00:00,4329.23,4368.88,39.650000000000546
2026-09-11 03:13:00+00:00,4332.17,4371.88,39.710000000000036
2026-09-11 03:14:00+00:00,4330.63,4370.53,39.899999999999636
2026-09-11 03:15:00+00:00,4331.52,4371.38,39.85999999999967
2026-09-11 03:16:00+00:00,4332.09,4371.73,39.63999999999942
2026-09-11 03:17:00+00:00,4332.55,4372.28,39.72999999999956
2026-09-11 03:18:00+00:00,4333.19,4373.13,39.94000000000051
2026-09-11 03:19:00+00:00,4333.7,4373.53,39.82999999999993
2026-09-11 03:20:00+00:00,4331.83,4371.93,40.100000000000364
2026-09-11 03:21:00+00:00,4330.51,4370.73,40.219999999999345
2026-09-11 03:22:00+00:00,4329.78,4369.93,40.150000000000546
2026-09-11 03:23:00+00:00,4329.08,4368.98,39.899999999999636
2026-09-11 03:24:00+00:00,4327.76,4367.83,40.06999999999971
2026-09-11 03:25:00+00:00,4325.63,4365.43,39.80000000000018
2026-09-11 03:26:00+00:00,4324.31,4364.18,39.86999999999989
2026-09-11 03:27:00+00:00,4325.22,4365.13,39.909999999999854
2026-09-11 03:28:00+00:00,4326.67,4366.68,40.01000000000022
2026-09-11 03:29:00+00:00,4325.27,4365.08,39.80999999999949
2026-09-11 03:30:00+00:00,4322.79,4362.58,39.789999999999964
2026-09-11 03:31:00+00:00,4318.46,4358.38,39.92000000000007
2026-09-11 03:32:00+00:00,4318.4,4358.38,39.98000000000047
2026-09-11 03:33:00+00:00,4318.65,4358.33,39.68000000000029
2026-09-11 03:34:00+00:00,4319.37,4359.08,39.710000000000036
2026-09-11 03:35:00+00:00,4317.3,4357.18,39.88000000000011
2026-09-11 03:36:00+00:00,4317.52,4357.28,39.75999999999931
2026-09-11 03:37:00+00:00,4317.65,4357.38,39.73000000000047
2026-09-11 03:38:00+00:00,4321.67,4361.48,39.80999999999949
2026-09-11 03:39:00+00:00,4321.94,4361.78,39.840000000000146
2026-09-11 03:40:00+00:00,4323.57,4363.43,39.86000000000058
2026-09-11 03:41:00+00:00,4323.47,4363.53,40.05999999999949
2026-09-11 03:42:00+00:00,4320.74,4360.68,39.94000000000051
2026-09-11 03:43:00+00:00,4321.23,4361.28,40.05000000000018
2026-09-11 03:44:00+00:00,4319.04,4358.93,39.89000000000033
2026-09-11 03:45:00+00:00,4317.89,4357.98,40.089999999999236
2026-09-11 03:46:00+00:00,4316.93,4356.98,40.04999999999927
2026-09-11 03:47:00+00:00,4319.06,4359.28,40.219999999999345
2026-09-11 03:48:00+00:00,4323.56,4363.53,39.969999999999345
2026-09-11 03:49:00+00:00,4323.81,4363.93,40.11999999999989
2026-09-11 03:50:00+00:00,4325.68,4365.88,40.19999999999982
2026-09-11 03:51:00+00:00,4324.71,4364.98,40.26999999999953
2026-09-11 03:52:00+00:00,4323.84,4364.08,40.23999999999978
2026-09-11 03:53:00+00:00,4325.0,4365.23,40.22999999999956
2026-09-11 03:54:00+00:00,4322.46,4362.68,40.220000000000255
2026-09-11 03:55:00+00:00,4323.0,4363.23,40.22999999999956
2026-09-11 03:56:00+00:00,4321.62,4361.83,40.210000000000036
2026-09-11 03:57:00+00:00,4322.99,4363.18,40.19000000000051
2026-09-11 03:58:00+00:00,4323.81,4363.83,40.01999999999953
2026-09-11 03:59:00+00:00,4322.54,4362.88,40.340000000000146
2026-09-11 04:00:00+00:00,4323.74,4363.83,40.090000000000146
2026-09-11 04:01:00+00:00,4324.75,4365.08,40.32999999999993
2026-09-11 04:02:00+00:00,4325.19,4365.33,40.14000000000033
2026-09-11 04:03:00+00:00,4324.05,4364.13,40.07999999999993
2026-09-11 04:04:00+00:00,4322.41,4362.43,40.02000000000044
2026-09-11 04:05:00+00:00,4320.94,4361.28,40.340000000000146
2026-09-11 04:06:00+00:00,4319.01,4359.18,40.17000000000007
2026-09-11 04:07:00+00:00,4315.85,4355.93,40.07999999999993
2026-09-11 04:08:00+00:00,4317.97,4358.03,40.05999999999949
2026-09-11 04:09:00+00:00,4317.81,4357.88,40.06999999999971
2026-09-11 04:10:00+00:00,4317.9,4358.18,40.280000000000655
2026-09-11 04:11:00+00:00,4315.45,4355.48,40.029999999999745
2026-09-11 04:12:00+00:00,4317.13,4357.33,40.19999999999982
2026-09-11 04:13:00+00:00,4318.46,4358.63,40.17000000000007
2026-09-11 04:14:00+00:00,4319.57,4359.78,40.210000000000036
2026-09-11 04:15:00+00:00,4320.19,4360.18,39.99000000000069
2026-09-11 04:16:00+00:00,4320.04,4360.28,40.23999999999978
2026-09-11 04:17:00+00:00,4318.3,4358.33,40.029999999999745
2026-09-11 04:18:00+00:00,4318.04,4357.98,39.9399999999996
2026-09-11 04:19:00+00:00,4314.99,4354.98,39.98999999999978
2026-09-11 04:20:00+00:00,4316.14,4356.18,40.039999999999964
2026-09-11 04:21:00+00:00,4309.59,4349.43,39.840000000000146
2026-09-11 04:22:00+00:00,4305.46,4345.83,40.36999999999989
2026-09-11 04:23:00+00:00,4306.57,4346.63,40.0600000000004
2026-09-11 04:24:00+00:00,4307.17,4347.23,40.05999999999949
2026-09-11 04:25:00+00:00,4308.17,4348.63,40.460000000000036
2026-09-11 04:26:00+00:00,4308.48,4348.88,40.400000000000546
2026-09-11 04:27:00+00:00,4309.57,4349.68,40.11000000000058
2026-09-11 04:28:00+00:00,4308.58,4349.08,40.5
2026-09-11 04:29:00+00:00,4309.28,4349.63,40.350000000000364
2026-09-11 04:30:00+00:00,4309.64,4349.93,40.289999999999964
2026-09-11 04:31:00+00:00,4308.82,4349.13,40.3100000000004
2026-09-11 04:32:00+00:00,4308.52,4348.88,40.35999999999967
2026-09-11 04:33:00+00:00,4308.07,4348.48,40.409999999999854
2026-09-11 04:34:00+00:00,4308.81,4349.03,40.219999999999345
2026-09-11 04:35:00+00:00,4307.66,4348.03,40.36999999999989
2026-09-11 04:36:00+00:00,4307.68,4348.18,40.5
2026-09-11 04:37:00+00:00,4308.74,4349.18,40.44000000000051
2026-09-11 04:38:00+00:00,4309.29,4349.78,40.48999999999978
2026-09-11 04:39:00+00:00,4308.57,4349.08,40.51000000000022
2026-09-11 04:40:00+00:00,4309.18,4349.78,40.599999999999454
2026-09-11 04:41:00+00:00,4308.84,4349.48,40.63999999999942
2026-09-11 04:42:00+00:00,4312.17,4352.63,40.460000000000036
2026-09-11 04:43:00+00:00,4311.12,4351.38,40.26000000000022
2026-09-11 04:44:00+00:00,4308.38,4348.73,40.349999999999454
2026-09-11 04:45:00+00:00,4304.66,4345.03,40.36999999999989
2026-09-11 04:46:00+00:00,4303.46,4344.08,40.61999999999989
2026-09-11 04:47:00+00:00,4303.19,4343.53,40.340000000000146
2026-09-11 04:48:00+00:00,4303.79,4344.18,40.39000000000033
2026-09-11 04:49:00+00:00,4303.07,4343.48,40.409999999999854
2026-09-11 04:50:00+00:00,4303.67,4343.78,40.10999999999967
2026-09-11 04:51:00+00:00,4303.24,4343.53,40.289999999999964
2026-09-11 04:52:00+00:00,4302.14,4342.63,40.48999999999978
2026-09-11 04:53:00+00:00,4302.61,4343.23,40.61999999999989
2026-09-11 04:54:00+00:00,4304.1,4344.68,40.57999999999993
2026-09-11 04:55:00+00:00,4305.4,4345.63,40.23000000000047
2026-09-11 04:56:00+00:00,4306.43,4346.83,40.399999999999636
2026-09-11 04:57:00+00:00,4305.53,4345.88,40.350000000000364
2026-09-11 04:58:00+00:00,4304.49,4344.73,40.23999999999978
2026-09-11 04:59:00+00:00,4304.1,4344.28,40.17999999999938
2026-09-11 05:00:00+00:00,4303.56,4344.03,40.469999999999345
2026-09-11 05:01:00+00:00,4303.29,4343.63,40.340000000000146
2026-09-11 05:02:00+00:00,4302.81,4343.13,40.31999999999971
2026-09-11 05:03:00+00:00,4306.03,4345.88,39.850000000000364
2026-09-11 05:04:00+00:00,4308.94,4349.18,40.24000000000069
2026-09-11 05:05:00+00:00,4310.45,4350.88,40.43000000000029
2026-09-11 05:06:00+00:00,4311.53,4351.73,40.19999999999982
2026-09-11 05:07:00+00:00,4313.67,4354.13,40.460000000000036
2026-09-11 05:08:00+00:00,4318.1,4358.03,39.92999999999938
2026-09-11 05:09:00+00:00,4318.43,4358.48,40.04999999999927
2026-09-11 05:10:00+00:00,4322.33,4362.73,40.399999999999636
2026-09-11 05:11:00+00:00,4319.74,4359.98,40.23999999999978
2026-09-11 05:12:00+00:00,4321.79,4362.13,40.340000000000146
2026-09-11 05:13:00+00:00,4324.63,4364.73,40.099999999999454
2026-09-11 05:14:00+00:00,4321.49,4361.98,40.48999999999978
2026-09-11 05:15:00+00:00,4320.82,4361.33,40.51000000000022
2026-09-11 05:16:00+00:00,4319.92,4360.28,40.35999999999967
2026-09-11 05:17:00+00:00,4320.01,4360.33,40.31999999999971
2026-09-11 05:18:00+00:00,4320.33,4360.63,40.30000000000018
2026-09-11 05:19:00+00:00,4320.87,4361.18,40.3100000000004
2026-09-11 05:20:00+00:00,4323.69,4364.13,40.44000000000051
2026-09-11 05:21:00+00:00,4325.31,4365.73,40.41999999999916
2026-09-11 05:22:00+00:00,4324.48,4365.03,40.55000000000018
2026-09-11 05:23:00+00:00,4326.19,4366.68,40.49000000000069
2026-09-11 05:24:00+00:00,4327.15,4367.53,40.38000000000011
2026-09-11 05:25:00+00:00,4327.2,4367.58,40.38000000000011
2026-09-11 05:26:00+00:00,4328.07,4368.63,40.5600000000004
2026-09-11 05:27:00+00:00,4327.73,4368.08,40.350000000000364
2026-09-11 05:28:00+00:00,4328.43,4368.93,40.5
2026-09-11 05:29:00+00:00,4328.51,4369.08,40.56999999999971
2026-09-11 05:30:00+00:00,4329.28,4369.73,40.44999999999982
2026-09-11 05:31:00+00:00,4329.3,4369.68,40.38000000000011
2026-09-11 05:32:00+00:00,4330.34,4370.63,40.289999999999964
2026-09-11 05:33:00+00:00,4328.01,4368.43,40.42000000000007
2026-09-11 05:34:00+00:00,4326.79,4367.13,40.340000000000146
2026-09-11 05:35:00+00:00,4326.12,4366.43,40.3100000000004
2026-09-11 05:36:00+00:00,4326.78,4367.08,40.30000000000018
2026-09-11 05:37:00+00:00,4327.39,4367.68,40.289999999999964
2026-09-11 05:38:00+00:00,4327.37,4367.68,40.3100000000004
2026-09-11 05:39:00+00:00,4328.36,4368.38,40.02000000000044
2026-09-11 05:40:00+00:00,4327.93,4368.13,40.19999999999982
2026-09-11 05:41:00+00:00,4329.38,4369.48,40.099999999999454
2026-09-11 05:42:00+00:00,4332.0,4372.03,40.029999999999745
2026-09-11 05:43:00+00:00,4331.79,4371.73,39.9399999999996
2026-09-11 05:44:00+00:00,4330.47,4370.58,40.10999999999967
2026-09-11 05:45:00+00:00,4329.91,4370.13,40.220000000000255
2026-09-11 05:46:00+00:00,4332.38,4372.33,39.94999999999982
2026-09-11 05:47:00+00:00,4329.98,4370.23,40.25
2026-09-11 05:48:00+00:00,4329.45,4369.63,40.18000000000029
2026-09-11 05:49:00+00:00,4330.6,4370.88,40.279999999999745
2026-09-11 05:50:00+00:00,4333.02,4373.08,40.05999999999949
2026-09-11 05:51:00+00:00,4333.97,4374.03,40.05999999999949
2026-09-11 05:52:00+00:00,4332.57,4372.68,40.11000000000058
2026-09-11 05:53:00+00:00,4333.25,4373.38,40.13000000000011
2026-09-11 05:54:00+00:00,4334.94,4375.13,40.19000000000051
2026-09-11 05:55:00+00:00,4334.89,4375.03,40.13999999999942
2026-09-11 05:56:00+00:00,4334.04,4374.03,39.98999999999978
2026-09-11 05:57:00+00:00,4333.66,4373.93,40.27000000000044
2026-09-11 05:58:00+00:00,4333.16,4373.43,40.27000000000044
2026-09-11 05:59:00+00:00,4331.94,4372.08,40.14000000000033
2026-09-11 06:00:00+00:00,4328.93,4369.33,40.399999999999636
2026-09-11 06:01:00+00:00,4328.77,4369.28,40.50999999999931
2026-09-11 06:02:00+00:00,4329.43,4369.73,40.29999999999927
2026-09-11 06:03:00+00:00,4329.81,4370.23,40.41999999999916
2026-09-11 06:04:00+00:00,4329.43,4369.78,40.349999999999454
2026-09-11 06:05:00+00:00,4330.84,4371.43,40.590000000000146
2026-09-11 06:06:00+00:00,4332.13,4372.63,40.5
2026-09-11 06:07:00+00:00,4331.89,4372.38,40.48999999999978
2026-09-11 06:08:00+00:00,4330.07,4370.53,40.460000000000036
2026-09-11 06:09:00+00:00,4335.03,4375.23,40.19999999999982
2026-09-11 06:10:00+00:00,4333.62,4373.93,40.3100000000004
2026-09-11 06:11:00+00:00,4335.06,4375.48,40.41999999999916
2026-09-11 06:12:00+00:00,4335.88,4376.18,40.30000000000018
2026-09-11 06:13:00+00:00,4335.62,4375.93,40.3100000000004
2026-09-11 06:14:00+00:00,4338.05,4378.43,40.38000000000011
2026-09-11 06:15:00+00:00,4338.08,4378.43,40.350000000000364
2026-09-11 06:16:00+00:00,4336.34,4376.93,40.590000000000146
2026-09-11 06:17:00+00:00,4335.17,4375.73,40.55999999999949
2026-09-11 06:18:00+00:00,4338.61,4379.03,40.42000000000007
2026-09-11 06:19:00+00:00,4338.33,4378.63,40.30000000000018
2026-09-11 06:20:00+00:00,4336.68,4376.98,40.29999999999927
2026-09-11 06:21:00+00:00,4336.53,4376.73,40.19999999999982
2026-09-11 06:22:00+00:00,4336.81,4377.03,40.219999999999345
2026-09-11 06:23:00+00:00,4337.32,4377.73,40.409999999999854
2026-09-11 06:24:00+00:00,4336.38,4376.98,40.599999999999454
2026-09-11 06:25:00+00:00,4334.41,4374.93,40.52000000000044
2026-09-11 06:26:00+00:00,4334.67,4374.93,40.26000000000022
2026-09-11 06:27:00+00:00,4334.95,4375.18,40.23000000000047
2026-09-11 06:28:00+00:00,4333.68,4374.23,40.54999999999927
2026-09-11 06:29:00+00:00,4334.62,4375.03,40.409999999999854
2026-09-11 06:30:00+00:00,4337.09,4377.53,40.4399999999996
2026-09-11 06:31:00+00:00,4338.57,4378.83,40.26000000000022
2026-09-11 06:32:00+00:00,4337.04,4377.38,40.340000000000146
2026-09-11 06:33:00+00:00,4337.39,4377.93,40.539999999999964
2026-09-11 06:34:00+00:00,4338.41,4378.73,40.31999999999971
2026-09-11 06:35:00+00:00,4338.71,4379.13,40.42000000000007
2026-09-11 06:36:00+00:00,4338.4,4378.98,40.57999999999993
2026-09-11 06:37:00+00:00,4338.33,4378.68,40.350000000000364
2026-09-11 06:38:00+00:00,4337.07,4377.33,40.26000000000022
2026-09-11 06:39:00+00:00,4338.35,4379.03,40.67999999999938
2026-09-11 06:40:00+00:00,4335.45,4375.98,40.529999999999745
2026-09-11 06:41:00+00:00,4335.83,4376.13,40.30000000000018
2026-09-11 06:42:00+00:00,4339.49,4379.78,40.289999999999964
2026-09-11 06:43:00+00:00,4340.84,4381.23,40.38999999999942
2026-09-11 06:44:00+00:00,4343.0,4383.08,40.07999999999993
2026-09-11 06:45:00+00:00,4342.23,4382.03,39.80000000000018
2026-09-11 06:46:00+00:00,4345.44,4385.63,40.19000000000051
2026-09-11 06:47:00+00:00,4346.13,4386.28,40.149999999999636
2026-09-11 06:48:00+00:00,4344.01,4384.23,40.219999999999345
2026-09-11 06:49:00+00:00,4345.01,4385.08,40.06999999999971
2026-09-11 06:50:00+00:00,4344.62,4384.63,40.01000000000022
2026-09-11 06:51:00+00:00,4346.22,4386.18,39.960000000000036
2026-09-11 06:52:00+00:00,4345.8,4385.98,40.17999999999938
2026-09-11 06:53:00+00:00,4344.63,4384.88,40.25
2026-09-11 06:54:00+00:00,4347.95,4388.18,40.23000000000047
2026-09-11 06:55:00+00:00,4350.72,4391.08,40.35999999999967
2026-09-11 06:56:00+00:00,4348.98,4389.33,40.350000000000364
2026-09-11 06:57:00+00:00,4349.26,4389.88,40.61999999999989
2026-09-11 06:58:00+00:00,4346.28,4386.43,40.150000000000546
2026-09-11 06:59:00+00:00,4346.0,4386.53,40.529999999999745
2026-09-11 07:00:00+00:00,4349.3,4389.98,40.67999999999938
2026-09-11 07:01:00+00:00,4349.69,4390.48,40.789999999999964
2026-09-11 07:02:00+00:00,4353.86,4394.43,40.57000000000062
2026-09-11 07:03:00+00:00,4353.02,4393.78,40.75999999999931
2026-09-11 07:04:00+00:00,4353.82,4394.48,40.659999999999854
2026-09-11 07:05:00+00:00,4352.21,4392.73,40.51999999999953
2026-09-11 07:06:00+00:00,4354.58,4395.13,40.55000000000018
2026-09-11 07:07:00+00:00,4357.65,4398.23,40.57999999999993
2026-09-11 07:08:00+00:00,4357.78,4398.48,40.69999999999982
2026-09-11 07:09:00+00:00,4355.65,4396.38,40.73000000000047
2026-09-11 07:10:00+00:00,4354.81,4395.53,40.719999999999345
2026-09-11 07:11:00+00:00,4355.78,4396.38,40.600000000000364
2026-09-11 07:12:00+00:00,4355.22,4395.78,40.55999999999949
2026-09-11 07:13:00+00:00,4358.53,4399.18,40.650000000000546
2026-09-11 07:14:00+00:00,4359.0,4399.58,40.57999999999993
2026-09-11 07:15:00+00:00,4359.46,4400.23,40.76999999999953
2026-09-11 07:16:00+00:00,4358.0,4398.88,40.88000000000011
2026-09-11 07:17:00+00:00,4357.59,4398.23,40.63999999999942
2026-09-11 07:18:00+00:00,4356.76,4397.48,40.719999999999345
2026-09-11 07:19:00+00:00,4358.83,4399.58,40.75
2026-09-11 07:20:00+00:00,4357.24,4398.08,40.840000000000146
2026-09-11 07:21:00+00:00,4354.95,4395.73,40.779999999999745
2026-09-11 07:22:00+00:00,4353.53,4394.33,40.80000000000018
2026-09-11 07:23:00+00:00,4353.37,4394.13,40.76000000000022
2026-09-11 07:24:00+00:00,4352.61,4393.43,40.82000000000062
2026-09-11 07:25:00+00:00,4352.56,4393.28,40.719999999999345
2026-09-11 07:26:00+00:00,4352.36,4393.23,40.86999999999989
2026-09-11 07:27:00+00:00,4351.92,4392.63,40.710000000000036
2026-09-11 07:28:00+00:00,4351.93,4392.63,40.69999999999982
2026-09-11 07:29:00+00:00,4351.56,4392.33,40.76999999999953
2026-09-11 07:30:00+00:00,4350.98,4391.78,40.80000000000018
2026-09-11 07:31:00+00:00,4351.59,4392.23,40.63999999999942
2026-09-11 07:32:00+00:00,4350.51,4391.33,40.81999999999971
2026-09-11 07:33:00+00:00,4347.9,4388.63,40.73000000000047
2026-09-11 07:34:00+00:00,4347.15,4387.98,40.82999999999993
2026-09-11 07:35:00+00:00,4349.06,4389.88,40.81999999999971
2026-09-11 07:36:00+00:00,4350.87,4391.73,40.85999999999967
2026-09-11 07:37:00+00:00,4349.86,4390.73,40.86999999999989
2026-09-11 07:38:00+00:00,4351.39,4392.13,40.73999999999978
2026-09-11 07:39:00+00:00,4352.12,4393.03,40.909999999999854
2026-09-11 07:40:00+00:00,4352.72,4393.43,40.710000000000036
2026-09-11 07:41:00+00:00,4354.02,4394.58,40.55999999999949
2026-09-11 07:42:00+00:00,4350.73,4391.43,40.70000000000073
2026-09-11 07:43:00+00:00,4349.86,4390.63,40.77000000000044
2026-09-11 07:44:00+00:00,4350.6,4391.43,40.82999999999993
2026-09-11 07:45:00+00:00,4350.18,4391.23,41.04999999999927
2026-09-11 07:46:00+00:00,4351.4,4392.48,41.07999999999993
2026-09-11 07:47:00+00:00,4353.13,4393.93,40.80000000000018
2026-09-11 07:48:00+00:00,4353.59,4394.58,40.98999999999978
2026-09-11 07:49:00+00:00,4351.88,4392.73,40.849999999999454
2026-09-11 07:50:00+00:00,4351.11,4391.88,40.77000000000044
2026-09-11 07:51:00+00:00,4350.87,4391.58,40.710000000000036
2026-09-11 07:52:00+00:00,4351.33,4392.28,40.94999999999982
2026-09-11 07:53:00+00:00,4351.75,4392.63,40.88000000000011
2026-09-11 07:54:00+00:00,4353.36,4394.08,40.720000000000255
2026-09-11 07:55:00+00:00,4351.53,4392.58,41.05000000000018
2026-09-11 07:56:00+00:00,4351.12,4392.08,40.960000000000036
2026-09-11 07:57:00+00:00,4352.58,4393.53,40.94999999999982
2026-09-11 07:58:00+00:00,4352.39,4393.23,40.839999999999236
2026-09-11 07:59:00+00:00,4353.23,4394.23,41.0
2026-09-11 08:00:00+00:00,4356.0,4396.93,40.93000000000029
2026-09-11 08:01:00+00:00,4354.03,4395.23,41.19999999999982
2026-09-11 08:02:00+00:00,4353.12,4394.18,41.0600000000004
2026-09-11 08:03:00+00:00,4353.16,4394.08,40.92000000000007
2026-09-11 08:04:00+00:00,4354.78,4395.68,40.900000000000546
2026-09-11 08:05:00+00:00,4355.41,4396.38,40.970000000000255
2026-09-11 08:06:00+00:00,4353.12,4394.28,41.159999999999854
2026-09-11 08:07:00+00:00,4353.36,4394.43,41.07000000000062
2026-09-11 08:08:00+00:00,4350.52,4391.63,41.10999999999967
2026-09-11 08:09:00+00:00,4350.73,4391.73,41.0
2026-09-11 08:10:00+00:00,4353.67,4394.78,41.10999999999967
2026-09-11 08:11:00+00:00,4354.14,4395.13,40.98999999999978
2026-09-11 08:12:00+00:00,4354.21,4395.23,41.01999999999953
2026-09-11 08:13:00+00:00,4352.44,4393.48,41.039999999999964
2026-09-11 08:14:00+00:00,4351.39,4392.48,41.089999999999236
2026-09-11 08:15:00+00:00,4351.19,4392.23,41.039999999999964
2026-09-11 08:16:00+00:00,4350.92,4392.03,41.10999999999967
2026-09-11 08:17:00+00:00,4351.74,4392.83,41.090000000000146
2026-09-11 08:18:00+00:00,4350.89,4391.93,41.039999999999964
2026-09-11 08:19:00+00:00,4350.83,4391.83,41.0
2026-09-11 08:20:00+00:00,4350.72,4391.78,41.05999999999949
2026-09-11 08:21:00+00:00,4350.55,4391.73,41.17999999999938
2026-09-11 08:22:00+00:00,4348.48,4389.58,41.100000000000364
2026-09-11 08:23:00+00:00,4350.71,4391.83,41.11999999999989
2026-09-11 08:24:00+00:00,4349.88,4390.93,41.05000000000018
2026-09-11 08:25:00+00:00,4348.77,4389.93,41.159999999999854
2026-09-11 08:26:00+00:00,4347.42,4388.63,41.210000000000036
2026-09-11 08:27:00+00:00,4348.14,4389.13,40.98999999999978
2026-09-11 08:28:00+00:00,4347.76,4388.88,41.11999999999989
2026-09-11 08:29:00+00:00,4346.34,4387.33,40.98999999999978
2026-09-11 08:30:00+00:00,4346.45,4387.38,40.93000000000029
2026-09-11 08:31:00+00:00,4346.73,4387.88,41.150000000000546
2026-09-11 08:32:00+00:00,4347.1,4388.03,40.92999999999938
2026-09-11 08:33:00+00:00,4345.75,4386.83,41.07999999999993
2026-09-11 08:34:00+00:00,4345.08,4386.13,41.05000000000018
2026-09-11 08:35:00+00:00,4345.07,4386.13,41.0600000000004
2026-09-11 08:36:00+00:00,4344.66,4385.78,41.11999999999989
2026-09-11 08:37:00+00:00,4344.12,4385.23,41.10999999999967
2026-09-11 08:38:00+00:00,4343.6,4384.63,41.029999999999745
2026-09-11 08:39:00+00:00,4343.77,4384.88,41.10999999999967
2026-09-11 08:40:00+00:00,4343.61,4384.73,41.11999999999989
2026-09-11 08:41:00+00:00,4344.56,4385.53,40.969999999999345
2026-09-11 08:42:00+00:00,4344.41,4385.33,40.92000000000007
2026-09-11 08:43:00+00:00,4345.99,4387.13,41.14000000000033
2026-09-11 08:44:00+00:00,4345.17,4386.28,41.10999999999967
2026-09-11 08:45:00+00:00,4344.4,4385.53,41.13000000000011
2026-09-11 08:46:00+00:00,4343.5,4384.63,41.13000000000011
2026-09-11 08:47:00+00:00,4343.14,4384.23,41.089999999999236
2026-09-11 08:48:00+00:00,4343.08,4384.23,41.149999999999636
2026-09-11 08:49:00+00:00,4342.49,4383.63,41.14000000000033
2026-09-11 08:50:00+00:00,4342.56,4383.63,41.06999999999971
2026-09-11 08:51:00+00:00,4340.82,4381.88,41.0600000000004
2026-09-11 08:52:00+00:00,4343.09,4384.33,41.23999999999978
2026-09-11 08:53:00+00:00,4342.28,4383.33,41.05000000000018
2026-09-11 08:54:00+00:00,4342.74,4383.78,41.039999999999964
2026-09-11 08:55:00+00:00,4343.41,4384.48,41.06999999999971
2026-09-11 08:56:00+00:00,4343.95,4385.18,41.23000000000047
2026-09-11 08:57:00+00:00,4344.01,4385.38,41.36999999999989
2026-09-11 08:58:00+00:00,4345.12,4386.23,41.10999999999967
2026-09-11 08:59:00+00:00,4344.89,4385.98,41.089999999999236
2026-09-11 09:00:00+00:00,4346.8,4387.53,40.72999999999956
2026-09-11 09:01:00+00:00,4345.64,4386.83,41.1899999999996
2026-09-11 09:02:00+00:00,4344.21,4385.23,41.01999999999953
2026-09-11 09:03:00+00:00,4343.09,4384.23,41.13999999999942
2026-09-11 09:04:00+00:00,4344.59,4385.58,40.98999999999978
2026-09-11 09:05:00+00:00,4344.44,4385.58,41.14000000000033
2026-09-11 09:06:00+00:00,4346.65,4387.83,41.18000000000029
2026-09-11 09:07:00+00:00,4347.19,4388.33,41.14000000000033
2026-09-11 09:08:00+00:00,4347.07,4388.03,40.960000000000036
2026-09-11 09:09:00+00:00,4345.26,4386.23,40.969999999999345
2026-09-11 09:10:00+00:00,4347.46,4388.28,40.81999999999971
2026-09-11 09:11:00+00:00,4343.83,4384.98,41.149999999999636
2026-09-11 09:12:00+00:00,4345.82,4386.83,41.01000000000022
2026-09-11 09:13:00+00:00,4348.71,4389.78,41.06999999999971
2026-09-11 09:14:00+00:00,4347.35,4388.53,41.17999999999938
2026-09-11 09:15:00+00:00,4346.86,4388.13,41.27000000000044
2026-09-11 09:16:00+00:00,4348.21,4389.58,41.36999999999989
2026-09-11 09:17:00+00:00,4349.04,4390.28,41.23999999999978
2026-09-11 09:18:00+00:00,4350.23,4391.03,40.80000000000018
2026-09-11 09:19:00+00:00,4347.01,4388.18,41.17000000000007
2026-09-11 09:20:00+00:00,4344.86,4386.03,41.17000000000007
2026-09-11 09:21:00+00:00,4345.52,4386.53,41.00999999999931
2026-09-11 09:22:00+00:00,4345.89,4387.18,41.289999999999964
2026-09-11 09:23:00+00:00,4348.03,4389.23,41.19999999999982
2026-09-11 09:24:00+00:00,4352.28,4393.48,41.19999999999982
2026-09-11 09:25:00+00:00,4353.22,4394.33,41.10999999999967
2026-09-11 09:26:00+00:00,4351.68,4393.03,41.349999999999454
2026-09-11 09:27:00+00:00,4349.28,4390.53,41.25
2026-09-11 09:28:00+00:00,4350.93,4391.98,41.04999999999927
2026-09-11 09:29:00+00:00,4351.94,4392.83,40.89000000000033
2026-09-11 09:30:00+00:00,4354.8,4396.03,41.22999999999956
2026-09-11 09:31:00+00:00,4354.46,4395.83,41.36999999999989
2026-09-11 09:32:00+00:00,4354.68,4395.83,41.149999999999636
2026-09-11 09:33:00+00:00,4354.17,4395.53,41.35999999999967
2026-09-11 09:34:00+00:00,4352.71,4394.03,41.31999999999971
2026-09-11 09:35:00+00:00,4352.26,4393.48,41.219999999999345
2026-09-11 09:36:00+00:00,4353.29,4394.53,41.23999999999978
2026-09-11 09:37:00+00:00,4353.08,4394.58,41.5
2026-09-11 09:38:00+00:00,4355.37,4396.63,41.26000000000022
2026-09-11 09:39:00+00:00,4354.19,4395.53,41.340000000000146
2026-09-11 09:40:00+00:00,4355.8,4397.03,41.22999999999956
2026-09-11 09:41:00+00:00,4356.46,4397.63,41.17000000000007
2026-09-11 09:42:00+00:00,4355.75,4396.83,41.07999999999993
2026-09-11 09:43:00+00:00,4352.66,4394.13,41.470000000000255
2026-09-11 09:44:00+00:00,4352.72,4394.08,41.35999999999967
2026-09-11 09:45:00+00:00,4352.87,4394.43,41.5600000000004
2026-09-11 09:46:00+00:00,4353.69,4395.03,41.340000000000146
2026-09-11 09:47:00+00:00,4352.16,4393.63,41.470000000000255
2026-09-11 09:48:00+00:00,4352.95,4394.38,41.43000000000029
2026-09-11 09:49:00+00:00,4352.9,4394.38,41.48000000000047
2026-09-11 09:50:00+00:00,4350.74,4392.38,41.64000000000033
2026-09-11 09:51:00+00:00,4350.97,4392.63,41.659999999999854
2026-09-11 09:52:00+00:00,4351.3,4392.93,41.63000000000011
2026-09-11 09:53:00+00:00,4352.39,4394.08,41.6899999999996
2026-09-11 09:54:00+00:00,4351.0,4392.53,41.529999999999745
2026-09-11 09:55:00+00:00,4348.17,4389.83,41.659999999999854
2026-09-11 09:56:00+00:00,4348.84,4390.43,41.590000000000146
2026-09-11 09:57:00+00:00,4346.17,4387.88,41.710000000000036
2026-09-11 09:58:00+00:00,4346.68,4388.43,41.75
2026-09-11 09:59:00+00:00,4347.09,4388.73,41.63999999999942
2026-09-11 10:00:00+00:00,4350.93,4392.53,41.599999999999454
2026-09-11 10:01:00+00:00,4353.17,4394.78,41.60999999999967
2026-09-11 10:02:00+00:00,4350.54,4392.13,41.590000000000146
2026-09-11 10:03:00+00:00,4349.47,4391.08,41.60999999999967
2026-09-11 10:04:00+00:00,4348.42,4390.08,41.659999999999854
2026-09-11 10:05:00+00:00,4348.58,4390.13,41.55000000000018
2026-09-11 10:06:00+00:00,4348.3,4390.03,41.72999999999956
2026-09-11 10:07:00+00:00,4347.78,4389.48,41.69999999999982
2026-09-11 10:08:00+00:00,4346.71,4388.43,41.720000000000255
2026-09-11 10:09:00+00:00,4344.79,4386.43,41.64000000000033
2026-09-11 10:10:00+00:00,4344.59,4386.13,41.539999999999964
2026-09-11 10:11:00+00:00,4344.31,4385.88,41.56999999999971
2026-09-11 10:12:00+00:00,4344.59,4386.33,41.73999999999978
2026-09-11 10:13:00+00:00,4344.98,4386.43,41.45000000000073
2026-09-11 10:14:00+00:00,4342.6,4384.23,41.6299999999992
2026-09-11 10:15:00+00:00,4342.85,4384.38,41.529999999999745
2026-09-11 10:16:00+00:00,4343.39,4384.83,41.4399999999996
2026-09-11 10:17:00+00:00,4343.13,4384.73,41.599999999999454
2026-09-11 10:18:00+00:00,4343.68,4385.28,41.599999999999454
2026-09-11 10:19:00+00:00,4345.34,4386.88,41.539999999999964
2026-09-11 10:20:00+00:00,4345.91,4387.38,41.470000000000255
2026-09-11 10:21:00+00:00,4345.91,4387.53,41.61999999999989
2026-09-11 10:22:00+00:00,4345.76,4387.38,41.61999999999989
2026-09-11 10:23:00+00:00,4345.74,4387.23,41.48999999999978
2026-09-11 10:24:00+00:00,4344.46,4386.13,41.67000000000007
2026-09-11 10:25:00+00:00,4345.19,4386.73,41.539999999999964
2026-09-11 10:26:00+00:00,4345.52,4387.13,41.60999999999967
2026-09-11 10:27:00+00:00,4344.11,4385.73,41.61999999999989
2026-09-11 10:28:00+00:00,4345.05,4386.58,41.529999999999745
2026-09-11 10:29:00+00:00,4343.69,4385.43,41.74000000000069
2026-09-11 10:30:00+00:00,4342.92,4384.58,41.659999999999854
2026-09-11 10:31:00+00:00,4341.84,4383.43,41.590000000000146
2026-09-11 10:32:00+00:00,4343.2,4384.83,41.63000000000011
2026-09-11 10:33:00+00:00,4343.13,4384.48,41.349999999999454
2026-09-11 10:34:00+00:00,4342.54,4383.93,41.39000000000033
2026-09-11 10:35:00+00:00,4342.99,4384.73,41.73999999999978
2026-09-11 10:36:00+00:00,4344.25,4385.68,41.43000000000029
2026-09-11 10:37:00+00:00,4344.02,4385.58,41.55999999999949
2026-09-11 10:38:00+00:00,4342.71,4384.43,41.720000000000255
2026-09-11 10:39:00+00:00,4342.37,4384.03,41.659999999999854
2026-09-11 10:40:00+00:00,4343.05,4384.78,41.72999999999956
2026-09-11 10:41:00+00:00,4341.91,4383.68,41.77000000000044
2026-09-11 10:42:00+00:00,4342.16,4383.83,41.67000000000007
2026-09-11 10:43:00+00:00,4343.14,4384.83,41.6899999999996
2026-09-11 10:44:00+00:00,4343.44,4385.23,41.789999999999964
2026-09-11 10:45:00+00:00,4343.15,4384.78,41.63000000000011
2026-09-11 10:46:00+00:00,4343.2,4385.08,41.88000000000011
2026-09-11 10:47:00+00:00,4343.2,4385.03,41.82999999999993
2026-09-11 10:48:00+00:00,4343.73,4385.53,41.80000000000018
2026-09-11 10:49:00+00:00,4343.45,4385.33,41.88000000000011
2026-09-11 10:50:00+00:00,4343.22,4385.03,41.80999999999949
2026-09-11 10:51:00+00:00,4343.26,4385.13,41.86999999999989
2026-09-11 10:52:00+00:00,4344.24,4386.03,41.789999999999964
2026-09-11 10:53:00+00:00,4343.78,4385.53,41.75
2026-09-11 10:54:00+00:00,4343.84,4385.63,41.789999999999964
2026-09-11 10:55:00+00:00,4344.47,4386.18,41.710000000000036
2026-09-11 10:56:00+00:00,4343.49,4385.43,41.94000000000051
2026-09-11 10:57:00+00:00,4343.85,4385.68,41.82999999999993
2026-09-11 10:58:00+00:00,4346.83,4388.58,41.75
2026-09-11 10:59:00+00:00,4346.36,4388.13,41.77000000000044
2026-09-11 11:00:00+00:00,4347.25,4389.13,41.88000000000011
2026-09-11 11:01:00+00:00,4348.45,4390.43,41.98000000000047
2026-09-11 11:02:00+00:00,4348.03,4389.98,41.94999999999982
2026-09-11 11:03:00+00:00,4347.17,4389.08,41.909999999999854
2026-09-11 11:04:00+00:00,4349.02,4390.98,41.95999999999913
2026-09-11 11:05:00+00:00,4349.06,4390.93,41.86999999999989
2026-09-11 11:06:00+00:00,4347.2,4388.93,41.73000000000047
2026-09-11 11:07:00+00:00,4347.81,4389.63,41.81999999999971
2026-09-11 11:08:00+00:00,4346.92,4388.73,41.80999999999949
2026-09-11 11:09:00+00:00,4345.88,4387.53,41.649999999999636
2026-09-11 11:10:00+00:00,4347.12,4388.83,41.710000000000036
2026-09-11 11:11:00+00:00,4346.19,4388.08,41.89000000000033
2026-09-11 11:12:00+00:00,4346.16,4387.93,41.77000000000044
2026-09-11 11:13:00+00:00,4345.62,4387.53,41.909999999999854
2026-09-11 11:14:00+00:00,4346.2,4388.03,41.82999999999993
2026-09-11 11:15:00+00:00,4346.44,4388.23,41.789999999999964
2026-09-11 11:16:00+00:00,4346.83,4388.68,41.850000000000364
2026-09-11 11:17:00+00:00,4346.57,4388.33,41.76000000000022
2026-09-11 11:18:00+00:00,4347.71,4389.68,41.970000000000255
2026-09-11 11:19:00+00:00,4349.1,4391.03,41.92999999999938
2026-09-11 11:20:00+00:00,4348.13,4389.98,41.849999999999454
2026-09-11 11:21:00+00:00,4346.96,4388.73,41.76999999999953
2026-09-11 11:22:00+00:00,4347.33,4389.23,41.899999999999636
2026-09-11 11:23:00+00:00,4346.02,4388.03,42.00999999999931
2026-09-11 11:24:00+00:00,4348.37,4390.43,42.0600000000004
2026-09-11 11:25:00+00:00,4349.68,4391.63,41.94999999999982
2026-09-11 11:26:00+00:00,4348.21,4390.08,41.86999999999989
2026-09-11 11:27:00+00:00,4347.81,4389.68,41.86999999999989
2026-09-11 11:28:00+00:00,4347.58,4389.38,41.80000000000018
2026-09-11 11:29:00+00:00,4349.27,4391.18,41.909999999999854
2026-09-11 11:30:00+00:00,4347.58,4389.53,41.94999999999982
2026-09-11 11:31:00+00:00,4347.39,4389.28,41.88999999999942
2026-09-11 11:32:00+00:00,4349.15,4390.98,41.82999999999993
2026-09-11 11:33:00+00:00,4347.38,4389.18,41.80000000000018
2026-09-11 11:34:00+00:00,4349.06,4390.98,41.91999999999916
2026-09-11 11:35:00+00:00,4348.39,4390.28,41.88999999999942
2026-09-11 11:36:00+00:00,4347.14,4389.03,41.88999999999942
2026-09-11 11:37:00+00:00,4344.51,4386.28,41.76999999999953
2026-09-11 11:38:00+00:00,4345.91,4387.68,41.77000000000044
2026-09-11 11:39:00+00:00,4346.62,4388.53,41.909999999999854
2026-09-11 11:40:00+00:00,4344.57,4386.33,41.76000000000022
2026-09-11 11:41:00+00:00,4344.41,4386.43,42.02000000000044
2026-09-11 11:42:00+00:00,4345.76,4387.63,41.86999999999989
2026-09-11 11:43:00+00:00,4346.24,4388.23,41.98999999999978
2026-09-11 11:44:00+00:00,4345.18,4386.93,41.75
2026-09-11 11:45:00+00:00,4343.63,4385.43,41.80000000000018
2026-09-11 11:46:00+00:00,4343.12,4384.63,41.51000000000022
2026-09-11 11:47:00+00:00,4343.09,4384.73,41.63999999999942
2026-09-11 11:48:00+00:00,4342.52,4384.38,41.85999999999967
2026-09-11 11:49:00+00:00,4341.81,4383.58,41.76999999999953
2026-09-11 11:50:00+00:00,4342.07,4383.88,41.8100000000004
2026-09-11 11:51:00+00:00,4342.49,4384.43,41.94000000000051
2026-09-11 11:52:00+00:00,4341.71,4383.53,41.81999999999971
2026-09-11 11:53:00+00:00,4340.96,4382.63,41.67000000000007
2026-09-11 11:54:00+00:00,4340.71,4382.53,41.81999999999971
2026-09-11 11:55:00+00:00,4340.16,4381.98,41.81999999999971
2026-09-11 11:56:00+00:00,4338.33,4380.18,41.850000000000364
2026-09-11 11:57:00+00:00,4337.72,4379.38,41.659999999999854
2026-09-11 11:58:00+00:00,4337.51,4379.23,41.719999999999345
2026-09-11 11:59:00+00:00,4337.55,4379.28,41.72999999999956
2026-09-11 12:00:00+00:00,4340.14,4381.83,41.6899999999996
2026-09-11 12:01:00+00:00,4339.64,4381.38,41.73999999999978
2026-09-11 12:02:00+00:00,4339.54,4381.38,41.840000000000146
2026-09-11 12:03:00+00:00,4342.22,4383.88,41.659999999999854
2026-09-11 12:04:00+00:00,4339.51,4381.23,41.719999999999345
2026-09-11 12:05:00+00:00,4339.59,4381.23,41.63999999999942
2026-09-11 12:06:00+00:00,4337.72,4379.53,41.80999999999949
2026-09-11 12:07:00+00:00,4337.96,4379.68,41.720000000000255
2026-09-11 12:08:00+00:00,4338.33,4379.98,41.649999999999636
2026-09-11 12:09:00+00:00,4337.52,4379.23,41.70999999999913
2026-09-11 12:10:00+00:00,4335.83,4377.63,41.80000000000018
2026-09-11 12:11:00+00:00,4336.22,4377.93,41.710000000000036
2026-09-11 12:12:00+00:00,4336.35,4378.08,41.72999999999956
2026-09-11 12:13:00+00:00,4337.11,4378.83,41.720000000000255
2026-09-11 12:14:00+00:00,4338.09,4379.88,41.789999999999964
2026-09-11 12:15:00+00:00,4336.82,4378.73,41.909999999999854
2026-09-11 12:16:00+00:00,4336.76,4378.53,41.76999999999953
2026-09-11 12:17:00+00:00,4337.06,4378.83,41.76999999999953
2026-09-11 12:18:00+00:00,4338.66,4380.28,41.61999999999989
2026-09-11 12:19:00+00:00,4338.45,4380.33,41.88000000000011
2026-09-11 12:20:00+00:00,4337.78,4379.48,41.69999999999982
2026-09-11 12:21:00+00:00,4339.35,4381.13,41.779999999999745
2026-09-11 12:22:00+00:00,4337.45,4379.23,41.779999999999745
2026-09-11 12:23:00+00:00,4339.34,4381.28,41.9399999999996
2026-09-11 12:24:00+00:00,4338.57,4380.53,41.960000000000036
2026-09-11 12:25:00+00:00,4339.92,4381.93,42.01000000000022
2026-09-11 12:26:00+00:00,4338.13,4379.88,41.75
2026-09-11 12:27:00+00:00,4338.42,4380.18,41.76000000000022
2026-09-11 12:28:00+00:00,4336.68,4378.53,41.849999999999454
2026-09-11 12:29:00+00:00,4336.61,4378.28,41.67000000000007
2026-09-11 12:30:00+00:00,4336.38,4378.33,41.94999999999982
2026-09-11 12:31:00+00:00,4334.33,4376.33,42.0
2026-09-11 12:32:00+00:00,4334.23,4376.18,41.95000000000073
2026-09-11 12:33:00+00:00,4333.0,4374.98,41.97999999999956
2026-09-11 12:34:00+00:00,4331.81,4373.63,41.81999999999971
2026-09-11 12:35:00+00:00,4330.94,4372.78,41.840000000000146
2026-09-11 12:36:00+00:00,4332.76,4374.63,41.86999999999989
2026-09-11 12:37:00+00:00,4333.89,4375.73,41.839999999999236
2026-09-11 12:38:00+00:00,4334.09,4375.93,41.840000000000146
2026-09-11 12:39:00+00:00,4332.6,4374.48,41.8799999999992
2026-09-11 12:40:00+00:00,4332.23,4374.23,42.0
2026-09-11 12:41:00+00:00,4333.23,4375.13,41.900000000000546
2026-09-11 12:42:00+00:00,4331.59,4373.43,41.840000000000146
2026-09-11 12:43:00+00:00,4331.26,4373.18,41.92000000000007
2026-09-11 12:44:00+00:00,4334.74,4376.53,41.789999999999964
2026-09-11 12:45:00+00:00,4335.73,4377.43,41.70000000000073
2026-09-11 12:46:00+00:00,4333.87,4375.83,41.960000000000036
2026-09-11 12:47:00+00:00,4333.1,4375.03,41.92999999999938
2026-09-11 12:48:00+00:00,4333.73,4375.73,42.0
2026-09-11 12:49:00+00:00,4335.41,4377.18,41.77000000000044
2026-09-11 12:50:00+00:00,4334.57,4376.53,41.960000000000036
2026-09-11 12:51:00+00:00,4333.66,4375.53,41.86999999999989
2026-09-11 12:52:00+00:00,4334.72,4376.43,41.710000000000036
2026-09-11 12:53:00+00:00,4334.28,4376.08,41.80000000000018
2026-09-11 12:54:00+00:00,4331.1,4372.83,41.72999999999956
2026-09-11 12:55:00+00:00,4332.24,4373.88,41.64000000000033
2026-09-11 12:56:00+00:00,4331.39,4373.03,41.63999999999942
2026-09-11 12:57:00+00:00,4332.15,4373.78,41.63000000000011
2026-09-11 12:58:00+00:00,4333.44,4375.13,41.69000000000051
2026-09-11 12:59:00+00:00,4333.43,4375.13,41.69999999999982
2026-09-11 13:00:00+00:00,4334.19,4375.88,41.69000000000051
2026-09-11 13:01:00+00:00,4333.63,4375.28,41.649999999999636
2026-09-11 13:02:00+00:00,4331.77,4373.43,41.659999999999854
2026-09-11 13:03:00+00:00,4330.5,4372.23,41.72999999999956
2026-09-11 13:04:00+00:00,4329.49,4371.13,41.64000000000033
2026-09-11 13:05:00+00:00,4329.94,4371.58,41.64000000000033
2026-09-11 13:06:00+00:00,4328.9,4370.28,41.38000000000011
2026-09-11 13:07:00+00:00,4327.86,4369.13,41.27000000000044
2026-09-11 13:08:00+00:00,4327.32,4368.83,41.51000000000022
2026-09-11 13:09:00+00:00,4327.27,4368.93,41.659999999999854
2026-09-11 13:10:00+00:00,4329.35,4370.98,41.6299999999992
2026-09-11 13:11:00+00:00,4330.78,4372.43,41.650000000000546
2026-09-11 13:12:00+00:00,4328.68,4370.18,41.5
2026-09-11 13:13:00+00:00,4325.7,4367.23,41.529999999999745
2026-09-11 13:14:00+00:00,4327.69,4369.48,41.789999999999964
2026-09-11 13:15:00+00:00,4329.95,4371.63,41.68000000000029
2026-09-11 13:16:00+00:00,4329.56,4370.93,41.36999999999989
2026-09-11 13:17:00+00:00,4332.93,4374.68,41.75
2026-09-11 13:18:00+00:00,4333.3,4375.13,41.82999999999993
2026-09-11 13:19:00+00:00,4331.25,4373.03,41.779999999999745
2026-09-11 13:20:00+00:00,4332.1,4373.83,41.72999999999956
2026-09-11 13:21:00+00:00,4331.68,4373.28,41.599999999999454
2026-09-11 13:22:00+00:00,4331.53,4373.23,41.69999999999982
2026-09-11 13:23:00+00:00,4331.59,4373.28,41.6899999999996
2026-09-11 13:24:00+00:00,4329.69,4371.33,41.64000000000033
2026-09-11 13:25:00+00:00,4329.32,4370.83,41.51000000000022
2026-09-11 13:26:00+00:00,4333.42,4374.98,41.55999999999949
2026-09-11 13:27:00+00:00,4337.81,4379.58,41.76999999999953
2026-09-11 13:28:00+00:00,4338.86,4380.63,41.77000000000044
2026-09-11 13:29:00+00:00,4341.31,4382.53,41.219999999999345
2026-09-11 13:30:00+00:00,4296.57,4338.08,41.51000000000022
2026-09-11 13:31:00+00:00,4312.22,4353.08,40.85999999999967
2026-09-11 13:32:00+00:00,4321.55,4362.63,41.07999999999993
2026-09-11 13:33:00+00:00,4331.69,4372.68,40.99000000000069
2026-09-11 13:34:00+00:00,4329.6,4370.53,40.92999999999938
2026-09-11 13:35:00+00:00,4335.06,4375.93,40.86999999999989
2026-09-11 13:36:00+00:00,4337.7,4378.58,40.88000000000011
2026-09-11 13:37:00+00:00,4338.02,4379.13,41.10999999999967
2026-09-11 13:38:00+00:00,4343.05,4384.08,41.029999999999745
2026-09-11 13:39:00+00:00,4350.23,4391.33,41.100000000000364
2026-09-11 13:40:00+00:00,4361.16,4402.63,41.470000000000255
2026-09-11 13:41:00+00:00,4358.88,4400.08,41.19999999999982
2026-09-11 13:42:00+00:00,4355.86,4397.48,41.61999999999989
2026-09-11 13:43:00+00:00,4360.04,4401.53,41.48999999999978
2026-09-11 13:44:00+00:00,4353.99,4395.28,41.289999999999964
2026-09-11 13:45:00+00:00,4359.76,4401.33,41.56999999999971
2026-09-11 13:46:00+00:00,4364.2,4405.78,41.57999999999993
2026-09-11 13:47:00+00:00,4360.31,4401.68,41.36999999999989
2026-09-11 13:48:00+00:00,4363.71,4405.18,41.470000000000255
2026-09-11 13:49:00+00:00,4361.62,4403.08,41.460000000000036
2026-09-11 13:50:00+00:00,4369.93,4411.53,41.599999999999454
2026-09-11 13:51:00+00:00,4375.85,4418.18,42.32999999999993
2026-09-11 13:52:00+00:00,4376.9,4418.88,41.98000000000047
2026-09-11 13:53:00+00:00,4377.63,4419.58,41.94999999999982
2026-09-11 13:54:00+00:00,4377.69,4419.63,41.94000000000051
2026-09-11 13:55:00+00:00,4378.04,4420.13,42.090000000000146
2026-09-11 13:56:00+00:00,4379.02,4421.03,42.00999999999931
2026-09-11 13:57:00+00:00,4381.98,4423.78,41.80000000000018
2026-09-11 13:58:00+00:00,4386.65,4428.58,41.93000000000029
2026-09-11 13:59:00+00:00,4388.5,4430.63,42.13000000000011
2026-09-11 14:00:00+00:00,4387.53,4429.43,41.900000000000546
2026-09-11 14:01:00+00:00,4390.22,4432.13,41.909999999999854
2026-09-11 14:02:00+00:00,4389.79,4431.48,41.6899999999996
2026-09-11 14:03:00+00:00,4388.14,4430.08,41.9399999999996
2026-09-11 14:04:00+00:00,4390.22,4432.08,41.85999999999967
2026-09-11 14:05:00+00:00,4393.0,4435.03,42.029999999999745
2026-09-11 14:06:00+00:00,4386.47,4428.43,41.960000000000036
2026-09-11 14:07:00+00:00,4382.49,4424.08,41.590000000000146
2026-09-11 14:08:00+00:00,4384.83,4426.73,41.899999999999636
2026-09-11 14:09:00+00:00,4382.62,4424.68,42.0600000000004
2026-09-11 14:10:00+00:00,4381.41,4423.53,42.11999999999989
2026-09-11 14:11:00+00:00,4382.78,4424.63,41.850000000000364
2026-09-11 14:12:00+00:00,4383.18,4425.08,41.899999999999636
2026-09-11 14:13:00+00:00,4386.7,4428.63,41.93000000000029
2026-09-11 14:14:00+00:00,4389.31,4431.03,41.719999999999345
2026-09-11 14:15:00+00:00,4386.92,4428.58,41.659999999999854
2026-09-11 14:16:00+00:00,4384.31,4425.78,41.469999999999345
2026-09-11 14:17:00+00:00,4382.02,4423.38,41.35999999999967
2026-09-11 14:18:00+00:00,4386.67,4428.23,41.55999999999949
2026-09-11 14:19:00+00:00,4386.52,4428.08,41.55999999999949
2026-09-11 14:20:00+00:00,4385.26,4426.78,41.51999999999953
2026-09-11 14:21:00+00:00,4383.4,4424.73,41.32999999999993
2026-09-11 14:22:00+00:00,4382.27,4423.68,41.409999999999854
2026-09-11 14:23:00+00:00,4383.63,4425.33,41.69999999999982
2026-09-11 14:24:00+00:00,4382.95,4424.48,41.529999999999745
2026-09-11 14:25:00+00:00,4386.01,4427.58,41.56999999999971
2026-09-11 14:26:00+00:00,4387.23,4428.98,41.75
2026-09-11 14:27:00+00:00,4386.31,4427.68,41.36999999999989
2026-09-11 14:28:00+00:00,4395.92,4437.18,41.26000000000022
2026-09-11 14:29:00+00:00,4390.34,4431.88,41.539999999999964
2026-09-11 14:30:00+00:00,4388.32,4430.13,41.8100000000004
2026-09-11 14:31:00+00:00,4382.47,4424.03,41.55999999999949
2026-09-11 14:32:00+00:00,4384.79,4426.28,41.48999999999978
2026-09-11 14:33:00+00:00,4387.33,4428.98,41.649999999999636
2026-09-11 14:34:00+00:00,4395.36,4437.28,41.92000000000007
2026-09-11 14:35:00+00:00,4396.17,4438.08,41.909999999999854
2026-09-11 14:36:00+00:00,4392.69,4434.58,41.89000000000033
2026-09-11 14:37:00+00:00,4394.2,4436.18,41.98000000000047
2026-09-11 14:38:00+00:00,4385.86,4427.73,41.86999999999989
2026-09-11 14:39:00+00:00,4390.31,4432.18,41.86999999999989
2026-09-11 14:40:00+00:00,4393.59,4435.68,42.090000000000146
2026-09-11 14:41:00+00:00,4392.07,4433.88,41.8100000000004
2026-09-11 14:42:00+00:00,4392.44,4434.78,42.340000000000146
2026-09-11 14:43:00+00:00,4391.39,4433.43,42.039999999999964
2026-09-11 14:44:00+00:00,4394.72,4436.53,41.80999999999949
2026-09-11 14:45:00+00:00,4393.85,4435.33,41.47999999999956
2026-09-11 14:46:00+00:00,4397.46,4439.63,42.17000000000007
2026-09-11 14:47:00+00:00,4400.05,4442.13,42.07999999999993
2026-09-11 14:48:00+00:00,4391.99,4434.03,42.039999999999964
2026-09-11 14:49:00+00:00,4393.01,4434.83,41.81999999999971
2026-09-11 14:50:00+00:00,4392.32,4434.38,42.0600000000004
2026-09-11 14:51:00+00:00,4390.16,4432.08,41.92000000000007
2026-09-11 14:52:00+00:00,4387.94,4429.78,41.840000000000146
2026-09-11 14:53:00+00:00,4390.9,4432.63,41.73000000000047
2026-09-11 14:54:00+00:00,4389.3,4431.13,41.82999999999993
2026-09-11 14:55:00+00:00,4389.53,4431.48,41.94999999999982
2026-09-11 14:56:00+00:00,4390.03,4431.93,41.900000000000546
2026-09-11 14:57:00+00:00,4389.99,4431.93,41.94000000000051
2026-09-11 14:58:00+00:00,4396.16,4438.08,41.92000000000007
2026-09-11 14:59:00+00:00,4401.72,4443.73,42.00999999999931
2026-09-11 15:00:00+00:00,4393.2,4435.38,42.18000000000029
2026-09-11 15:01:00+00:00,4384.02,4425.98,41.95999999999913
2026-09-11 15:02:00+00:00,4384.11,4426.03,41.92000000000007
2026-09-11 15:03:00+00:00,4387.19,4429.28,42.090000000000146
2026-09-11 15:04:00+00:00,4390.42,4432.43,42.01000000000022
2026-09-11 15:05:00+00:00,4386.95,4429.23,42.279999999999745
2026-09-11 15:06:00+00:00,4387.93,4430.13,42.19999999999982
2026-09-11 15:07:00+00:00,4386.99,4428.73,41.73999999999978
2026-09-11 15:08:00+00:00,4389.25,4431.48,42.22999999999956
2026-09-11 15:09:00+00:00,4387.58,4429.73,42.149999999999636
2026-09-11 15:10:00+00:00,4386.42,4428.43,42.01000000000022
2026-09-11 15:11:00+00:00,4386.74,4428.78,42.039999999999964
2026-09-11 15:12:00+00:00,4382.82,4424.73,41.909999999999854
2026-09-11 15:13:00+00:00,4383.39,4425.43,42.039999999999964
2026-09-11 15:14:00+00:00,4383.08,4425.08,42.0
2026-09-11 15:15:00+00:00,4383.9,4425.33,41.43000000000029
2026-09-11 15:16:00+00:00,4379.05,4421.08,42.029999999999745
2026-09-11 15:17:00+00:00,4379.94,4421.93,41.99000000000069
2026-09-11 15:18:00+00:00,4379.31,4421.48,42.16999999999916
2026-09-11 15:19:00+00:00,4382.45,4424.48,42.029999999999745
2026-09-11 15:20:00+00:00,4383.04,4424.98,41.9399999999996
2026-09-11 15:21:00+00:00,4384.54,4426.78,42.23999999999978
2026-09-11 15:22:00+00:00,4384.53,4426.53,42.0
2026-09-11 15:23:00+00:00,4381.93,4423.93,42.0
2026-09-11 15:24:00+00:00,4379.22,4421.18,41.960000000000036
2026-09-11 15:25:00+00:00,4375.83,4417.73,41.899999999999636
2026-09-11 15:26:00+00:00,4375.61,4417.43,41.82000000000062
2026-09-11 15:27:00+00:00,4377.2,4418.93,41.73000000000047
2026-09-11 15:28:00+00:00,4375.49,4417.23,41.73999999999978
2026-09-11 15:29:00+00:00,4375.09,4416.88,41.789999999999964
2026-09-11 15:30:00+00:00,4373.07,4414.78,41.710000000000036
2026-09-11 15:31:00+00:00,4371.53,4413.18,41.650000000000546
2026-09-11 15:32:00+00:00,4373.87,4415.53,41.659999999999854
2026-09-11 15:33:00+00:00,4374.07,4415.83,41.76000000000022
2026-09-11 15:34:00+00:00,4371.52,4413.23,41.70999999999913
2026-09-11 15:35:00+00:00,4371.2,4412.63,41.43000000000029
2026-09-11 15:36:00+00:00,4367.71,4409.33,41.61999999999989
2026-09-11 15:37:00+00:00,4369.8,4411.53,41.72999999999956
2026-09-11 15:38:00+00:00,4365.99,4407.43,41.44000000000051
2026-09-11 15:39:00+00:00,4367.94,4409.53,41.590000000000146
2026-09-11 15:40:00+00:00,4369.59,4411.08,41.48999999999978
2026-09-11 15:41:00+00:00,4371.2,4412.78,41.57999999999993
2026-09-11 15:42:00+00:00,4369.17,4410.63,41.460000000000036
2026-09-11 15:43:00+00:00,4369.01,4410.53,41.51999999999953
2026-09-11 15:44:00+00:00,4371.41,4412.93,41.52000000000044
2026-09-11 15:45:00+00:00,4375.48,4416.73,41.25
2026-09-11 15:46:00+00:00,4376.88,4418.53,41.649999999999636
2026-09-11 15:47:00+00:00,4374.11,4415.68,41.57000000000062
2026-09-11 15:48:00+00:00,4381.74,4421.08,39.340000000000146
2026-09-11 15:49:00+00:00,4379.7,4421.38,41.68000000000029
2026-09-11 15:50:00+00:00,4380.57,4422.38,41.8100000000004
2026-09-11 15:51:00+00:00,4381.96,4423.68,41.720000000000255
2026-09-11 15:52:00+00:00,4380.14,4421.78,41.63999999999942
2026-09-11 15:53:00+00:00,4379.16,4420.78,41.61999999999989
2026-09-11 15:54:00+00:00,4377.8,4419.58,41.779999999999745
2026-09-11 15:55:00+00:00,4374.23,4415.93,41.70000000000073
2026-09-11 15:56:00+00:00,4375.7,4417.33,41.63000000000011
2026-09-11 15:57:00+00:00,4373.81,4415.53,41.719999999999345
2026-09-11 15:58:00+00:00,4371.32,4412.98,41.659999999999854
2026-09-11 15:59:00+00:00,4370.71,4412.48,41.76999999999953
2026-09-11 16:00:00+00:00,4371.82,4413.48,41.659999999999854
2026-09-11 16:01:00+00:00,4371.63,4413.23,41.599999999999454
2026-09-11 16:02:00+00:00,4368.44,4410.23,41.789999999999964
2026-09-11 16:03:00+00:00,4368.76,4410.53,41.76999999999953
2026-09-11 16:04:00+00:00,4370.6,4412.48,41.8799999999992
2026-09-11 16:05:00+00:00,4369.46,4411.08,41.61999999999989
2026-09-11 16:06:00+00:00,4368.51,4410.23,41.719999999999345
2026-09-11 16:07:00+00:00,4366.1,4407.73,41.6299999999992
2026-09-11 16:08:00+00:00,4363.57,4405.33,41.76000000000022
2026-09-11 16:09:00+00:00,4363.18,4404.98,41.79999999999927
2026-09-11 16:10:00+00:00,4363.58,4405.33,41.75
2026-09-11 16:11:00+00:00,4363.15,4404.73,41.57999999999993
2026-09-11 16:12:00+00:00,4360.54,4402.33,41.789999999999964
2026-09-11 16:13:00+00:00,4360.9,4402.63,41.73000000000047
2026-09-11 16:14:00+00:00,4362.34,4403.83,41.48999999999978
2026-09-11 16:15:00+00:00,4364.21,4405.93,41.720000000000255
2026-09-11 16:16:00+00:00,4366.07,4407.83,41.76000000000022
2026-09-11 16:17:00+00:00,4365.02,4406.83,41.80999999999949
2026-09-11 16:18:00+00:00,4362.06,4403.68,41.61999999999989
2026-09-11 16:19:00+00:00,4362.46,4404.08,41.61999999999989
2026-09-11 16:20:00+00:00,4363.31,4404.93,41.61999999999989
2026-09-11 16:21:00+00:00,4367.07,4408.78,41.710000000000036
2026-09-11 16:22:00+00:00,4365.36,4406.98,41.61999999999989
2026-09-11 16:23:00+00:00,4366.08,4407.78,41.69999999999982
2026-09-11 16:24:00+00:00,4365.58,4407.13,41.55000000000018
2026-09-11 16:25:00+00:00,4365.74,4407.33,41.590000000000146
2026-09-11 16:26:00+00:00,4366.63,4408.03,41.399999999999636
2026-09-11 16:27:00+00:00,4370.5,4411.83,41.32999999999993
2026-09-11 16:28:00+00:00,4370.29,4411.73,41.4399999999996
2026-09-11 16:29:00+00:00,4370.64,4411.98,41.339999999999236
2026-09-11 16:30:00+00:00,4371.25,4412.68,41.43000000000029
2026-09-11 16:31:00+00:00,4370.89,4412.13,41.23999999999978
2026-09-11 16:32:00+00:00,4374.28,4415.53,41.25
2026-09-11 16:33:00+00:00,4375.0,4416.18,41.18000000000029
2026-09-11 16:34:00+00:00,4373.07,4414.48,41.409999999999854
2026-09-11 16:35:00+00:00,4372.5,4413.83,41.32999999999993
2026-09-11 16:36:00+00:00,4372.85,4414.13,41.279999999999745
2026-09-11 16:37:00+00:00,4375.27,4416.73,41.45999999999913
2026-09-11 16:38:00+00:00,4374.66,4415.93,41.27000000000044
2026-09-11 16:39:00+00:00,4374.16,4415.28,41.11999999999989
2026-09-11 16:40:00+00:00,4371.87,4413.03,41.159999999999854
2026-09-11 16:41:00+00:00,4371.04,4412.48,41.4399999999996
2026-09-11 16:42:00+00:00,4372.23,4413.58,41.350000000000364
2026-09-11 16:43:00+00:00,4373.99,4415.13,41.14000000000033
2026-09-11 16:44:00+00:00,4372.86,4414.18,41.32000000000062
2026-09-11 16:45:00+00:00,4371.29,4412.68,41.39000000000033
2026-09-11 16:46:00+00:00,4371.09,4412.58,41.48999999999978
2026-09-11 16:47:00+00:00,4369.86,4411.38,41.52000000000044
2026-09-11 16:48:00+00:00,4370.14,4411.58,41.4399999999996
2026-09-11 16:49:00+00:00,4373.11,4414.48,41.36999999999989
2026-09-11 16:50:00+00:00,4373.15,4414.83,41.68000000000029
2026-09-11 16:51:00+00:00,4372.64,4414.33,41.6899999999996
2026-09-11 16:52:00+00:00,4371.49,4413.33,41.840000000000146
2026-09-11 16:53:00+00:00,4367.2,4408.83,41.63000000000011
2026-09-11 16:54:00+00:00,4368.87,4410.48,41.60999999999967
2026-09-11 16:55:00+00:00,4368.22,4409.73,41.50999999999931
2026-09-11 16:56:00+00:00,4365.93,4407.48,41.54999999999927
2026-09-11 16:57:00+00:00,4366.23,4407.73,41.5
2026-09-11 16:58:00+00:00,4365.8,4407.33,41.529999999999745
2026-09-11 16:59:00+00:00,4367.09,4408.63,41.539999999999964
2026-09-11 17:00:00+00:00,4370.0,4411.58,41.57999999999993
2026-09-11 17:01:00+00:00,4368.61,4410.18,41.57000000000062
2026-09-11 17:02:00+00:00,4370.15,4411.63,41.48000000000047
2026-09-11 17:03:00+00:00,4370.4,4412.03,41.63000000000011
2026-09-11 17:04:00+00:00,4371.7,4413.33,41.63000000000011
2026-09-11 17:05:00+00:00,4371.11,4412.63,41.52000000000044
2026-09-11 17:06:00+00:00,4370.29,4411.83,41.539999999999964
2026-09-11 17:07:00+00:00,4367.54,4409.13,41.590000000000146
2026-09-11 17:08:00+00:00,4367.0,4408.63,41.63000000000011
2026-09-11 17:09:00+00:00,4367.45,4409.03,41.57999999999993
2026-09-11 17:10:00+00:00,4366.96,4408.73,41.76999999999953
2026-09-11 17:11:00+00:00,4368.26,4410.03,41.76999999999953
2026-09-11 17:12:00+00:00,4367.25,4408.98,41.72999999999956
2026-09-11 17:13:00+00:00,4364.86,4406.33,41.470000000000255
2026-09-11 17:14:00+00:00,4361.36,4402.83,41.470000000000255
2026-09-11 17:15:00+00:00,4362.24,4403.73,41.48999999999978
2026-09-11 17:16:00+00:00,4362.12,4403.48,41.35999999999967
2026-09-11 17:17:00+00:00,4362.31,4403.88,41.56999999999971
2026-09-11 17:18:00+00:00,4363.58,4405.03,41.44999999999982
2026-09-11 17:19:00+00:00,4359.42,4400.68,41.26000000000022
2026-09-11 17:20:00+00:00,4358.81,4400.08,41.26999999999953
2026-09-11 17:21:00+00:00,4358.93,4400.23,41.29999999999927
2026-09-11 17:22:00+00:00,4358.14,4399.53,41.38999999999942
2026-09-11 17:23:00+00:00,4355.06,4396.28,41.219999999999345
2026-09-11 17:24:00+00:00,4353.07,4394.13,41.0600000000004
2026-09-11 17:25:00+00:00,4354.07,4395.28,41.210000000000036
2026-09-11 17:26:00+00:00,4356.71,4397.73,41.01999999999953
2026-09-11 17:27:00+00:00,4359.15,4400.23,41.07999999999993
2026-09-11 17:28:00+00:00,4362.58,4403.93,41.350000000000364
2026-09-11 17:29:00+00:00,4354.96,4396.18,41.220000000000255
2026-09-11 17:30:00+00:00,4356.44,4397.63,41.19000000000051
2026-09-11 17:31:00+00:00,4357.47,4398.78,41.30999999999949
2026-09-11 17:32:00+00:00,4361.04,4402.33,41.289999999999964
2026-09-11 17:33:00+00:00,4364.49,4406.03,41.539999999999964
2026-09-11 17:34:00+00:00,4364.35,4405.83,41.47999999999956
2026-09-11 17:35:00+00:00,4362.25,4403.93,41.68000000000029
2026-09-11 17:36:00+00:00,4360.08,4401.93,41.850000000000364
2026-09-11 17:37:00+00:00,4361.85,4403.53,41.67999999999938
2026-09-11 17:38:00+00:00,4362.09,4403.63,41.539999999999964
2026-09-11 17:39:00+00:00,4359.65,4401.18,41.530000000000655
2026-09-11 17:40:00+00:00,4364.1,4405.78,41.67999999999938
2026-09-11 17:41:00+00:00,4364.04,4405.78,41.73999999999978
2026-09-11 17:42:00+00:00,4362.07,4403.78,41.710000000000036
2026-09-11 17:43:00+00:00,4363.04,4404.78,41.73999999999978
2026-09-11 17:44:00+00:00,4363.6,4405.23,41.6299999999992
2026-09-11 17:45:00+00:00,4364.7,4406.43,41.73000000000047
2026-09-11 17:46:00+00:00,4363.49,4405.28,41.789999999999964
2026-09-11 17:47:00+00:00,4362.54,4404.23,41.6899999999996
2026-09-11 17:48:00+00:00,4362.44,4404.08,41.64000000000033
2026-09-11 17:49:00+00:00,4360.81,4402.43,41.61999999999989
2026-09-11 17:50:00+00:00,4360.92,4402.63,41.710000000000036
2026-09-11 17:51:00+00:00,4361.22,4402.93,41.710000000000036
2026-09-11 17:52:00+00:00,4361.4,4403.03,41.63000000000011
2026-09-11 17:53:00+00:00,4360.88,4402.53,41.649999999999636
2026-09-11 17:54:00+00:00,4361.25,4402.98,41.72999999999956
2026-09-11 17:55:00+00:00,4362.14,4403.83,41.6899999999996
2026-09-11 17:56:00+00:00,4362.17,4403.88,41.710000000000036
2026-09-11 17:57:00+00:00,4362.81,4404.53,41.719999999999345
2026-09-11 17:58:00+00:00,4362.56,4404.13,41.56999999999971
2026-09-11 17:59:00+00:00,4361.61,4403.43,41.82000000000062
2026-09-11 18:00:00+00:00,4362.15,4403.83,41.68000000000029
2026-09-11 18:01:00+00:00,4363.59,4405.23,41.63999999999942
2026-09-11 18:02:00+00:00,4363.17,4404.78,41.60999999999967
2026-09-11 18:03:00+00:00,4362.37,4404.18,41.8100000000004
2026-09-11 18:04:00+00:00,4363.27,4405.18,41.909999999999854
2026-09-11 18:05:00+00:00,4362.61,4404.43,41.82000000000062
2026-09-11 18:06:00+00:00,4364.11,4405.93,41.82000000000062
2026-09-11 18:07:00+00:00,4363.83,4405.63,41.80000000000018
2026-09-11 18:08:00+00:00,4363.48,4405.23,41.75
2026-09-11 18:09:00+00:00,4364.01,4405.93,41.92000000000007
2026-09-11 18:10:00+00:00,4364.04,4405.83,41.789999999999964
2026-09-11 18:11:00+00:00,4364.47,4406.53,42.05999999999949
2026-09-11 18:12:00+00:00,4365.62,4407.58,41.960000000000036
2026-09-11 18:13:00+00:00,4364.97,4406.83,41.85999999999967
2026-09-11 18:14:00+00:00,4365.8,4407.53,41.72999999999956
2026-09-11 18:15:00+00:00,4364.66,4406.43,41.77000000000044
2026-09-11 18:16:00+00:00,4365.65,4407.53,41.88000000000011
2026-09-11 18:17:00+00:00,4366.84,4408.83,41.98999999999978
2026-09-11 18:18:00+00:00,4366.24,4408.13,41.89000000000033
2026-09-11 18:19:00+00:00,4367.74,4409.63,41.89000000000033
2026-09-11 18:20:00+00:00,4367.44,4409.28,41.840000000000146
2026-09-11 18:21:00+00:00,4366.38,4408.13,41.75
2026-09-11 18:22:00+00:00,4366.55,4408.53,41.97999999999956
2026-09-11 18:23:00+00:00,4368.28,4410.33,42.05000000000018
2026-09-11 18:24:00+00:00,4368.98,4411.13,42.150000000000546
2026-09-11 18:25:00+00:00,4367.98,4410.08,42.100000000000364
2026-09-11 18:26:00+00:00,4366.9,4409.38,42.48000000000047
2026-09-11 18:27:00+00:00,4367.36,4409.48,42.11999999999989
2026-09-11 18:28:00+00:00,4366.55,4408.58,42.029999999999745
2026-09-11 18:29:00+00:00,4366.91,4408.98,42.06999999999971
2026-09-11 18:30:00+00:00,4367.79,4409.83,42.039999999999964
2026-09-11 18:31:00+00:00,4370.07,4412.28,42.210000000000036
2026-09-11 18:32:00+00:00,4368.63,4410.83,42.19999999999982
2026-09-11 18:33:00+00:00,4368.6,4410.78,42.17999999999938
2026-09-11 18:34:00+00:00,4369.02,4411.23,42.20999999999913
2026-09-11 18:35:00+00:00,4368.5,4410.63,42.13000000000011
2026-09-11 18:36:00+00:00,4367.81,4409.93,42.11999999999989
2026-09-11 18:37:00+00:00,4365.57,4407.83,42.26000000000022
2026-09-11 18:38:00+00:00,4363.28,4405.53,42.25
2026-09-11 18:39:00+00:00,4362.33,4404.48,42.149999999999636
2026-09-11 18:40:00+00:00,4362.61,4404.68,42.07000000000062
2026-09-11 18:41:00+00:00,4361.22,4403.28,42.05999999999949
2026-09-11 18:42:00+00:00,4361.3,4403.48,42.17999999999938
2026-09-11 18:43:00+00:00,4361.71,4403.83,42.11999999999989
2026-09-11 18:44:00+00:00,4361.93,4404.13,42.19999999999982
2026-09-11 18:45:00+00:00,4360.7,4402.83,42.13000000000011
2026-09-11 18:46:00+00:00,4359.77,4401.93,42.159999999999854
2026-09-11 18:47:00+00:00,4360.17,4402.23,42.05999999999949
2026-09-11 18:48:00+00:00,4360.23,4402.28,42.05000000000018
2026-09-11 18:49:00+00:00,4361.62,4403.63,42.01000000000022
2026-09-11 18:50:00+00:00,4361.58,4403.58,42.0
2026-09-11 18:51:00+00:00,4362.53,4404.63,42.100000000000364
2026-09-11 18:52:00+00:00,4363.28,4405.58,42.30000000000018
2026-09-11 18:53:00+00:00,4362.93,4405.33,42.399999999999636
2026-09-11 18:54:00+00:00,4362.61,4405.13,42.52000000000044
2026-09-11 18:55:00+00:00,4361.24,4403.68,42.44000000000051
2026-09-11 18:56:00+00:00,4359.75,4402.03,42.279999999999745
2026-09-11 18:57:00+00:00,4358.66,4400.98,42.31999999999971
2026-09-11 18:58:00+00:00,4358.12,4400.23,42.10999999999967
2026-09-11 18:59:00+00:00,4358.31,4400.48,42.16999999999916
2026-09-11 19:00:00+00:00,4357.72,4399.93,42.210000000000036
2026-09-11 19:01:00+00:00,4357.8,4399.93,42.13000000000011
2026-09-11 19:02:00+00:00,4359.51,4401.68,42.17000000000007
2026-09-11 19:03:00+00:00,4359.4,4401.58,42.18000000000029
2026-09-11 19:04:00+00:00,4359.56,4401.98,42.41999999999916
2026-09-11 19:05:00+00:00,4358.09,4400.43,42.340000000000146
2026-09-11 19:06:00+00:00,4357.73,4400.03,42.30000000000018
2026-09-11 19:07:00+00:00,4356.52,4398.68,42.159999999999854
2026-09-11 19:08:00+00:00,4355.39,4397.68,42.289999999999964
2026-09-11 19:09:00+00:00,4353.78,4395.98,42.19999999999982
2026-09-11 19:10:00+00:00,4355.86,4398.13,42.27000000000044
2026-09-11 19:11:00+00:00,4354.77,4397.03,42.25999999999931
2026-09-11 19:12:00+00:00,4353.07,4395.13,42.0600000000004
2026-09-11 19:13:00+00:00,4350.2,4392.28,42.07999999999993
2026-09-11 19:14:00+00:00,4346.96,4389.03,42.06999999999971
2026-09-11 19:15:00+00:00,4348.17,4390.43,42.26000000000022
2026-09-11 19:16:00+00:00,4349.22,4391.38,42.159999999999854
2026-09-11 19:17:00+00:00,4349.92,4391.88,41.960000000000036
2026-09-11 19:18:00+00:00,4351.19,4393.18,41.99000000000069
2026-09-11 19:19:00+00:00,4349.81,4391.93,42.11999999999989
2026-09-11 19:20:00+00:00,4346.53,4388.58,42.05000000000018
2026-09-11 19:21:00+00:00,4345.1,4387.23,42.1299999999992
2026-09-11 19:22:00+00:00,4348.44,4390.53,42.090000000000146
2026-09-11 19:23:00+00:00,4347.71,4389.73,42.01999999999953
2026-09-11 19:24:00+00:00,4349.22,4391.13,41.909999999999854
2026-09-11 19:25:00+00:00,4349.95,4391.78,41.82999999999993
2026-09-11 19:26:00+00:00,4349.44,4390.73,41.289999999999964
2026-09-11 19:27:00+00:00,4349.8,4391.88,42.07999999999993
2026-09-11 19:28:00+00:00,4352.25,4394.18,41.93000000000029
2026-09-11 19:29:00+00:00,4350.73,4392.73,42.0
2026-09-11 19:30:00+00:00,4350.09,4391.98,41.88999999999942
2026-09-11 19:31:00+00:00,4346.32,4388.13,41.8100000000004
2026-09-11 19:32:00+00:00,4346.94,4388.98,42.039999999999964
2026-09-11 19:33:00+00:00,4347.01,4389.03,42.01999999999953
2026-09-11 19:34:00+00:00,4348.26,4390.23,41.969999999999345
2026-09-11 19:35:00+00:00,4348.26,4390.28,42.01999999999953
2026-09-11 19:36:00+00:00,4350.23,4392.43,42.20000000000073
2026-09-11 19:37:00+00:00,4348.32,4390.33,42.01000000000022
2026-09-11 19:38:00+00:00,4347.84,4389.98,42.13999999999942
2026-09-11 19:39:00+00:00,4347.24,4389.13,41.89000000000033
2026-09-11 19:40:00+00:00,4347.66,4389.63,41.970000000000255
2026-09-11 19:41:00+00:00,4347.45,4389.48,42.029999999999745
2026-09-11 19:42:00+00:00,4348.42,4390.33,41.909999999999854
2026-09-11 19:43:00+00:00,4348.66,4390.63,41.970000000000255
2026-09-11 19:44:00+00:00,4347.09,4389.13,42.039999999999964
2026-09-11 19:45:00+00:00,4345.33,4387.13,41.80000000000018
2026-09-11 19:46:00+00:00,4345.72,4387.63,41.909999999999854
2026-09-11 19:47:00+00:00,4346.21,4388.13,41.92000000000007
2026-09-11 19:48:00+00:00,4344.82,4386.73,41.909999999999854
2026-09-11 19:49:00+00:00,4345.18,4387.03,41.849999999999454
2026-09-11 19:50:00+00:00,4345.84,4387.63,41.789999999999964
2026-09-11 19:51:00+00:00,4346.43,4388.28,41.849999999999454
2026-09-11 19:52:00+00:00,4346.07,4387.98,41.909999999999854
2026-09-11 19:53:00+00:00,4345.22,4387.13,41.909999999999854
2026-09-11 19:54:00+00:00,4345.35,4387.13,41.779999999999745
2026-09-11 19:55:00+00:00,4345.73,4387.73,42.0
2026-09-11 19:56:00+00:00,4346.31,4388.28,41.969999999999345
2026-09-11 19:57:00+00:00,4346.22,4388.08,41.85999999999967
2026-09-11 19:58:00+00:00,4346.83,4388.93,42.100000000000364
2026-09-11 19:59:00+00:00,4347.04,4388.88,41.840000000000146
2026-09-11 20:00:00+00:00,4347.78,4389.78,42.0
2026-09-11 20:01:00+00:00,4347.3,4389.23,41.92999999999938
2026-09-11 20:02:00+00:00,4346.99,4388.98,41.98999999999978
2026-09-11 20:03:00+00:00,4346.4,4388.53,42.13000000000011
2026-09-11 20:04:00+00:00,4347.75,4389.63,41.88000000000011
2026-09-11 20:05:00+00:00,4346.94,4388.83,41.89000000000033
2026-09-11 20:06:00+00:00,4345.45,4387.23,41.779999999999745
2026-09-11 20:07:00+00:00,4344.92,4386.73,41.80999999999949
2026-09-11 20:08:00+00:00,4348.52,4390.38,41.85999999999967
2026-09-11 20:09:00+00:00,4347.6,4389.33,41.72999999999956
2026-09-11 20:10:00+00:00,4348.05,4389.73,41.67999999999938
2026-09-11 20:11:00+00:00,4349.54,4391.43,41.89000000000033
2026-09-11 20:12:00+00:00,4349.74,4391.53,41.789999999999964
2026-09-11 20:13:00+00:00,4350.95,4392.93,41.98000000000047
2026-09-11 20:14:00+00:00,4351.87,4393.83,41.960000000000036
2026-09-11 20:15:00+00:00,4352.05,4393.93,41.88000000000011
2026-09-11 20:16:00+00:00,4352.69,4394.68,41.99000000000069
2026-09-11 20:17:00+00:00,4350.86,4392.83,41.970000000000255
2026-09-11 20:18:00+00:00,4350.77,4392.73,41.95999999999913
2026-09-11 20:19:00+00:00,4349.56,4391.38,41.81999999999971
2026-09-11 20:20:00+00:00,4350.45,4392.18,41.73000000000047
2026-09-11 20:21:00+00:00,4350.81,4392.63,41.81999999999971
2026-09-11 20:22:00+00:00,4349.72,4391.68,41.960000000000036
2026-09-11 20:23:00+00:00,4350.95,4392.98,42.029999999999745
2026-09-11 20:24:00+00:00,4351.58,4393.53,41.94999999999982
2026-09-11 20:25:00+00:00,4352.68,4394.73,42.04999999999927
2026-09-11 20:26:00+00:00,4351.56,4393.53,41.969999999999345
2026-09-11 20:27:00+00:00,4349.99,4392.13,42.14000000000033
2026-09-11 20:28:00+00:00,4350.34,4392.43,42.090000000000146
2026-09-11 20:29:00+00:00,4347.55,4389.63,42.07999999999993
2026-09-11 20:30:00+00:00,4347.13,4389.38,42.25
2026-09-11 20:31:00+00:00,4347.2,4389.58,42.38000000000011
2026-09-11 20:32:00+00:00,4345.85,4388.23,42.3799999999992
2026-09-11 20:33:00+00:00,4345.72,4388.03,42.30999999999949
2026-09-11 20:34:00+00:00,4347.23,4389.48,42.25
2026-09-11 20:35:00+00:00,4346.76,4389.13,42.36999999999989
2026-09-11 20:36:00+00:00,4346.95,4389.18,42.23000000000047
2026-09-11 20:37:00+00:00,4346.73,4389.03,42.30000000000018
2026-09-11 20:38:00+00:00,4346.38,4388.83,42.44999999999982
2026-09-11 20:39:00+00:00,4346.86,4389.23,42.36999999999989
2026-09-11 20:40:00+00:00,4347.67,4390.13,42.460000000000036
2026-09-11 20:41:00+00:00,4347.63,4389.93,42.30000000000018
2026-09-11 20:42:00+00:00,4346.29,4388.73,42.4399999999996
2026-09-11 20:43:00+00:00,4345.72,4388.08,42.35999999999967
2026-09-11 20:44:00+00:00,4346.11,4388.63,42.52000000000044
2026-09-11 20:45:00+00:00,4345.18,4387.53,42.349999999999454
2026-09-11 20:46:00+00:00,4344.09,4386.58,42.48999999999978
2026-09-11 20:47:00+00:00,4344.18,4386.73,42.54999999999927
2026-09-11 20:48:00+00:00,4343.62,4385.98,42.35999999999967
2026-09-11 20:49:00+00:00,4343.07,4385.28,42.210000000000036
2026-09-11 20:50:00+00:00,4344.42,4386.68,42.26000000000022
2026-09-11 20:51:00+00:00,4344.4,4386.68,42.280000000000655
2026-09-11 20:52:00+00:00,4343.26,4385.48,42.219999999999345
2026-09-11 20:53:00+00:00,4343.86,4386.28,42.42000000000007
2026-09-11 20:54:00+00:00,4345.36,4387.53,42.17000000000007
2026-09-11 20:55:00+00:00,4345.79,4387.93,42.14000000000033
2026-09-11 20:56:00+00:00,4346.13,4388.38,42.25
2026-09-11 20:57:00+00:00,4347.77,4389.98,42.20999999999913
2026-09-11 20:58:00+00:00,4348.1,4390.38,42.279999999999745
2026-09-11 20:59:00+00:00,4348.54,4390.83,42.289999999999964
2026-09-11 21:00:00+00:00,4351.02,4393.28,42.25999999999931
2026-09-11 21:01:00+00:00,4349.36,4391.38,42.02000000000044
2026-09-11 21:02:00+00:00,4348.63,4390.83,42.19999999999982
2026-09-11 21:03:00+00:00,4348.27,4390.43,42.159999999999854
2026-09-11 21:04:00+00:00,4348.94,4390.98,42.039999999999964
2026-09-11 21:05:00+00:00,4349.91,4391.93,42.02000000000044
2026-09-11 21:06:00+00:00,4350.34,4392.43,42.090000000000146
2026-09-11 21:07:00+00:00,4350.01,4392.18,42.17000000000007
2026-09-11 21:08:00+00:00,4350.03,4392.23,42.19999999999982
2026-09-11 21:09:00+00:00,4350.12,4392.43,42.3100000000004
2026-09-11 21:10:00+00:00,4349.54,4391.73,42.1899999999996
2026-09-11 21:11:00+00:00,4348.74,4391.03,42.289999999999964
2026-09-11 21:12:00+00:00,4348.95,4391.23,42.279999999999745
2026-09-11 21:13:00+00:00,4348.59,4390.93,42.340000000000146
2026-09-11 21:14:00+00:00,4348.36,4390.63,42.27000000000044
2026-09-11 21:15:00+00:00,4348.22,4390.38,42.159999999999854
2026-09-11 21:16:00+00:00,4347.3,4389.53,42.22999999999956
2026-09-11 21:17:00+00:00,4347.5,4389.63,42.13000000000011
2026-09-11 21:18:00+00:00,4346.35,4388.58,42.22999999999956
2026-09-11 21:19:00+00:00,4349.3,4391.43,42.13000000000011
2026-09-11 21:20:00+00:00,4349.81,4391.93,42.11999999999989
2026-09-11 21:21:00+00:00,4350.03,4392.33,42.30000000000018
2026-09-11 21:22:00+00:00,4350.06,4392.38,42.31999999999971
2026-09-11 21:23:00+00:00,4349.73,4391.98,42.25
2026-09-11 21:24:00+00:00,4349.46,4391.63,42.17000000000007
2026-09-11 21:25:00+00:00,4349.87,4391.98,42.10999999999967
2026-09-11 21:26:00+00:00,4349.09,4391.13,42.039999999999964
2026-09-11 21:27:00+00:00,4348.54,4390.58,42.039999999999964
2026-09-11 21:28:00+00:00,4349.17,4391.38,42.210000000000036
2026-09-11 21:29:00+00:00,4348.78,4390.88,42.100000000000364
2026-09-11 21:30:00+00:00,4348.33,4390.38,42.05000000000018
2026-09-11 21:31:00+00:00,4347.71,4389.73,42.01999999999953
2026-09-11 21:32:00+00:00,4347.77,4389.83,42.05999999999949
2026-09-11 21:33:00+00:00,4347.76,4389.68,41.92000000000007
2026-09-11 21:34:00+00:00,4347.71,4389.73,42.01999999999953
2026-09-11 21:35:00+00:00,4347.63,4389.68,42.05000000000018
2026-09-11 21:36:00+00:00,4347.38,4389.38,42.0
2026-09-11 21:37:00+00:00,4348.2,4390.18,41.98000000000047
2026-09-11 21:38:00+00:00,4348.95,4390.98,42.029999999999745
2026-09-11 21:39:00+00:00,4348.63,4390.68,42.05000000000018
2026-09-11 21:40:00+00:00,4348.12,4390.13,42.01000000000022
2026-09-11 21:41:00+00:00,4347.79,4389.78,41.98999999999978
2026-09-11 21:42:00+00:00,4346.32,4388.28,41.960000000000036
2026-09-11 21:43:00+00:00,4346.16,4388.13,41.970000000000255
2026-09-11 21:44:00+00:00,4346.59,4388.48,41.88999999999942
2026-09-11 21:45:00+00:00,4347.49,4389.53,42.039999999999964
2026-09-11 21:46:00+00:00,4347.98,4390.03,42.05000000000018
2026-09-11 21:47:00+00:00,4347.99,4390.03,42.039999999999964
2026-09-11 21:48:00+00:00,4347.43,4389.53,42.099999999999454
2026-09-11 21:49:00+00:00,4347.43,4389.58,42.149999999999636
2026-09-11 21:50:00+00:00,4346.97,4389.08,42.10999999999967
2026-09-11 21:51:00+00:00,4347.13,4389.18,42.05000000000018
2026-09-11 21:52:00+00:00,4347.78,4389.78,42.0
2026-09-11 21:53:00+00:00,4346.94,4388.73,41.789999999999964
2026-09-11 21:54:00+00:00,4348.49,4390.28,41.789999999999964
2026-09-11 21:55:00+00:00,4348.42,4389.68,41.26000000000022
2026-09-11 21:56:00+00:00,4348.38,4389.93,41.55000000000018
2026-09-13 23:02:00+00:00,4334.56,4376.58,42.01999999999953
2026-09-13 23:03:00+00:00,4335.74,4376.13,40.39000000000033
2026-09-13 23:04:00+00:00,4338.66,4379.03,40.36999999999989
2026-09-13 23:05:00+00:00,4339.22,4379.58,40.35999999999967
2026-09-13 23:06:00+00:00,4337.27,4377.73,40.45999999999913
2026-09-13 23:07:00+00:00,4337.53,4377.93,40.400000000000546
2026-09-13 23:08:00+00:00,4333.79,4374.33,40.539999999999964
2026-09-13 23:09:00+00:00,4331.17,4371.48,40.30999999999949
2026-09-13 23:10:00+00:00,4330.47,4370.93,40.460000000000036
2026-09-13 23:11:00+00:00,4331.09,4371.43,40.340000000000146
2026-09-13 23:12:00+00:00,4331.14,4371.48,40.339999999999236
2026-09-13 23:13:00+00:00,4332.71,4372.98,40.26999999999953
2026-09-13 23:14:00+00:00,4330.74,4371.13,40.39000000000033
2026-09-13 23:15:00+00:00,4332.2,4372.53,40.32999999999993
2026-09-13 23:16:00+00:00,4332.43,4372.73,40.29999999999927
2026-09-13 23:17:00+00:00,4330.2,4370.58,40.38000000000011
2026-09-13 23:18:00+00:00,4331.01,4371.28,40.26999999999953
2026-09-13 23:19:00+00:00,4333.56,4374.13,40.56999999999971
2026-09-13 23:20:00+00:00,4332.83,4373.28,40.44999999999982
2026-09-13 23:21:00+00:00,4333.2,4373.53,40.32999999999993
2026-09-13 23:22:00+00:00,4330.89,4371.38,40.48999999999978
2026-09-13 23:23:00+00:00,4329.49,4369.78,40.289999999999964
2026-09-13 23:24:00+00:00,4329.06,4369.33,40.26999999999953
2026-09-13 23:25:00+00:00,4331.0,4371.33,40.32999999999993
2026-09-13 23:26:00+00:00,4332.48,4372.93,40.45000000000073
2026-09-13 23:27:00+00:00,4335.76,4376.08,40.31999999999971
2026-09-13 23:28:00+00:00,4336.16,4376.53,40.36999999999989
2026-09-13 23:29:00+00:00,4336.12,4376.58,40.460000000000036
2026-09-13 23:30:00+00:00,4336.34,4376.73,40.38999999999942
2026-09-13 23:31:00+00:00,4336.04,4376.43,40.39000000000033
2026-09-13 23:32:00+00:00,4335.94,4376.38,40.44000000000051
2026-09-13 23:33:00+00:00,4337.95,4378.33,40.38000000000011
2026-09-13 23:34:00+00:00,4336.43,4376.88,40.44999999999982
2026-09-13 23:35:00+00:00,4335.45,4375.48,40.029999999999745
2026-09-13 23:36:00+00:00,4336.09,4376.43,40.340000000000146
2026-09-13 23:37:00+00:00,4336.15,4376.53,40.38000000000011
2026-09-13 23:38:00+00:00,4336.16,4376.53,40.36999999999989
2026-09-13 23:39:00+00:00,4336.22,4376.43,40.210000000000036
2026-09-13 23:40:00+00:00,4335.53,4375.88,40.350000000000364
2026-09-13 23:41:00+00:00,4336.24,4376.63,40.39000000000033
2026-09-13 23:42:00+00:00,4335.74,4376.08,40.340000000000146
2026-09-13 23:43:00+00:00,4335.85,4376.28,40.42999999999938
2026-09-13 23:44:00+00:00,4337.36,4377.68,40.32000000000062
2026-09-13 23:45:00+00:00,4337.38,4377.83,40.44999999999982
2026-09-13 23:46:00+00:00,4336.96,4377.48,40.51999999999953
2026-09-13 23:47:00+00:00,4336.31,4376.73,40.41999999999916
2026-09-13 23:48:00+00:00,4336.56,4376.88,40.31999999999971
2026-09-13 23:49:00+00:00,4336.5,4376.93,40.43000000000029
2026-09-13 23:50:00+00:00,4336.11,4376.48,40.36999999999989
2026-09-13 23:51:00+00:00,4336.71,4377.03,40.31999999999971
2026-09-13 23:52:00+00:00,4336.2,4376.53,40.32999999999993
2026-09-13 23:53:00+00:00,4337.85,4378.28,40.42999999999938
2026-09-13 23:54:00+00:00,4339.64,4380.03,40.38999999999942
2026-09-13 23:55:00+00:00,4338.99,4379.43,40.44000000000051
2026-09-13 23:56:00+00:00,4338.93,4379.18,40.25
2026-09-13 23:57:00+00:00,4338.75,4379.08,40.32999999999993
2026-09-13 23:58:00+00:00,4338.19,4378.73,40.539999999999964
2026-09-13 23:59:00+00:00,4338.07,4378.33,40.26000000000022
2026-09-14 00:00:00+00:00,4341.61,4382.08,40.470000000000255
2026-09-14 00:01:00+00:00,4342.12,4382.63,40.51000000000022
2026-09-14 00:02:00+00:00,4341.13,4381.83,40.69999999999982
2026-09-14 00:03:00+00:00,4342.0,4382.48,40.47999999999956
2026-09-14 00:04:00+00:00,4341.27,4381.78,40.50999999999931
2026-09-14 00:05:00+00:00,4341.27,4381.73,40.45999999999913
2026-09-14 00:06:00+00:00,4340.95,4381.43,40.48000000000047
2026-09-14 00:07:00+00:00,4341.37,4381.93,40.5600000000004
2026-09-14 00:08:00+00:00,4341.68,4382.28,40.599999999999454
2026-09-14 00:09:00+00:00,4341.69,4382.08,40.39000000000033
2026-09-14 00:10:00+00:00,4341.99,4382.58,40.590000000000146
2026-09-14 00:11:00+00:00,4342.01,4382.53,40.51999999999953
2026-09-14 00:12:00+00:00,4341.33,4381.88,40.55000000000018
2026-09-14 00:13:00+00:00,4340.97,4381.58,40.60999999999967
2026-09-14 00:14:00+00:00,4339.45,4380.03,40.57999999999993
2026-09-14 00:15:00+00:00,4340.48,4380.83,40.350000000000364
2026-09-14 00:16:00+00:00,4339.89,4380.33,40.4399999999996
2026-09-14 00:17:00+00:00,4338.94,4379.38,40.44000000000051
2026-09-14 00:18:00+00:00,4337.77,4378.18,40.409999999999854
2026-09-14 00:19:00+00:00,4337.64,4378.18,40.539999999999964
2026-09-14 00:20:00+00:00,4336.54,4377.13,40.590000000000146
2026-09-14 00:21:00+00:00,4336.02,4376.33,40.30999999999949
2026-09-14 00:22:00+00:00,4336.21,4376.58,40.36999999999989
2026-09-14 00:23:00+00:00,4337.13,4377.43,40.30000000000018
2026-09-14 00:24:00+00:00,4338.34,4378.58,40.23999999999978
2026-09-14 00:25:00+00:00,4337.67,4378.08,40.409999999999854
2026-09-14 00:26:00+00:00,4338.02,4378.38,40.35999999999967
2026-09-14 00:27:00+00:00,4337.7,4378.28,40.57999999999993
2026-09-14 00:28:00+00:00,4337.9,4378.53,40.63000000000011
2026-09-14 00:29:00+00:00,4339.45,4379.93,40.48000000000047
2026-09-14 00:30:00+00:00,4340.26,4380.78,40.51999999999953
2026-09-14 00:31:00+00:00,4339.4,4379.98,40.57999999999993
2026-09-14 00:32:00+00:00,4340.36,4380.93,40.57000000000062
2026-09-14 00:33:00+00:00,4341.78,4382.08,40.30000000000018
2026-09-14 00:34:00+00:00,4341.32,4382.03,40.710000000000036
2026-09-14 00:35:00+00:00,4339.84,4380.43,40.590000000000146
2026-09-14 00:36:00+00:00,4340.1,4380.48,40.3799999999992
2026-09-14 00:37:00+00:00,4341.13,4381.48,40.349999999999454
2026-09-14 00:38:00+00:00,4341.63,4381.93,40.30000000000018
2026-09-14 00:39:00+00:00,4340.51,4381.18,40.67000000000007
2026-09-14 00:40:00+00:00,4340.35,4380.83,40.47999999999956
2026-09-14 00:41:00+00:00,4338.61,4379.13,40.52000000000044
2026-09-14 00:42:00+00:00,4338.3,4378.93,40.63000000000011
2026-09-14 00:43:00+00:00,4338.38,4378.78,40.399999999999636
2026-09-14 00:44:00+00:00,4338.05,4378.48,40.42999999999938
2026-09-14 00:45:00+00:00,4336.9,4377.48,40.57999999999993
2026-09-14 00:46:00+00:00,4336.69,4377.13,40.44000000000051
2026-09-14 00:47:00+00:00,4337.91,4378.38,40.470000000000255
2026-09-14 00:48:00+00:00,4335.22,4375.88,40.659999999999854
2026-09-14 00:49:00+00:00,4332.13,4372.58,40.44999999999982
2026-09-14 00:50:00+00:00,4332.84,4373.33,40.48999999999978
2026-09-14 00:51:00+00:00,4332.75,4373.03,40.279999999999745
2026-09-14 00:52:00+00:00,4334.51,4374.78,40.26999999999953
2026-09-14 00:53:00+00:00,4335.11,4375.53,40.42000000000007
2026-09-14 00:54:00+00:00,4333.81,4374.33,40.51999999999953
2026-09-14 00:55:00+00:00,4334.28,4374.68,40.400000000000546
2026-09-14 00:56:00+00:00,4333.32,4373.78,40.460000000000036
2026-09-14 00:57:00+00:00,4334.19,4374.58,40.39000000000033
2026-09-14 00:58:00+00:00,4334.47,4374.88,40.409999999999854
2026-09-14 00:59:00+00:00,4333.12,4373.38,40.26000000000022
2026-09-14 01:00:00+00:00,4331.21,4372.28,41.06999999999971
2026-09-14 01:01:00+00:00,4332.04,4372.73,40.6899999999996
2026-09-14 01:02:00+00:00,4334.5,4375.43,40.93000000000029
2026-09-14 01:03:00+00:00,4335.28,4376.23,40.94999999999982
2026-09-14 01:04:00+00:00,4333.66,4374.58,40.92000000000007
2026-09-14 01:05:00+00:00,4337.56,4378.38,40.81999999999971
2026-09-14 01:06:00+00:00,4341.37,4382.78,41.409999999999854
2026-09-14 01:07:00+00:00,4344.09,4385.08,40.98999999999978
2026-09-14 01:08:00+00:00,4345.15,4386.28,41.13000000000011
2026-09-14 01:09:00+00:00,4345.73,4386.68,40.95000000000073
2026-09-14 01:10:00+00:00,4346.05,4387.08,41.029999999999745
2026-09-14 01:11:00+00:00,4344.83,4385.88,41.05000000000018
2026-09-14 01:12:00+00:00,4345.13,4386.33,41.19999999999982
2026-09-14 01:13:00+00:00,4344.41,4385.73,41.31999999999971
2026-09-14 01:14:00+00:00,4342.6,4383.83,41.22999999999956
2026-09-14 01:15:00+00:00,4342.94,4383.98,41.039999999999964
2026-09-14 01:16:00+00:00,4341.27,4382.43,41.159999999999854
2026-09-14 01:17:00+00:00,4343.22,4384.33,41.10999999999967
2026-09-14 01:18:00+00:00,4341.92,4383.08,41.159999999999854
2026-09-14 01:19:00+00:00,4341.36,4382.38,41.02000000000044
2026-09-14 01:20:00+00:00,4339.99,4381.03,41.039999999999964
2026-09-14 01:21:00+00:00,4338.23,4379.18,40.95000000000073
2026-09-14 01:22:00+00:00,4339.79,4380.88,41.090000000000146
2026-09-14 01:23:00+00:00,4338.3,4379.33,41.029999999999745
2026-09-14 01:24:00+00:00,4338.9,4379.83,40.93000000000029
2026-09-14 01:25:00+00:00,4336.7,4377.68,40.98000000000047
2026-09-14 01:26:00+00:00,4334.12,4375.08,40.960000000000036
2026-09-14 01:27:00+00:00,4335.05,4375.78,40.72999999999956
2026-09-14 01:28:00+00:00,4335.6,4376.48,40.8799999999992
2026-09-14 01:29:00+00:00,4338.06,4378.93,40.86999999999989
2026-09-14 01:30:00+00:00,4337.47,4378.18,40.710000000000036
2026-09-14 01:31:00+00:00,4339.68,4380.58,40.899999999999636
2026-09-14 01:32:00+00:00,4339.9,4380.78,40.88000000000011
2026-09-14 01:33:00+00:00,4339.13,4379.88,40.75
2026-09-14 01:34:00+00:00,4339.61,4380.38,40.77000000000044
2026-09-14 01:35:00+00:00,4336.47,4377.18,40.710000000000036
2026-09-14 01:36:00+00:00,4334.66,4375.38,40.720000000000255
2026-09-14 01:37:00+00:00,4334.2,4374.98,40.779999999999745
2026-09-14 01:38:00+00:00,4333.61,4374.38,40.77000000000044
2026-09-14 01:39:00+00:00,4332.92,4374.08,41.159999999999854
2026-09-14 01:40:00+00:00,4333.32,4374.28,40.960000000000036
2026-09-14 01:41:00+00:00,4333.95,4374.93,40.98000000000047
2026-09-14 01:42:00+00:00,4333.53,4374.43,40.900000000000546
2026-09-14 01:43:00+00:00,4337.66,4378.63,40.970000000000255
2026-09-14 01:44:00+00:00,4338.21,4379.18,40.970000000000255
2026-09-14 01:45:00+00:00,4337.42,4378.33,40.909999999999854
2026-09-14 01:46:00+00:00,4338.81,4379.68,40.86999999999989
2026-09-14 01:47:00+00:00,4340.27,4381.43,41.159999999999854
2026-09-14 01:48:00+00:00,4338.74,4379.68,40.94000000000051
2026-09-14 01:49:00+00:00,4339.68,4380.73,41.04999999999927
2026-09-14 01:50:00+00:00,4340.93,4381.68,40.75
2026-09-14 01:51:00+00:00,4340.86,4381.88,41.02000000000044
2026-09-14 01:52:00+00:00,4341.47,4382.58,41.10999999999967
2026-09-14 01:53:00+00:00,4340.18,4381.18,41.0
2026-09-14 01:54:00+00:00,4342.68,4383.68,41.0
2026-09-14 01:55:00+00:00,4340.81,4381.93,41.11999999999989
2026-09-14 01:56:00+00:00,4340.69,4381.88,41.19000000000051
2026-09-14 01:57:00+00:00,4340.04,4381.28,41.23999999999978
2026-09-14 01:58:00+00:00,4338.25,4379.33,41.07999999999993
2026-09-14 01:59:00+00:00,4338.66,4379.48,40.81999999999971
2026-09-14 02:00:00+00:00,4341.6,4382.63,41.029999999999745
2026-09-14 02:01:00+00:00,4344.01,4385.23,41.219999999999345
2026-09-14 02:02:00+00:00,4342.39,4383.48,41.089999999999236
2026-09-14 02:03:00+00:00,4335.62,4376.43,40.8100000000004
2026-09-14 02:04:00+00:00,4331.22,4371.98,40.75999999999931
2026-09-14 02:05:00+00:00,4333.91,4374.63,40.720000000000255
2026-09-14 02:06:00+00:00,4330.1,4370.98,40.8799999999992
2026-09-14 02:07:00+00:00,4334.94,4375.73,40.789999999999964
2026-09-14 02:08:00+00:00,4335.36,4376.33,40.970000000000255
2026-09-14 02:09:00+00:00,4336.59,4377.38,40.789999999999964
2026-09-14 02:10:00+00:00,4332.62,4373.43,40.8100000000004
2026-09-14 02:11:00+00:00,4332.28,4373.08,40.80000000000018
2026-09-14 02:12:00+00:00,4331.36,4372.13,40.77000000000044
2026-09-14 02:13:00+00:00,4330.5,4371.23,40.72999999999956
2026-09-14 02:14:00+00:00,4331.65,4372.53,40.88000000000011
2026-09-14 02:15:00+00:00,4331.63,4372.43,40.80000000000018
2026-09-14 02:16:00+00:00,4329.83,4370.48,40.649999999999636
2026-09-14 02:17:00+00:00,4330.45,4371.13,40.68000000000029
2026-09-14 02:18:00+00:00,4331.9,4372.33,40.43000000000029
2026-09-14 02:19:00+00:00,4327.22,4367.93,40.710000000000036
2026-09-14 02:20:00+00:00,4329.35,4370.18,40.82999999999993
2026-09-14 02:21:00+00:00,4332.03,4372.73,40.69999999999982
2026-09-14 02:22:00+00:00,4333.92,4374.88,40.960000000000036
2026-09-14 02:23:00+00:00,4334.17,4375.28,41.10999999999967
2026-09-14 02:24:00+00:00,4334.85,4376.03,41.17999999999938
2026-09-14 02:25:00+00:00,4333.07,4373.88,40.8100000000004
2026-09-14 02:26:00+00:00,4335.17,4376.08,40.909999999999854
2026-09-14 02:27:00+00:00,4336.22,4377.13,40.909999999999854
2026-09-14 02:28:00+00:00,4337.19,4378.13,40.94000000000051
2026-09-14 02:29:00+00:00,4335.48,4376.38,40.900000000000546
2026-09-14 02:30:00+00:00,4334.7,4375.53,40.82999999999993
2026-09-14 02:31:00+00:00,4333.48,4374.23,40.75
2026-09-14 02:32:00+00:00,4330.89,4371.73,40.839999999999236
2026-09-14 02:33:00+00:00,4330.66,4371.43,40.77000000000044
2026-09-14 02:34:00+00:00,4332.02,4372.73,40.70999999999913
2026-09-14 02:35:00+00:00,4335.83,4376.83,41.0
2026-09-14 02:36:00+00:00,4338.17,4379.08,40.909999999999854
2026-09-14 02:37:00+00:00,4339.57,4380.53,40.960000000000036
2026-09-14 02:38:00+00:00,4341.41,4382.53,41.11999999999989
2026-09-14 02:39:00+00:00,4344.49,4385.38,40.89000000000033
2026-09-14 02:40:00+00:00,4343.0,4383.93,40.93000000000029
2026-09-14 02:41:00+00:00,4342.87,4383.68,40.8100000000004
2026-09-14 02:42:00+00:00,4338.38,4379.18,40.80000000000018
2026-09-14 02:43:00+00:00,4341.57,4382.23,40.659999999999854
2026-09-14 02:44:00+00:00,4342.34,4383.28,40.9399999999996
2026-09-14 02:45:00+00:00,4344.66,4385.33,40.67000000000007
2026-09-14 02:46:00+00:00,4344.85,4385.58,40.72999999999956
2026-09-14 02:47:00+00:00,4346.56,4387.38,40.81999999999971
2026-09-14 02:48:00+00:00,4347.54,4388.63,41.090000000000146
2026-09-14 02:49:00+00:00,4345.69,4386.88,41.19000000000051
2026-09-14 02:50:00+00:00,4344.91,4385.88,40.970000000000255
2026-09-14 02:51:00+00:00,4347.45,4388.28,40.82999999999993
2026-09-14 02:52:00+00:00,4349.04,4389.88,40.840000000000146
2026-09-14 02:53:00+00:00,4348.11,4389.28,41.17000000000007
2026-09-14 02:54:00+00:00,4348.12,4389.13,41.01000000000022
2026-09-14 02:55:00+00:00,4347.46,4388.68,41.220000000000255
2026-09-14 02:56:00+00:00,4350.14,4391.38,41.23999999999978
2026-09-14 02:57:00+00:00,4351.13,4392.23,41.099999999999454
2026-09-14 02:58:00+00:00,4353.45,4394.53,41.07999999999993
2026-09-14 02:59:00+00:00,4353.33,4394.43,41.100000000000364
2026-09-14 03:00:00+00:00,4352.05,4393.23,41.17999999999938
2026-09-14 03:01:00+00:00,4353.06,4394.38,41.31999999999971
2026-09-14 03:02:00+00:00,4351.29,4392.58,41.289999999999964
2026-09-14 03:03:00+00:00,4349.83,4391.18,41.350000000000364
2026-09-14 03:04:00+00:00,4349.3,4390.28,40.97999999999956
2026-09-14 03:05:00+00:00,4350.39,4391.43,41.039999999999964
2026-09-14 03:06:00+00:00,4351.95,4393.08,41.13000000000011
2026-09-14 03:07:00+00:00,4353.1,4394.18,41.07999999999993
2026-09-14 03:08:00+00:00,4354.5,4395.58,41.07999999999993
2026-09-14 03:09:00+00:00,4352.54,4393.58,41.039999999999964
2026-09-14 03:10:00+00:00,4351.01,4392.08,41.06999999999971
2026-09-14 03:11:00+00:00,4350.71,4391.83,41.11999999999989
2026-09-14 03:12:00+00:00,4348.56,4389.73,41.16999999999916
2026-09-14 03:13:00+00:00,4349.42,4390.38,40.960000000000036
2026-09-14 03:14:00+00:00,4349.33,4390.33,41.0
2026-09-14 03:15:00+00:00,4348.99,4389.98,40.98999999999978
2026-09-14 03:16:00+00:00,4348.96,4389.93,40.970000000000255
2026-09-14 03:17:00+00:00,4349.33,4390.33,41.0
2026-09-14 03:18:00+00:00,4349.56,4390.58,41.01999999999953
2026-09-14 03:19:00+00:00,4349.36,4390.28,40.92000000000007
2026-09-14 03:20:00+00:00,4350.44,4391.48,41.039999999999964
2026-09-14 03:21:00+00:00,4349.85,4390.78,40.92999999999938
2026-09-14 03:22:00+00:00,4350.41,4391.43,41.02000000000044
2026-09-14 03:23:00+00:00,4352.54,4393.58,41.039999999999964
2026-09-14 03:24:00+00:00,4353.34,4394.28,40.9399999999996
2026-09-14 03:25:00+00:00,4353.24,4394.23,40.98999999999978
2026-09-14 03:26:00+00:00,4353.68,4394.83,41.149999999999636
2026-09-14 03:27:00+00:00,4353.07,4394.23,41.159999999999854
2026-09-14 03:28:00+00:00,4352.46,4393.63,41.17000000000007
2026-09-14 03:29:00+00:00,4352.17,4393.28,41.10999999999967
2026-09-14 03:30:00+00:00,4353.67,4394.78,41.10999999999967
2026-09-14 03:31:00+00:00,4354.93,4396.23,41.29999999999927
2026-09-14 03:32:00+00:00,4353.49,4394.58,41.090000000000146
2026-09-14 03:33:00+00:00,4352.94,4394.48,41.539999999999964
2026-09-14 03:34:00+00:00,4354.22,4395.58,41.35999999999967
2026-09-14 03:35:00+00:00,4351.79,4392.98,41.1899999999996
2026-09-14 03:36:00+00:00,4351.43,4392.58,41.149999999999636
2026-09-14 03:37:00+00:00,4350.58,4391.63,41.05000000000018
2026-09-14 03:38:00+00:00,4350.1,4391.18,41.07999999999993
2026-09-14 03:39:00+00:00,4347.81,4389.18,41.36999999999989
2026-09-14 03:40:00+00:00,4346.22,4387.28,41.05999999999949
2026-09-14 03:41:00+00:00,4345.27,4386.48,41.20999999999913
2026-09-14 03:42:00+00:00,4345.25,4386.43,41.18000000000029
2026-09-14 03:43:00+00:00,4347.45,4388.63,41.18000000000029
2026-09-14 03:44:00+00:00,4345.76,4386.83,41.06999999999971
2026-09-14 03:45:00+00:00,4347.49,4388.63,41.14000000000033
2026-09-14 03:46:00+00:00,4346.82,4387.78,40.960000000000036
2026-09-14 03:47:00+00:00,4345.98,4387.08,41.100000000000364
2026-09-14 03:48:00+00:00,4345.49,4386.53,41.039999999999964
2026-09-14 03:49:00+00:00,4345.02,4386.18,41.159999999999854
2026-09-14 03:50:00+00:00,4344.19,4385.18,40.99000000000069
2026-09-14 03:51:00+00:00,4341.23,4382.43,41.20000000000073
2026-09-14 03:52:00+00:00,4340.49,4381.53,41.039999999999964
2026-09-14 03:53:00+00:00,4340.4,4381.43,41.030000000000655
2026-09-14 03:54:00+00:00,4338.43,4379.38,40.94999999999982
2026-09-14 03:55:00+00:00,4335.85,4376.78,40.92999999999938
2026-09-14 03:56:00+00:00,4335.31,4376.23,40.91999999999916
2026-09-14 03:57:00+00:00,4332.75,4373.63,40.88000000000011
2026-09-14 03:58:00+00:00,4331.19,4371.88,40.69000000000051
2026-09-14 03:59:00+00:00,4331.07,4371.73,40.659999999999854
2026-09-14 04:00:00+00:00,4330.55,4371.23,40.67999999999938
2026-09-14 04:01:00+00:00,4331.15,4371.63,40.48000000000047
2026-09-14 04:02:00+00:00,4330.72,4371.28,40.55999999999949
2026-09-14 04:03:00+00:00,4333.08,4373.63,40.55000000000018
2026-09-14 04:04:00+00:00,4332.78,4373.03,40.25
2026-09-14 04:05:00+00:00,4333.19,4373.58,40.39000000000033
2026-09-14 04:06:00+00:00,4333.4,4373.83,40.43000000000029
2026-09-14 04:07:00+00:00,4333.71,4374.28,40.56999999999971
2026-09-14 04:08:00+00:00,4334.66,4375.13,40.470000000000255
2026-09-14 04:09:00+00:00,4335.8,4376.33,40.529999999999745
2026-09-14 04:10:00+00:00,4333.8,4374.28,40.47999999999956
2026-09-14 04:11:00+00:00,4334.45,4374.83,40.38000000000011
2026-09-14 04:12:00+00:00,4334.45,4374.88,40.43000000000029
2026-09-14 04:13:00+00:00,4335.64,4376.08,40.4399999999996
2026-09-14 04:14:00+00:00,4333.43,4373.88,40.44999999999982
2026-09-14 04:15:00+00:00,4333.02,4373.38,40.35999999999967
2026-09-14 04:16:00+00:00,4333.18,4373.63,40.44999999999982
2026-09-14 04:17:00+00:00,4333.68,4374.13,40.44999999999982
2026-09-14 04:18:00+00:00,4334.46,4374.93,40.470000000000255
2026-09-14 04:19:00+00:00,4335.55,4376.13,40.57999999999993
2026-09-14 04:20:00+00:00,4335.46,4375.93,40.470000000000255
2026-09-14 04:21:00+00:00,4334.61,4375.18,40.57000000000062
2026-09-14 04:22:00+00:00,4335.79,4376.18,40.39000000000033
2026-09-14 04:23:00+00:00,4335.69,4376.13,40.44000000000051
2026-09-14 04:24:00+00:00,4334.95,4375.28,40.32999999999993
2026-09-14 04:25:00+00:00,4334.13,4374.48,40.349999999999454
2026-09-14 04:26:00+00:00,4333.58,4374.08,40.5
2026-09-14 04:27:00+00:00,4333.75,4374.03,40.279999999999745
2026-09-14 04:28:00+00:00,4334.61,4374.98,40.36999999999989
2026-09-14 04:29:00+00:00,4334.87,4375.23,40.35999999999967
2026-09-14 04:30:00+00:00,4332.73,4373.08,40.350000000000364
2026-09-14 04:31:00+00:00,4333.19,4373.33,40.14000000000033
2026-09-14 04:32:00+00:00,4332.38,4372.68,40.30000000000018
2026-09-14 04:33:00+00:00,4330.9,4371.08,40.18000000000029
2026-09-14 04:34:00+00:00,4330.38,4370.58,40.19999999999982
2026-09-14 04:35:00+00:00,4329.42,4369.53,40.10999999999967
2026-09-14 04:36:00+00:00,4329.3,4369.38,40.07999999999993
2026-09-14 04:37:00+00:00,4331.62,4371.83,40.210000000000036
2026-09-14 04:38:00+00:00,4331.96,4372.03,40.06999999999971
2026-09-14 04:39:00+00:00,4332.09,4372.18,40.090000000000146
2026-09-14 04:40:00+00:00,4329.19,4369.33,40.14000000000033
2026-09-14 04:41:00+00:00,4327.42,4367.43,40.01000000000022
2026-09-14 04:42:00+00:00,4328.87,4368.83,39.960000000000036
2026-09-14 04:43:00+00:00,4329.37,4369.33,39.960000000000036
2026-09-14 04:44:00+00:00,4329.19,4369.13,39.94000000000051
2026-09-14 04:45:00+00:00,4330.31,4370.33,40.01999999999953
2026-09-14 04:46:00+00:00,4330.08,4370.03,39.94999999999982
2026-09-14 04:47:00+00:00,4329.33,4369.23,39.899999999999636
2026-09-14 04:48:00+00:00,4331.13,4371.18,40.05000000000018
2026-09-14 04:49:00+00:00,4332.9,4373.08,40.18000000000029
2026-09-14 04:50:00+00:00,4333.07,4373.23,40.159999999999854
2026-09-14 04:51:00+00:00,4331.01,4371.18,40.17000000000007
2026-09-14 04:52:00+00:00,4331.91,4371.68,39.77000000000044
2026-09-14 04:53:00+00:00,4332.97,4372.98,40.00999999999931
2026-09-14 04:54:00+00:00,4331.86,4372.18,40.32000000000062
2026-09-14 04:55:00+00:00,4331.7,4371.73,40.029999999999745
2026-09-14 04:56:00+00:00,4331.29,4371.38,40.090000000000146
2026-09-14 04:57:00+00:00,4331.0,4371.08,40.07999999999993
2026-09-14 04:58:00+00:00,4330.34,4370.33,39.98999999999978
2026-09-14 04:59:00+00:00,4330.55,4370.38,39.82999999999993
2026-09-14 05:00:00+00:00,4331.0,4370.98,39.97999999999956
2026-09-14 05:01:00+00:00,4330.47,4370.33,39.85999999999967
2026-09-14 05:02:00+00:00,4330.44,4370.23,39.789999999999964
2026-09-14 05:03:00+00:00,4331.67,4371.48,39.80999999999949
2026-09-14 05:04:00+00:00,4331.25,4371.13,39.88000000000011
2026-09-14 05:05:00+00:00,4330.68,4370.63,39.94999999999982
2026-09-14 05:06:00+00:00,4330.49,4370.48,39.98999999999978
2026-09-14 05:07:00+00:00,4330.27,4370.13,39.85999999999967
2026-09-14 05:08:00+00:00,4329.5,4369.28,39.779999999999745
2026-09-14 05:09:00+00:00,4330.84,4370.78,39.9399999999996
2026-09-14 05:10:00+00:00,4330.38,4370.33,39.94999999999982
2026-09-14 05:11:00+00:00,4330.82,4370.78,39.960000000000036
2026-09-14 05:12:00+00:00,4330.09,4369.88,39.789999999999964
2026-09-14 05:13:00+00:00,4330.52,4370.38,39.85999999999967
2026-09-14 05:14:00+00:00,4329.31,4369.08,39.76999999999953
2026-09-14 05:15:00+00:00,4329.84,4369.78,39.9399999999996
2026-09-14 05:16:00+00:00,4330.15,4369.98,39.82999999999993
2026-09-14 05:17:00+00:00,4329.58,4369.43,39.850000000000364
2026-09-14 05:18:00+00:00,4329.5,4369.33,39.82999999999993
2026-09-14 05:19:00+00:00,4329.85,4369.63,39.779999999999745
2026-09-14 05:20:00+00:00,4329.55,4369.38,39.82999999999993
2026-09-14 05:21:00+00:00,4329.82,4369.58,39.76000000000022
2026-09-14 05:22:00+00:00,4330.57,4370.48,39.909999999999854
2026-09-14 05:23:00+00:00,4330.27,4370.18,39.909999999999854
2026-09-14 05:24:00+00:00,4330.23,4370.13,39.900000000000546
2026-09-14 05:25:00+00:00,4330.53,4370.43,39.900000000000546
2026-09-14 05:26:00+00:00,4330.92,4370.73,39.80999999999949
2026-09-14 05:27:00+00:00,4331.42,4371.28,39.85999999999967
2026-09-14 05:28:00+00:00,4331.18,4371.03,39.849999999999454
2026-09-14 05:29:00+00:00,4331.69,4371.48,39.789999999999964
2026-09-14 05:30:00+00:00,4331.33,4371.13,39.80000000000018
2026-09-14 05:31:00+00:00,4330.39,4370.18,39.789999999999964
2026-09-14 05:32:00+00:00,4329.54,4369.33,39.789999999999964
2026-09-14 05:33:00+00:00,4328.69,4368.48,39.789999999999964
2026-09-14 05:34:00+00:00,4327.93,4367.78,39.849999999999454
2026-09-14 05:35:00+00:00,4329.63,4369.43,39.80000000000018
2026-09-14 05:36:00+00:00,4328.78,4368.68,39.900000000000546
2026-09-14 05:37:00+00:00,4327.74,4367.78,40.039999999999964
2026-09-14 05:38:00+00:00,4325.39,4365.23,39.839999999999236
2026-09-14 05:39:00+00:00,4326.58,4366.78,40.19999999999982
2026-09-14 05:40:00+00:00,4325.49,4365.58,40.090000000000146
2026-09-14 05:41:00+00:00,4324.75,4364.73,39.97999999999956
2026-09-14 05:42:00+00:00,4325.05,4365.08,40.029999999999745
2026-09-14 05:43:00+00:00,4324.32,4364.33,40.01000000000022
2026-09-14 05:44:00+00:00,4323.4,4363.43,40.030000000000655
2026-09-14 05:45:00+00:00,4324.06,4364.03,39.969999999999345
2026-09-14 05:46:00+00:00,4323.14,4363.18,40.039999999999964
2026-09-14 05:47:00+00:00,4322.39,4362.48,40.089999999999236
2026-09-14 05:48:00+00:00,4324.61,4364.68,40.07000000000062
2026-09-14 05:49:00+00:00,4324.91,4365.08,40.17000000000007
2026-09-14 05:50:00+00:00,4325.03,4365.08,40.05000000000018
2026-09-14 05:51:00+00:00,4324.49,4364.33,39.840000000000146
2026-09-14 05:52:00+00:00,4324.88,4364.78,39.899999999999636
2026-09-14 05:53:00+00:00,4326.69,4366.53,39.840000000000146
2026-09-14 05:54:00+00:00,4328.31,4368.13,39.81999999999971
2026-09-14 05:55:00+00:00,4330.76,4370.73,39.969999999999345
2026-09-14 05:56:00+00:00,4329.57,4369.63,40.0600000000004
2026-09-14 05:57:00+00:00,4329.15,4369.13,39.98000000000047
2026-09-14 05:58:00+00:00,4329.66,4369.58,39.92000000000007
2026-09-14 05:59:00+00:00,4329.53,4369.58,40.05000000000018
2026-09-14 06:00:00+00:00,4329.98,4369.98,40.0
2026-09-14 06:01:00+00:00,4329.04,4368.93,39.89000000000033
2026-09-14 06:02:00+00:00,4328.2,4368.13,39.93000000000029
2026-09-14 06:03:00+00:00,4330.26,4370.13,39.86999999999989
2026-09-14 06:04:00+00:00,4332.24,4372.08,39.840000000000146
2026-09-14 06:05:00+00:00,4332.09,4372.13,40.039999999999964
2026-09-14 06:06:00+00:00,4330.66,4370.63,39.970000000000255
2026-09-14 06:07:00+00:00,4331.27,4371.23,39.95999999999913
2026-09-14 06:08:00+00:00,4330.66,4370.58,39.92000000000007
2026-09-14 06:09:00+00:00,4328.94,4369.03,40.090000000000146
2026-09-14 06:10:00+00:00,4326.91,4366.73,39.81999999999971
2026-09-14 06:11:00+00:00,4327.12,4367.08,39.960000000000036
2026-09-14 06:12:00+00:00,4327.96,4368.03,40.06999999999971
2026-09-14 06:13:00+00:00,4329.51,4369.53,40.01999999999953
2026-09-14 06:14:00+00:00,4330.83,4370.88,40.05000000000018
2026-09-14 06:15:00+00:00,4331.21,4371.28,40.06999999999971
2026-09-14 06:16:00+00:00,4331.29,4371.33,40.039999999999964
2026-09-14 06:17:00+00:00,4330.55,4370.63,40.07999999999993
2026-09-14 06:18:00+00:00,4329.88,4369.93,40.05000000000018
2026-09-14 06:19:00+00:00,4329.89,4369.83,39.9399999999996
2026-09-14 06:20:00+00:00,4329.81,4369.73,39.91999999999916
2026-09-14 06:21:00+00:00,4329.99,4369.93,39.94000000000051
2026-09-14 06:22:00+00:00,4329.54,4369.48,39.9399999999996
2026-09-14 06:23:00+00:00,4328.22,4368.28,40.05999999999949
2026-09-14 06:24:00+00:00,4327.4,4367.33,39.93000000000029
2026-09-14 06:25:00+00:00,4327.95,4367.88,39.93000000000029
2026-09-14 06:26:00+00:00,4328.61,4368.73,40.11999999999989
2026-09-14 06:27:00+00:00,4328.98,4368.98,40.0
2026-09-14 06:28:00+00:00,4327.7,4367.63,39.93000000000029
2026-09-14 06:29:00+00:00,4326.88,4366.63,39.75
2026-09-14 06:30:00+00:00,4332.3,4372.53,40.22999999999956
2026-09-14 06:31:00+00:00,4332.43,4372.53,40.099999999999454
2026-09-14 06:32:00+00:00,4334.6,4374.73,40.1299999999992
2026-09-14 06:33:00+00:00,4336.2,4376.53,40.32999999999993
2026-09-14 06:34:00+00:00,4332.35,4372.58,40.22999999999956
2026-09-14 06:35:00+00:00,4334.68,4374.93,40.25
2026-09-14 06:36:00+00:00,4334.01,4374.28,40.26999999999953
2026-09-14 06:37:00+00:00,4334.12,4374.33,40.210000000000036
2026-09-14 06:38:00+00:00,4335.21,4375.48,40.26999999999953
2026-09-14 06:39:00+00:00,4335.23,4375.38,40.150000000000546
2026-09-14 06:40:00+00:00,4333.31,4373.58,40.26999999999953
2026-09-14 06:41:00+00:00,4332.3,4372.38,40.07999999999993
2026-09-14 06:42:00+00:00,4327.06,4367.13,40.06999999999971
2026-09-14 06:43:00+00:00,4329.79,4369.83,40.039999999999964
2026-09-14 06:44:00+00:00,4331.02,4371.08,40.05999999999949
2026-09-14 06:45:00+00:00,4329.67,4369.68,40.01000000000022
2026-09-14 06:46:00+00:00,4330.38,4370.68,40.30000000000018
2026-09-14 06:47:00+00:00,4330.75,4370.83,40.07999999999993
2026-09-14 06:48:00+00:00,4327.34,4367.58,40.23999999999978
2026-09-14 06:49:00+00:00,4326.3,4366.33,40.029999999999745
2026-09-14 06:50:00+00:00,4327.38,4367.28,39.899999999999636
2026-09-14 06:51:00+00:00,4328.67,4368.93,40.26000000000022
2026-09-14 06:52:00+00:00,4329.04,4369.28,40.23999999999978
2026-09-14 06:53:00+00:00,4332.45,4372.63,40.18000000000029
2026-09-14 06:54:00+00:00,4334.49,4374.88,40.39000000000033
2026-09-14 06:55:00+00:00,4333.6,4374.03,40.42999999999938
2026-09-14 06:56:00+00:00,4335.17,4375.53,40.35999999999967
2026-09-14 06:57:00+00:00,4335.56,4376.03,40.469999999999345
2026-09-14 06:58:00+00:00,4336.42,4376.83,40.409999999999854
2026-09-14 06:59:00+00:00,4337.54,4377.78,40.23999999999978
2026-09-14 07:00:00+00:00,4336.16,4376.68,40.52000000000044
2026-09-14 07:01:00+00:00,4337.97,4378.43,40.460000000000036
2026-09-14 07:02:00+00:00,4336.93,4377.18,40.25
2026-09-14 07:03:00+00:00,4335.92,4376.33,40.409999999999854
2026-09-14 07:04:00+00:00,4334.42,4374.93,40.51000000000022
2026-09-14 07:05:00+00:00,4333.54,4373.93,40.39000000000033
2026-09-14 07:06:00+00:00,4331.65,4372.13,40.48000000000047
2026-09-14 07:07:00+00:00,4333.72,4373.98,40.25999999999931
2026-09-14 07:08:00+00:00,4332.96,4373.33,40.36999999999989
2026-09-14 07:09:00+00:00,4330.93,4371.53,40.599999999999454
2026-09-14 07:10:00+00:00,4331.57,4371.98,40.409999999999854
2026-09-14 07:11:00+00:00,4332.46,4372.88,40.42000000000007
2026-09-14 07:12:00+00:00,4329.01,4369.43,40.42000000000007
2026-09-14 07:13:00+00:00,4327.95,4368.33,40.38000000000011
2026-09-14 07:14:00+00:00,4329.97,4370.38,40.409999999999854
2026-09-14 07:15:00+00:00,4328.41,4368.83,40.42000000000007
2026-09-14 07:16:00+00:00,4329.39,4369.78,40.38999999999942
2026-09-14 07:17:00+00:00,4329.06,4369.58,40.51999999999953
2026-09-14 07:18:00+00:00,4329.22,4369.63,40.409999999999854
2026-09-14 07:19:00+00:00,4330.32,4370.78,40.460000000000036
2026-09-14 07:20:00+00:00,4329.29,4369.68,40.39000000000033
2026-09-14 07:21:00+00:00,4328.73,4369.18,40.45000000000073
2026-09-14 07:22:00+00:00,4327.59,4368.03,40.4399999999996
2026-09-14 07:23:00+00:00,4329.09,4369.43,40.340000000000146
2026-09-14 07:24:00+00:00,4329.47,4369.78,40.30999999999949
2026-09-14 07:25:00+00:00,4330.51,4370.93,40.42000000000007
2026-09-14 07:26:00+00:00,4331.67,4371.88,40.210000000000036
2026-09-14 07:27:00+00:00,4332.12,4372.38,40.26000000000022
2026-09-14 07:28:00+00:00,4330.46,4370.53,40.06999999999971
2026-09-14 07:29:00+00:00,4330.17,4370.43,40.26000000000022
2026-09-14 07:30:00+00:00,4330.91,4371.23,40.31999999999971
2026-09-14 07:31:00+00:00,4331.31,4371.58,40.26999999999953
2026-09-14 07:32:00+00:00,4330.18,4370.53,40.349999999999454
2026-09-14 07:33:00+00:00,4329.92,4370.28,40.35999999999967
2026-09-14 07:34:00+00:00,4330.2,4370.53,40.32999999999993
2026-09-14 07:35:00+00:00,4329.06,4369.43,40.36999999999989
2026-09-14 07:36:00+00:00,4331.29,4371.63,40.340000000000146
2026-09-14 07:37:00+00:00,4330.84,4371.13,40.289999999999964
2026-09-14 07:38:00+00:00,4329.26,4369.38,40.11999999999989
2026-09-14 07:39:00+00:00,4327.7,4368.18,40.48000000000047
2026-09-14 07:40:00+00:00,4327.33,4367.73,40.399999999999636
2026-09-14 07:41:00+00:00,4327.16,4367.48,40.31999999999971
2026-09-14 07:42:00+00:00,4326.45,4366.73,40.279999999999745
2026-09-14 07:43:00+00:00,4325.54,4365.93,40.39000000000033
2026-09-14 07:44:00+00:00,4327.34,4367.73,40.38999999999942
2026-09-14 07:45:00+00:00,4328.65,4368.73,40.07999999999993
2026-09-14 07:46:00+00:00,4328.52,4368.98,40.45999999999913
2026-09-14 07:47:00+00:00,4327.6,4368.08,40.47999999999956
2026-09-14 07:48:00+00:00,4327.85,4368.18,40.32999999999993
2026-09-14 07:49:00+00:00,4323.89,4364.23,40.339999999999236
2026-09-14 07:50:00+00:00,4322.71,4363.03,40.31999999999971
2026-09-14 07:51:00+00:00,4323.1,4363.28,40.17999999999938
2026-09-14 07:52:00+00:00,4324.21,4364.43,40.220000000000255
2026-09-14 07:53:00+00:00,4322.73,4363.08,40.350000000000364
2026-09-14 07:54:00+00:00,4323.41,4363.58,40.17000000000007
2026-09-14 07:55:00+00:00,4323.27,4363.38,40.10999999999967
2026-09-14 07:56:00+00:00,4321.28,4361.58,40.30000000000018
2026-09-14 07:57:00+00:00,4321.96,4362.18,40.220000000000255
2026-09-14 07:58:00+00:00,4321.61,4361.83,40.220000000000255
2026-09-14 07:59:00+00:00,4322.46,4362.33,39.86999999999989
2026-09-14 08:00:00+00:00,4320.76,4360.98,40.219999999999345
2026-09-14 08:01:00+00:00,4319.94,4360.08,40.14000000000033
2026-09-14 08:02:00+00:00,4318.42,4358.78,40.35999999999967
2026-09-14 08:03:00+00:00,4319.33,4359.58,40.25
2026-09-14 08:04:00+00:00,4321.56,4361.63,40.06999999999971
2026-09-14 08:05:00+00:00,4322.27,4362.28,40.00999999999931
2026-09-14 08:06:00+00:00,4321.37,4361.48,40.10999999999967
2026-09-14 08:07:00+00:00,4320.32,4360.33,40.01000000000022
2026-09-14 08:08:00+00:00,4320.98,4361.08,40.100000000000364
2026-09-14 08:09:00+00:00,4319.34,4359.28,39.9399999999996
2026-09-14 08:10:00+00:00,4321.21,4361.23,40.01999999999953
2026-09-14 08:11:00+00:00,4322.1,4362.23,40.1299999999992
2026-09-14 08:12:00+00:00,4322.15,4362.23,40.07999999999993
2026-09-14 08:13:00+00:00,4323.29,4363.63,40.340000000000146
2026-09-14 08:14:00+00:00,4323.94,4364.18,40.24000000000069
2026-09-14 08:15:00+00:00,4321.78,4361.93,40.150000000000546
2026-09-14 08:16:00+00:00,4322.87,4363.03,40.159999999999854
2026-09-14 08:17:00+00:00,4322.39,4362.58,40.1899999999996
2026-09-14 08:18:00+00:00,4323.1,4363.28,40.17999999999938
2026-09-14 08:19:00+00:00,4323.79,4363.98,40.1899999999996
2026-09-14 08:20:00+00:00,4320.45,4360.78,40.32999999999993
2026-09-14 08:21:00+00:00,4321.5,4361.68,40.18000000000029
2026-09-14 08:22:00+00:00,4321.67,4361.73,40.05999999999949
2026-09-14 08:23:00+00:00,4322.16,4362.23,40.06999999999971
2026-09-14 08:24:00+00:00,4319.89,4359.98,40.089999999999236
2026-09-14 08:25:00+00:00,4319.1,4359.08,39.97999999999956
2026-09-14 08:26:00+00:00,4321.25,4361.33,40.07999999999993
2026-09-14 08:27:00+00:00,4319.85,4359.98,40.1299999999992
2026-09-14 08:28:00+00:00,4318.5,4358.53,40.029999999999745
2026-09-14 08:29:00+00:00,4316.85,4356.98,40.1299999999992
2026-09-14 08:30:00+00:00,4318.23,4358.28,40.05000000000018
2026-09-14 08:31:00+00:00,4319.11,4359.33,40.220000000000255
2026-09-14 08:32:00+00:00,4318.24,4358.28,40.039999999999964
2026-09-14 08:33:00+00:00,4316.8,4356.98,40.17999999999938
2026-09-14 08:34:00+00:00,4317.47,4357.48,40.00999999999931
2026-09-14 08:35:00+00:00,4316.85,4356.78,39.92999999999938
2026-09-14 08:36:00+00:00,4316.91,4356.83,39.92000000000007
2026-09-14 08:37:00+00:00,4316.91,4356.88,39.970000000000255
2026-09-14 08:38:00+00:00,4317.34,4357.33,39.98999999999978
2026-09-14 08:39:00+00:00,4317.03,4356.88,39.850000000000364
2026-09-14 08:40:00+00:00,4318.05,4357.88,39.82999999999993
2026-09-14 08:41:00+00:00,4317.85,4357.63,39.779999999999745
2026-09-14 08:42:00+00:00,4319.23,4359.03,39.80000000000018
2026-09-14 08:43:00+00:00,4318.58,4358.43,39.850000000000364
2026-09-14 08:44:00+00:00,4319.23,4359.18,39.95000000000073
2026-09-14 08:45:00+00:00,4320.09,4360.13,40.039999999999964
2026-09-14 08:46:00+00:00,4319.93,4360.03,40.099999999999454
2026-09-14 08:47:00+00:00,4319.01,4358.93,39.92000000000007
2026-09-14 08:48:00+00:00,4316.98,4356.88,39.900000000000546
2026-09-14 08:49:00+00:00,4317.88,4357.73,39.849999999999454
2026-09-14 08:50:00+00:00,4316.79,4356.58,39.789999999999964
2026-09-14 08:51:00+00:00,4311.75,4351.58,39.82999999999993
2026-09-14 08:52:00+00:00,4311.74,4351.58,39.840000000000146
2026-09-14 08:53:00+00:00,4311.55,4351.33,39.779999999999745
2026-09-14 08:54:00+00:00,4311.28,4351.28,40.0
2026-09-14 08:55:00+00:00,4309.96,4349.98,40.01999999999953
2026-09-14 08:56:00+00:00,4309.6,4349.43,39.82999999999993
2026-09-14 08:57:00+00:00,4308.57,4348.48,39.909999999999854
2026-09-14 08:58:00+00:00,4310.76,4350.63,39.86999999999989
2026-09-14 08:59:00+00:00,4310.77,4350.78,40.00999999999931
2026-09-14 09:00:00+00:00,4311.25,4351.08,39.82999999999993
2026-09-14 09:01:00+00:00,4313.56,4353.43,39.86999999999989
2026-09-14 09:02:00+00:00,4313.08,4353.13,40.05000000000018
2026-09-14 09:03:00+00:00,4314.06,4354.08,40.01999999999953
2026-09-14 09:04:00+00:00,4314.71,4354.68,39.970000000000255
2026-09-14 09:05:00+00:00,4317.16,4357.08,39.92000000000007
2026-09-14 09:06:00+00:00,4317.83,4357.83,40.0
2026-09-14 09:07:00+00:00,4314.67,4354.63,39.960000000000036
2026-09-14 09:08:00+00:00,4314.7,4354.63,39.93000000000029
2026-09-14 09:09:00+00:00,4315.85,4355.88,40.029999999999745
2026-09-14 09:10:00+00:00,4315.9,4355.58,39.68000000000029
2026-09-14 09:11:00+00:00,4314.95,4354.83,39.88000000000011
2026-09-14 09:12:00+00:00,4314.04,4353.88,39.840000000000146
2026-09-14 09:13:00+00:00,4313.33,4353.23,39.899999999999636
2026-09-14 09:14:00+00:00,4313.2,4353.18,39.98000000000047
2026-09-14 09:15:00+00:00,4311.04,4350.88,39.840000000000146
2026-09-14 09:16:00+00:00,4311.61,4351.23,39.61999999999989
2026-09-14 09:17:00+00:00,4311.31,4350.98,39.66999999999916
2026-09-14 09:18:00+00:00,4311.12,4350.78,39.659999999999854
2026-09-14 09:19:00+00:00,4311.41,4351.13,39.720000000000255
2026-09-14 09:20:00+00:00,4312.51,4352.08,39.56999999999971
2026-09-14 09:21:00+00:00,4312.45,4352.38,39.93000000000029
2026-09-14 09:22:00+00:00,4312.31,4352.23,39.91999999999916
2026-09-14 09:23:00+00:00,4313.22,4353.38,40.159999999999854
2026-09-14 09:24:00+00:00,4313.25,4353.13,39.88000000000011
2026-09-14 09:25:00+00:00,4312.59,4352.73,40.13999999999942
2026-09-14 09:26:00+00:00,4313.15,4353.13,39.98000000000047
2026-09-14 09:27:00+00:00,4312.94,4352.88,39.94000000000051
2026-09-14 09:28:00+00:00,4312.41,4352.43,40.02000000000044
2026-09-14 09:29:00+00:00,4310.6,4350.58,39.97999999999956
2026-09-14 09:30:00+00:00,4310.09,4350.08,39.98999999999978
2026-09-14 09:31:00+00:00,4312.0,4351.93,39.93000000000029
2026-09-14 09:32:00+00:00,4313.81,4353.78,39.969999999999345
2026-09-14 09:33:00+00:00,4312.13,4351.98,39.849999999999454
2026-09-14 09:34:00+00:00,4312.53,4352.43,39.900000000000546
2026-09-14 09:35:00+00:00,4313.78,4353.68,39.900000000000546
2026-09-14 09:36:00+00:00,4313.61,4353.63,40.02000000000044
2026-09-14 09:37:00+00:00,4314.85,4354.68,39.82999999999993
2026-09-14 09:38:00+00:00,4314.09,4354.03,39.9399999999996
2026-09-14 09:39:00+00:00,4313.48,4353.33,39.850000000000364
2026-09-14 09:40:00+00:00,4312.96,4352.98,40.01999999999953
2026-09-14 09:41:00+00:00,4312.94,4352.73,39.789999999999964
2026-09-14 09:42:00+00:00,4312.27,4352.13,39.85999999999967
2026-09-14 09:43:00+00:00,4309.92,4349.63,39.710000000000036
2026-09-14 09:44:00+00:00,4311.8,4351.83,40.029999999999745
2026-09-14 09:45:00+00:00,4311.41,4351.38,39.970000000000255
2026-09-14 09:46:00+00:00,4310.65,4350.38,39.73000000000047
2026-09-14 09:47:00+00:00,4310.98,4350.73,39.75
2026-09-14 09:48:00+00:00,4309.44,4349.13,39.69000000000051
2026-09-14 09:49:00+00:00,4309.3,4349.18,39.88000000000011
2026-09-14 09:50:00+00:00,4308.15,4347.93,39.780000000000655
2026-09-14 09:51:00+00:00,4307.35,4347.03,39.67999999999938
2026-09-14 09:52:00+00:00,4307.66,4347.18,39.52000000000044
2026-09-14 09:53:00+00:00,4306.01,4345.63,39.61999999999989
2026-09-14 09:54:00+00:00,4306.57,4346.13,39.5600000000004
2026-09-14 09:55:00+00:00,4305.83,4345.48,39.649999999999636
2026-09-14 09:56:00+00:00,4303.97,4343.68,39.710000000000036
2026-09-14 09:57:00+00:00,4305.04,4344.53,39.48999999999978
2026-09-14 09:58:00+00:00,4306.25,4345.78,39.529999999999745
2026-09-14 09:59:00+00:00,4306.65,4346.48,39.82999999999993
2026-09-14 10:00:00+00:00,4309.58,4349.53,39.94999999999982
2026-09-14 10:01:00+00:00,4311.69,4351.73,40.039999999999964
2026-09-14 10:02:00+00:00,4308.74,4348.68,39.94000000000051
2026-09-14 10:03:00+00:00,4310.73,4350.43,39.70000000000073
2026-09-14 10:04:00+00:00,4309.19,4349.03,39.840000000000146
2026-09-14 10:05:00+00:00,4309.23,4349.18,39.95000000000073
2026-09-14 10:06:00+00:00,4308.72,4348.43,39.710000000000036
2026-09-14 10:07:00+00:00,4308.69,4348.48,39.789999999999964
2026-09-14 10:08:00+00:00,4309.56,4349.23,39.66999999999916
2026-09-14 10:09:00+00:00,4310.67,4350.28,39.60999999999967
2026-09-14 10:10:00+00:00,4309.26,4348.93,39.67000000000007
2026-09-14 10:11:00+00:00,4306.55,4346.08,39.529999999999745
2026-09-14 10:12:00+00:00,4306.64,4346.23,39.589999999999236
2026-09-14 10:13:00+00:00,4306.21,4345.83,39.61999999999989
2026-09-14 10:14:00+00:00,4306.02,4345.63,39.60999999999967
2026-09-14 10:15:00+00:00,4303.56,4343.08,39.51999999999953
2026-09-14 10:16:00+00:00,4302.53,4342.03,39.5
2026-09-14 10:17:00+00:00,4301.19,4340.73,39.539999999999964
2026-09-14 10:18:00+00:00,4297.55,4337.03,39.47999999999956
2026-09-14 10:19:00+00:00,4292.87,4332.08,39.210000000000036
2026-09-14 10:20:00+00:00,4292.86,4332.13,39.27000000000044
2026-09-14 10:21:00+00:00,4290.16,4329.43,39.27000000000044
2026-09-14 10:22:00+00:00,4287.37,4326.78,39.409999999999854
2026-09-14 10:23:00+00:00,4288.9,4328.28,39.38000000000011
2026-09-14 10:24:00+00:00,4287.85,4327.13,39.279999999999745
2026-09-14 10:25:00+00:00,4285.0,4324.53,39.529999999999745
2026-09-14 10:26:00+00:00,4283.31,4322.78,39.469999999999345
2026-09-14 10:27:00+00:00,4283.68,4323.13,39.44999999999982
2026-09-14 10:28:00+00:00,4284.79,4324.38,39.590000000000146
2026-09-14 10:29:00+00:00,4288.16,4327.48,39.31999999999971
2026-09-14 10:30:00+00:00,4288.63,4327.98,39.349999999999454
2026-09-14 10:31:00+00:00,4285.94,4325.58,39.64000000000033
2026-09-14 10:32:00+00:00,4283.51,4323.33,39.81999999999971
2026-09-14 10:33:00+00:00,4286.18,4325.88,39.69999999999982
2026-09-14 10:34:00+00:00,4287.89,4327.28,39.38999999999942
2026-09-14 10:35:00+00:00,4286.13,4325.83,39.69999999999982
2026-09-14 10:36:00+00:00,4287.25,4326.88,39.63000000000011
2026-09-14 10:37:00+00:00,4286.67,4326.28,39.60999999999967
2026-09-14 10:38:00+00:00,4284.41,4323.83,39.42000000000007
2026-09-14 10:39:00+00:00,4282.14,4321.68,39.539999999999964
2026-09-14 10:40:00+00:00,4280.82,4320.33,39.51000000000022
2026-09-14 10:41:00+00:00,4284.11,4323.48,39.36999999999989
2026-09-14 10:42:00+00:00,4286.03,4325.38,39.350000000000364
2026-09-14 10:43:00+00:00,4285.67,4325.03,39.35999999999967
2026-09-14 10:44:00+00:00,4281.49,4320.88,39.39000000000033
2026-09-14 10:45:00+00:00,4280.68,4319.98,39.29999999999927
2026-09-14 10:46:00+00:00,4281.83,4320.98,39.149999999999636
2026-09-14 10:47:00+00:00,4282.17,4321.63,39.460000000000036
2026-09-14 10:48:00+00:00,4281.04,4320.33,39.289999999999964
2026-09-14 10:49:00+00:00,4281.81,4321.38,39.56999999999971
2026-09-14 10:50:00+00:00,4281.03,4320.28,39.25
2026-09-14 10:51:00+00:00,4281.4,4320.68,39.280000000000655
2026-09-14 10:52:00+00:00,4283.41,4322.73,39.31999999999971
2026-09-14 10:53:00+00:00,4284.71,4324.18,39.470000000000255
2026-09-14 10:54:00+00:00,4287.66,4327.08,39.42000000000007
2026-09-14 10:55:00+00:00,4286.79,4326.28,39.48999999999978
2026-09-14 10:56:00+00:00,4287.18,4326.63,39.44999999999982
2026-09-14 10:57:00+00:00,4286.31,4325.63,39.31999999999971
2026-09-14 10:58:00+00:00,4285.52,4324.93,39.409999999999854
2026-09-14 10:59:00+00:00,4285.53,4325.03,39.5
2026-09-14 11:00:00+00:00,4283.71,4323.03,39.31999999999971
2026-09-14 11:01:00+00:00,4281.45,4320.98,39.529999999999745
2026-09-14 11:02:00+00:00,4281.33,4320.73,39.399999999999636
2026-09-14 11:03:00+00:00,4279.26,4318.68,39.42000000000007
2026-09-14 11:04:00+00:00,4281.65,4321.13,39.48000000000047
2026-09-14 11:05:00+00:00,4283.62,4323.13,39.51000000000022
2026-09-14 11:06:00+00:00,4282.46,4321.98,39.51999999999953
2026-09-14 11:07:00+00:00,4284.72,4324.23,39.50999999999931
2026-09-14 11:08:00+00:00,4284.92,4324.33,39.409999999999854
2026-09-14 11:09:00+00:00,4286.07,4325.63,39.5600000000004
2026-09-14 11:10:00+00:00,4286.33,4325.93,39.600000000000364
2026-09-14 11:11:00+00:00,4287.86,4327.38,39.52000000000044
2026-09-14 11:12:00+00:00,4287.54,4327.08,39.539999999999964
2026-09-14 11:13:00+00:00,4288.47,4327.98,39.50999999999931
2026-09-14 11:14:00+00:00,4288.57,4328.03,39.460000000000036
2026-09-14 11:15:00+00:00,4287.48,4327.13,39.650000000000546
2026-09-14 11:16:00+00:00,4287.13,4326.73,39.599999999999454
2026-09-14 11:17:00+00:00,4287.75,4327.28,39.529999999999745
2026-09-14 11:18:00+00:00,4290.02,4329.58,39.55999999999949
2026-09-14 11:19:00+00:00,4290.1,4329.73,39.6299999999992
2026-09-14 11:20:00+00:00,4287.26,4326.68,39.42000000000007
2026-09-14 11:21:00+00:00,4286.64,4326.48,39.839999999999236
2026-09-14 11:22:00+00:00,4287.13,4326.83,39.69999999999982
2026-09-14 11:23:00+00:00,4288.74,4328.43,39.69000000000051
2026-09-14 11:24:00+00:00,4288.6,4328.78,40.17999999999938
2026-09-14 11:25:00+00:00,4291.25,4331.08,39.82999999999993
2026-09-14 11:26:00+00:00,4292.43,4332.03,39.599999999999454
2026-09-14 11:27:00+00:00,4290.79,4330.43,39.64000000000033
2026-09-14 11:28:00+00:00,4291.27,4330.88,39.60999999999967
2026-09-14 11:29:00+00:00,4291.19,4330.88,39.69000000000051
2026-09-14 11:30:00+00:00,4290.94,4330.73,39.789999999999964
2026-09-14 11:31:00+00:00,4290.56,4330.03,39.469999999999345
2026-09-14 11:32:00+00:00,4291.3,4330.93,39.63000000000011
2026-09-14 11:33:00+00:00,4291.98,4331.63,39.650000000000546
2026-09-14 11:34:00+00:00,4291.26,4330.83,39.56999999999971
2026-09-14 11:35:00+00:00,4292.2,4332.03,39.82999999999993
2026-09-14 11:36:00+00:00,4292.59,4332.18,39.590000000000146
2026-09-14 11:37:00+00:00,4291.51,4331.28,39.76999999999953
2026-09-14 11:38:00+00:00,4293.21,4332.98,39.76999999999953
2026-09-14 11:39:00+00:00,4293.36,4333.18,39.82000000000062
2026-09-14 11:40:00+00:00,4293.09,4332.93,39.840000000000146
2026-09-14 11:41:00+00:00,4294.27,4334.03,39.75999999999931
2026-09-14 11:42:00+00:00,4294.38,4334.08,39.69999999999982
2026-09-14 11:43:00+00:00,4293.69,4333.08,39.39000000000033
2026-09-14 11:44:00+00:00,4293.84,4333.63,39.789999999999964
2026-09-14 11:45:00+00:00,4294.49,4334.23,39.73999999999978
2026-09-14 11:46:00+00:00,4293.36,4333.13,39.77000000000044
2026-09-14 11:47:00+00:00,4292.13,4332.03,39.899999999999636
2026-09-14 11:48:00+00:00,4292.88,4332.43,39.55000000000018
2026-09-14 11:49:00+00:00,4292.54,4332.43,39.89000000000033
2026-09-14 11:50:00+00:00,4291.99,4331.68,39.69000000000051
2026-09-14 11:51:00+00:00,4292.32,4332.03,39.710000000000036
2026-09-14 11:52:00+00:00,4291.53,4331.48,39.94999999999982
2026-09-14 11:53:00+00:00,4292.4,4332.18,39.780000000000655
2026-09-14 11:54:00+00:00,4291.52,4331.33,39.80999999999949
2026-09-14 11:55:00+00:00,4291.72,4331.53,39.80999999999949
2026-09-14 11:56:00+00:00,4293.87,4333.68,39.8100000000004
2026-09-14 11:57:00+00:00,4294.46,4334.23,39.76999999999953
2026-09-14 11:58:00+00:00,4296.22,4335.88,39.659999999999854
2026-09-14 11:59:00+00:00,4294.58,4334.43,39.850000000000364
2026-09-14 12:00:00+00:00,4294.46,4334.23,39.76999999999953
2026-09-14 12:01:00+00:00,4294.88,4334.78,39.899999999999636
2026-09-14 12:02:00+00:00,4295.59,4335.33,39.73999999999978
2026-09-14 12:03:00+00:00,4296.49,4336.03,39.539999999999964
2026-09-14 12:04:00+00:00,4296.74,4336.48,39.73999999999978
2026-09-14 12:05:00+00:00,4296.02,4335.03,39.00999999999931
2026-09-14 12:06:00+00:00,4295.65,4335.03,39.38000000000011
2026-09-14 12:07:00+00:00,4294.2,4334.18,39.98000000000047
2026-09-14 12:08:00+00:00,4295.08,4334.88,39.80000000000018
2026-09-14 12:09:00+00:00,4294.75,4334.78,40.029999999999745
2026-09-14 12:10:00+00:00,4292.25,4332.13,39.88000000000011
2026-09-14 12:11:00+00:00,4292.69,4332.63,39.94000000000051
2026-09-14 12:12:00+00:00,4292.28,4332.13,39.850000000000364
2026-09-14 12:13:00+00:00,4291.91,4331.73,39.81999999999971
2026-09-14 12:14:00+00:00,4292.29,4332.08,39.789999999999964
2026-09-14 12:15:00+00:00,4293.4,4333.33,39.93000000000029
2026-09-14 12:16:00+00:00,4292.57,4332.58,40.01000000000022
2026-09-14 12:17:00+00:00,4294.89,4334.88,39.98999999999978
2026-09-14 12:18:00+00:00,4294.64,4334.68,40.039999999999964
2026-09-14 12:19:00+00:00,4295.49,4335.48,39.98999999999978
2026-09-14 12:20:00+00:00,4296.25,4336.18,39.93000000000029
2026-09-14 12:21:00+00:00,4295.01,4334.88,39.86999999999989
2026-09-14 12:22:00+00:00,4296.17,4336.23,40.05999999999949
2026-09-14 12:23:00+00:00,4296.42,4336.38,39.960000000000036
2026-09-14 12:24:00+00:00,4296.78,4336.73,39.94999999999982
2026-09-14 12:25:00+00:00,4296.67,4336.53,39.85999999999967
2026-09-14 12:26:00+00:00,4296.11,4336.23,40.11999999999989
2026-09-14 12:27:00+00:00,4295.95,4336.13,40.18000000000029
2026-09-14 12:28:00+00:00,4296.24,4336.28,40.039999999999964
2026-09-14 12:29:00+00:00,4296.05,4336.08,40.029999999999745
2026-09-14 12:30:00+00:00,4296.02,4336.08,40.05999999999949
2026-09-14 12:31:00+00:00,4296.49,4336.48,39.98999999999978
2026-09-14 12:32:00+00:00,4295.52,4335.63,40.10999999999967
2026-09-14 12:33:00+00:00,4294.81,4334.83,40.01999999999953
2026-09-14 12:34:00+00:00,4294.71,4334.83,40.11999999999989
2026-09-14 12:35:00+00:00,4293.77,4333.83,40.05999999999949
2026-09-14 12:36:00+00:00,4293.51,4333.43,39.92000000000007
2026-09-14 12:37:00+00:00,4292.98,4333.03,40.05000000000018
2026-09-14 12:38:00+00:00,4293.34,4333.23,39.88999999999942
2026-09-14 12:39:00+00:00,4293.08,4333.08,40.0
2026-09-14 12:40:00+00:00,4293.79,4333.68,39.89000000000033
2026-09-14 12:41:00+00:00,4292.64,4332.58,39.9399999999996
2026-09-14 12:42:00+00:00,4293.56,4333.58,40.01999999999953
2026-09-14 12:43:00+00:00,4294.19,4334.08,39.89000000000033
2026-09-14 12:44:00+00:00,4292.26,4332.23,39.969999999999345
2026-09-14 12:45:00+00:00,4292.94,4332.93,39.99000000000069
2026-09-14 12:46:00+00:00,4291.85,4331.83,39.97999999999956
2026-09-14 12:47:00+00:00,4292.92,4332.78,39.85999999999967
2026-09-14 12:48:00+00:00,4292.52,4332.43,39.909999999999854
2026-09-14 12:49:00+00:00,4293.48,4333.23,39.75
2026-09-14 12:50:00+00:00,4291.45,4331.23,39.779999999999745
2026-09-14 12:51:00+00:00,4289.89,4329.73,39.839999999999236
2026-09-14 12:52:00+00:00,4288.36,4328.08,39.720000000000255
2026-09-14 12:53:00+00:00,4287.33,4327.13,39.80000000000018
2026-09-14 12:54:00+00:00,4287.54,4327.38,39.840000000000146
2026-09-14 12:55:00+00:00,4286.36,4326.08,39.720000000000255
2026-09-14 12:56:00+00:00,4284.67,4324.53,39.85999999999967
2026-09-14 12:57:00+00:00,4284.99,4324.73,39.73999999999978
2026-09-14 12:58:00+00:00,4284.97,4324.68,39.710000000000036
2026-09-14 12:59:00+00:00,4287.18,4326.83,39.649999999999636
2026-09-14 13:00:00+00:00,4289.59,4329.33,39.73999999999978
2026-09-14 13:01:00+00:00,4289.83,4329.63,39.80000000000018
2026-09-14 13:02:00+00:00,4288.46,4327.98,39.51999999999953
2026-09-14 13:03:00+00:00,4285.38,4325.18,39.80000000000018
2026-09-14 13:04:00+00:00,4287.01,4327.03,40.01999999999953
2026-09-14 13:05:00+00:00,4286.96,4326.83,39.86999999999989
2026-09-14 13:06:00+00:00,4287.57,4327.38,39.8100000000004
2026-09-14 13:07:00+00:00,4290.47,4330.28,39.80999999999949
2026-09-14 13:08:00+00:00,4291.28,4331.78,40.5
2026-09-14 13:09:00+00:00,4293.7,4333.48,39.779999999999745
2026-09-14 13:10:00+00:00,4295.86,4335.63,39.77000000000044
2026-09-14 13:11:00+00:00,4296.02,4335.93,39.909999999999854
2026-09-14 13:12:00+00:00,4295.61,4335.73,40.11999999999989
2026-09-14 13:13:00+00:00,4293.59,4333.43,39.840000000000146
2026-09-14 13:14:00+00:00,4294.65,4334.43,39.780000000000655
2026-09-14 13:15:00+00:00,4295.95,4335.73,39.779999999999745
2026-09-14 13:16:00+00:00,4294.03,4334.03,40.0
2026-09-14 13:17:00+00:00,4295.7,4335.53,39.82999999999993
2026-09-14 13:18:00+00:00,4291.57,4331.33,39.76000000000022
2026-09-14 13:19:00+00:00,4290.35,4330.03,39.67999999999938
2026-09-14 13:20:00+00:00,4287.76,4327.58,39.81999999999971
2026-09-14 13:21:00+00:00,4286.24,4325.98,39.73999999999978
2026-09-14 13:22:00+00:00,4286.89,4326.68,39.789999999999964
2026-09-14 13:23:00+00:00,4286.66,4326.53,39.86999999999989
2026-09-14 13:24:00+00:00,4285.75,4325.78,40.029999999999745
2026-09-14 13:25:00+00:00,4284.15,4324.18,40.030000000000655
2026-09-14 13:26:00+00:00,4285.94,4325.83,39.89000000000033
2026-09-14 13:27:00+00:00,4285.69,4325.58,39.89000000000033
2026-09-14 13:28:00+00:00,4286.27,4326.28,40.00999999999931
2026-09-14 13:29:00+00:00,4286.12,4326.08,39.960000000000036
2026-09-14 13:30:00+00:00,4285.25,4325.13,39.88000000000011
2026-09-14 13:31:00+00:00,4289.03,4328.78,39.75
2026-09-14 13:32:00+00:00,4286.06,4325.93,39.86999999999989
2026-09-14 13:33:00+00:00,4285.73,4325.73,40.0
2026-09-14 13:34:00+00:00,4288.03,4328.03,40.0
2026-09-14 13:35:00+00:00,4281.12,4320.58,39.460000000000036
2026-09-14 13:36:00+00:00,4278.6,4318.28,39.67999999999938
2026-09-14 13:37:00+00:00,4276.4,4316.03,39.63000000000011
2026-09-14 13:38:00+00:00,4276.82,4316.33,39.51000000000022
2026-09-14 13:39:00+00:00,4278.12,4317.93,39.8100000000004
2026-09-14 13:40:00+00:00,4282.62,4322.28,39.659999999999854
2026-09-14 13:41:00+00:00,4281.33,4321.13,39.80000000000018
2026-09-14 13:42:00+00:00,4282.37,4322.18,39.8100000000004
2026-09-14 13:43:00+00:00,4285.75,4325.68,39.93000000000029
2026-09-14 13:44:00+00:00,4283.69,4323.68,39.99000000000069
2026-09-14 13:45:00+00:00,4281.3,4321.18,39.88000000000011
2026-09-14 13:46:00+00:00,4279.64,4319.68,40.039999999999964
2026-09-14 13:47:00+00:00,4281.3,4321.18,39.88000000000011
2026-09-14 13:48:00+00:00,4277.54,4317.28,39.73999999999978
2026-09-14 13:49:00+00:00,4278.67,4318.48,39.80999999999949
2026-09-14 13:50:00+00:00,4277.57,4317.53,39.960000000000036
2026-09-14 13:51:00+00:00,4274.0,4313.83,39.82999999999993
2026-09-14 13:52:00+00:00,4274.36,4314.18,39.82000000000062
2026-09-14 13:53:00+00:00,4269.22,4309.13,39.909999999999854
2026-09-14 13:54:00+00:00,4269.93,4309.78,39.849999999999454
2026-09-14 13:55:00+00:00,4266.46,4306.38,39.92000000000007
2026-09-14 13:56:00+00:00,4266.46,4306.18,39.720000000000255
2026-09-14 13:57:00+00:00,4269.91,4309.78,39.86999999999989
2026-09-14 13:58:00+00:00,4270.92,4310.73,39.80999999999949
2026-09-14 13:59:00+00:00,4271.06,4310.83,39.76999999999953
2026-09-14 14:00:00+00:00,4270.39,4310.23,39.839999999999236
2026-09-14 14:01:00+00:00,4269.56,4309.53,39.969999999999345
2026-09-14 14:02:00+00:00,4269.94,4309.83,39.89000000000033
2026-09-14 14:03:00+00:00,4267.06,4306.88,39.81999999999971
2026-09-14 14:04:00+00:00,4267.71,4307.58,39.86999999999989
2026-09-14 14:05:00+00:00,4268.29,4308.28,39.98999999999978
2026-09-14 14:06:00+00:00,4266.46,4306.33,39.86999999999989
2026-09-14 14:07:00+00:00,4262.48,4302.18,39.70000000000073
2026-09-14 14:08:00+00:00,4254.67,4294.53,39.85999999999967
2026-09-14 14:09:00+00:00,4260.28,4299.93,39.650000000000546
2026-09-14 14:10:00+00:00,4262.03,4301.58,39.55000000000018
2026-09-14 14:11:00+00:00,4265.2,4304.88,39.68000000000029
2026-09-14 14:12:00+00:00,4263.92,4303.43,39.51000000000022
2026-09-14 14:13:00+00:00,4266.83,4306.38,39.55000000000018
2026-09-14 14:14:00+00:00,4266.34,4306.08,39.73999999999978
2026-09-14 14:15:00+00:00,4265.66,4305.28,39.61999999999989
2026-09-14 14:16:00+00:00,4267.79,4307.38,39.590000000000146
2026-09-14 14:17:00+00:00,4269.56,4309.23,39.66999999999916
2026-09-14 14:18:00+00:00,4271.75,4311.33,39.57999999999993
2026-09-14 14:19:00+00:00,4273.17,4312.73,39.55999999999949
2026-09-14 14:20:00+00:00,4273.63,4313.23,39.599999999999454
2026-09-14 14:21:00+00:00,4273.37,4313.23,39.85999999999967
2026-09-14 14:22:00+00:00,4275.37,4315.18,39.8100000000004
2026-09-14 14:23:00+00:00,4274.89,4314.78,39.88999999999942
2026-09-14 14:24:00+00:00,4276.01,4315.83,39.81999999999971
2026-09-14 14:25:00+00:00,4276.15,4316.08,39.93000000000029
2026-09-14 14:26:00+00:00,4275.45,4315.23,39.779999999999745
2026-09-14 14:27:00+00:00,4271.95,4311.43,39.48000000000047
2026-09-14 14:28:00+00:00,4273.12,4312.83,39.710000000000036
2026-09-14 14:29:00+00:00,4273.18,4312.93,39.75
2026-09-14 14:30:00+00:00,4276.0,4315.73,39.72999999999956
2026-09-14 14:31:00+00:00,4274.95,4314.73,39.779999999999745
2026-09-14 14:32:00+00:00,4277.65,4317.38,39.73000000000047
2026-09-14 14:33:00+00:00,4274.78,4314.58,39.80000000000018
2026-09-14 14:34:00+00:00,4272.25,4311.88,39.63000000000011
2026-09-14 14:35:00+00:00,4272.94,4312.63,39.69000000000051
2026-09-14 14:36:00+00:00,4271.63,4311.38,39.75
2026-09-14 14:37:00+00:00,4273.37,4313.18,39.8100000000004
2026-09-14 14:38:00+00:00,4270.84,4310.53,39.6899999999996
2026-09-14 14:39:00+00:00,4268.67,4308.43,39.76000000000022
2026-09-14 14:40:00+00:00,4269.85,4309.58,39.72999999999956
2026-09-14 14:41:00+00:00,4269.87,4309.58,39.710000000000036
2026-09-14 14:42:00+00:00,4269.44,4309.28,39.840000000000146
2026-09-14 14:43:00+00:00,4272.29,4312.13,39.840000000000146
2026-09-14 14:44:00+00:00,4274.94,4314.83,39.89000000000033
2026-09-14 14:45:00+00:00,4275.28,4314.98,39.69999999999982
2026-09-14 14:46:00+00:00,4275.66,4315.53,39.86999999999989
2026-09-14 14:47:00+00:00,4280.74,4320.48,39.73999999999978
2026-09-14 14:48:00+00:00,4278.09,4318.03,39.9399999999996
2026-09-14 14:49:00+00:00,4276.63,4316.53,39.899999999999636
2026-09-14 14:50:00+00:00,4277.01,4316.93,39.92000000000007
2026-09-14 14:51:00+00:00,4275.31,4315.28,39.969999999999345
2026-09-14 14:52:00+00:00,4278.44,4318.48,40.039999999999964
2026-09-14 14:53:00+00:00,4276.56,4316.33,39.76999999999953
2026-09-14 14:54:00+00:00,4273.26,4312.93,39.67000000000007
2026-09-14 14:55:00+00:00,4274.06,4313.93,39.86999999999989
2026-09-14 14:56:00+00:00,4271.5,4311.03,39.529999999999745
2026-09-14 14:57:00+00:00,4271.88,4311.48,39.599999999999454
2026-09-14 14:58:00+00:00,4271.52,4310.98,39.45999999999913
2026-09-14 14:59:00+00:00,4272.64,4312.23,39.589999999999236
2026-09-14 15:00:00+00:00,4271.4,4310.98,39.57999999999993
2026-09-14 15:01:00+00:00,4272.45,4312.08,39.63000000000011
2026-09-14 15:02:00+00:00,4269.49,4309.13,39.64000000000033
2026-09-14 15:03:00+00:00,4266.07,4306.13,40.0600000000004
2026-09-14 15:04:00+00:00,4267.68,4307.58,39.899999999999636
2026-09-14 15:05:00+00:00,4265.49,4305.28,39.789999999999964
2026-09-14 15:06:00+00:00,4268.93,4308.58,39.649999999999636
2026-09-14 15:07:00+00:00,4268.92,4308.78,39.85999999999967
2026-09-14 15:08:00+00:00,4269.45,4309.28,39.82999999999993
2026-09-14 15:09:00+00:00,4271.36,4311.13,39.77000000000044
2026-09-14 15:10:00+00:00,4274.19,4314.28,40.090000000000146
2026-09-14 15:11:00+00:00,4273.94,4313.88,39.94000000000051
2026-09-14 15:12:00+00:00,4273.4,4313.43,40.030000000000655
2026-09-14 15:13:00+00:00,4278.49,4318.48,39.98999999999978
2026-09-14 15:14:00+00:00,4281.81,4322.08,40.26999999999953
2026-09-14 15:15:00+00:00,4280.27,4320.58,40.30999999999949
2026-09-14 15:16:00+00:00,4277.27,4317.63,40.35999999999967
2026-09-14 15:17:00+00:00,4275.33,4315.33,40.0
2026-09-14 15:18:00+00:00,4273.52,4313.38,39.85999999999967
2026-09-14 15:19:00+00:00,4276.21,4316.43,40.220000000000255
2026-09-14 15:20:00+00:00,4272.68,4312.63,39.94999999999982
2026-09-14 15:21:00+00:00,4269.46,4309.53,40.06999999999971
2026-09-14 15:22:00+00:00,4268.94,4308.68,39.74000000000069
2026-09-14 15:23:00+00:00,4267.97,4307.78,39.80999999999949
2026-09-14 15:24:00+00:00,4264.86,4304.88,40.02000000000044
2026-09-14 15:25:00+00:00,4265.53,4305.53,40.0
2026-09-14 15:26:00+00:00,4265.01,4304.98,39.969999999999345
2026-09-14 15:27:00+00:00,4265.98,4305.93,39.95000000000073
2026-09-14 15:28:00+00:00,4268.36,4308.38,40.02000000000044
2026-09-14 15:29:00+00:00,4270.05,4310.18,40.13000000000011
2026-09-14 15:30:00+00:00,4267.81,4308.03,40.219999999999345
2026-09-14 15:31:00+00:00,4268.82,4308.93,40.11000000000058
2026-09-14 15:32:00+00:00,4269.59,4309.63,40.039999999999964
2026-09-14 15:33:00+00:00,4269.88,4309.93,40.05000000000018
2026-09-14 15:34:00+00:00,4271.49,4311.58,40.090000000000146
2026-09-14 15:35:00+00:00,4270.4,4310.43,40.030000000000655
2026-09-14 15:36:00+00:00,4269.14,4309.18,40.039999999999964
2026-09-14 15:37:00+00:00,4269.16,4309.23,40.06999999999971
2026-09-14 15:38:00+00:00,4271.93,4311.98,40.04999999999927
2026-09-14 15:39:00+00:00,4271.59,4311.58,39.98999999999978
2026-09-14 15:40:00+00:00,4270.83,4310.88,40.05000000000018
2026-09-14 15:41:00+00:00,4270.55,4310.63,40.07999999999993
2026-09-14 15:42:00+00:00,4271.35,4311.33,39.97999999999956
2026-09-14 15:43:00+00:00,4272.65,4312.63,39.98000000000047
2026-09-14 15:44:00+00:00,4276.73,4316.93,40.20000000000073
2026-09-14 15:45:00+00:00,4278.55,4318.83,40.279999999999745
2026-09-14 15:46:00+00:00,4276.99,4317.18,40.19000000000051
2026-09-14 15:47:00+00:00,4276.77,4316.83,40.05999999999949
2026-09-14 15:48:00+00:00,4277.88,4318.03,40.149999999999636
2026-09-14 15:49:00+00:00,4278.39,4318.53,40.13999999999942
2026-09-14 15:50:00+00:00,4277.56,4317.53,39.969999999999345
2026-09-14 15:51:00+00:00,4278.87,4318.93,40.0600000000004
2026-09-14 15:52:00+00:00,4275.68,4315.88,40.19999999999982
2026-09-14 15:53:00+00:00,4274.55,4314.73,40.17999999999938
2026-09-14 15:54:00+00:00,4276.29,4316.58,40.289999999999964
2026-09-14 15:55:00+00:00,4277.72,4318.08,40.35999999999967
2026-09-14 15:56:00+00:00,4276.67,4317.13,40.460000000000036
2026-09-14 15:57:00+00:00,4275.41,4315.53,40.11999999999989
2026-09-14 15:58:00+00:00,4276.59,4316.93,40.340000000000146
2026-09-14 15:59:00+00:00,4279.5,4319.93,40.43000000000029
2026-09-14 16:00:00+00:00,4278.49,4319.03,40.539999999999964
2026-09-14 16:01:00+00:00,4278.32,4318.83,40.51000000000022
2026-09-14 16:02:00+00:00,4277.74,4318.03,40.289999999999964
2026-09-14 16:03:00+00:00,4277.3,4317.73,40.42999999999938
2026-09-14 16:04:00+00:00,4272.99,4313.33,40.340000000000146
2026-09-14 16:05:00+00:00,4280.75,4320.88,40.13000000000011
2026-09-14 16:06:00+00:00,4285.4,4325.83,40.43000000000029
2026-09-14 16:07:00+00:00,4283.63,4324.08,40.44999999999982
2026-09-14 16:08:00+00:00,4282.11,4322.63,40.52000000000044
2026-09-14 16:09:00+00:00,4280.4,4320.93,40.530000000000655
2026-09-14 16:10:00+00:00,4282.3,4322.88,40.57999999999993
2026-09-14 16:11:00+00:00,4280.54,4321.03,40.48999999999978
2026-09-14 16:12:00+00:00,4279.39,4319.93,40.539999999999964
2026-09-14 16:13:00+00:00,4279.1,4319.58,40.47999999999956
2026-09-14 16:14:00+00:00,4277.02,4317.53,40.50999999999931
2026-09-14 16:15:00+00:00,4278.76,4319.23,40.469999999999345
2026-09-14 16:16:00+00:00,4276.89,4317.63,40.73999999999978
2026-09-14 16:17:00+00:00,4275.31,4315.93,40.61999999999989
2026-09-14 16:18:00+00:00,4273.89,4314.28,40.38999999999942
2026-09-14 16:19:00+00:00,4275.87,4316.58,40.710000000000036
2026-09-14 16:20:00+00:00,4275.41,4316.18,40.77000000000044
2026-09-14 16:21:00+00:00,4275.6,4316.23,40.6299999999992
2026-09-14 16:22:00+00:00,4275.66,4316.33,40.67000000000007
2026-09-14 16:23:00+00:00,4275.91,4316.58,40.67000000000007
2026-09-14 16:24:00+00:00,4279.42,4320.13,40.710000000000036
2026-09-14 16:25:00+00:00,4278.72,4319.38,40.659999999999854
2026-09-14 16:26:00+00:00,4279.73,4320.53,40.80000000000018
2026-09-14 16:27:00+00:00,4280.85,4321.43,40.57999999999993
2026-09-14 16:28:00+00:00,4284.05,4324.68,40.63000000000011
2026-09-14 16:29:00+00:00,4283.45,4324.28,40.82999999999993
2026-09-14 16:30:00+00:00,4286.21,4326.83,40.61999999999989
2026-09-14 16:31:00+00:00,4284.75,4325.43,40.68000000000029
2026-09-14 16:32:00+00:00,4287.57,4328.33,40.76000000000022
2026-09-14 16:33:00+00:00,4291.91,4332.28,40.36999999999989
2026-09-14 16:34:00+00:00,4294.03,4334.58,40.55000000000018
2026-09-14 16:35:00+00:00,4293.18,4333.98,40.79999999999927
2026-09-14 16:36:00+00:00,4289.92,4330.63,40.710000000000036
2026-09-14 16:37:00+00:00,4296.38,4337.03,40.649999999999636
2026-09-14 16:38:00+00:00,4296.75,4337.43,40.68000000000029
2026-09-14 16:39:00+00:00,4297.53,4338.18,40.650000000000546
2026-09-14 16:40:00+00:00,4294.91,4335.73,40.81999999999971
2026-09-14 16:41:00+00:00,4297.55,4338.28,40.72999999999956
2026-09-14 16:42:00+00:00,4294.89,4335.73,40.839999999999236
2026-09-14 16:43:00+00:00,4296.98,4337.78,40.80000000000018
2026-09-14 16:44:00+00:00,4294.16,4335.08,40.92000000000007
2026-09-14 16:45:00+00:00,4293.91,4334.48,40.56999999999971
2026-09-14 16:46:00+00:00,4293.45,4334.28,40.82999999999993
2026-09-14 16:47:00+00:00,4291.02,4331.93,40.909999999999854
2026-09-14 16:48:00+00:00,4290.12,4330.93,40.8100000000004
2026-09-14 16:49:00+00:00,4288.28,4329.03,40.75
2026-09-14 16:50:00+00:00,4287.46,4328.23,40.76999999999953
2026-09-14 16:51:00+00:00,4288.12,4328.78,40.659999999999854
2026-09-14 16:52:00+00:00,4289.01,4329.63,40.61999999999989
2026-09-14 16:53:00+00:00,4289.7,4330.33,40.63000000000011
2026-09-14 16:54:00+00:00,4289.46,4330.13,40.67000000000007
2026-09-14 16:55:00+00:00,4290.4,4331.13,40.73000000000047
2026-09-14 16:56:00+00:00,4290.73,4331.33,40.600000000000364
2026-09-14 16:57:00+00:00,4290.84,4331.63,40.789999999999964
2026-09-14 16:58:00+00:00,4288.95,4329.63,40.68000000000029
2026-09-14 16:59:00+00:00,4288.3,4329.03,40.72999999999956
2026-09-14 17:00:00+00:00,4288.61,4329.43,40.82000000000062
2026-09-14 17:01:00+00:00,4287.05,4327.78,40.72999999999956
2026-09-14 17:02:00+00:00,4288.38,4329.08,40.69999999999982
2026-09-14 17:03:00+00:00,4287.94,4328.63,40.69000000000051
2026-09-14 17:04:00+00:00,4286.55,4327.23,40.67999999999938
2026-09-14 17:05:00+00:00,4288.43,4329.38,40.94999999999982
2026-09-14 17:06:00+00:00,4290.13,4330.88,40.75
2026-09-14 17:07:00+00:00,4291.77,4332.48,40.70999999999913
2026-09-14 17:08:00+00:00,4291.9,4332.73,40.82999999999993
2026-09-14 17:09:00+00:00,4294.87,4335.53,40.659999999999854
2026-09-14 17:10:00+00:00,4296.06,4336.63,40.56999999999971
2026-09-14 17:11:00+00:00,4296.69,4337.33,40.64000000000033
2026-09-14 17:12:00+00:00,4296.26,4336.83,40.56999999999971
2026-09-14 17:13:00+00:00,4295.67,4336.23,40.55999999999949
2026-09-14 17:14:00+00:00,4294.27,4334.88,40.60999999999967
2026-09-14 17:15:00+00:00,4297.21,4337.83,40.61999999999989
2026-09-14 17:16:00+00:00,4296.33,4337.23,40.899999999999636
2026-09-14 17:17:00+00:00,4297.19,4337.63,40.44000000000051
2026-09-14 17:18:00+00:00,4298.61,4339.08,40.470000000000255
2026-09-14 17:19:00+00:00,4298.84,4339.38,40.539999999999964
2026-09-14 17:20:00+00:00,4298.54,4339.13,40.590000000000146
2026-09-14 17:21:00+00:00,4298.82,4339.33,40.51000000000022
2026-09-14 17:22:00+00:00,4300.73,4341.58,40.850000000000364
2026-09-14 17:23:00+00:00,4304.23,4344.98,40.75
2026-09-14 17:24:00+00:00,4304.46,4345.33,40.86999999999989
2026-09-14 17:25:00+00:00,4303.38,4344.33,40.94999999999982
2026-09-14 17:26:00+00:00,4302.7,4343.48,40.779999999999745
2026-09-14 17:27:00+00:00,4303.82,4344.73,40.909999999999854
2026-09-14 17:28:00+00:00,4300.45,4341.03,40.57999999999993
2026-09-14 17:29:00+00:00,4300.26,4340.83,40.56999999999971
2026-09-14 17:30:00+00:00,4299.83,4340.33,40.5
2026-09-14 17:31:00+00:00,4302.57,4343.33,40.76000000000022
2026-09-14 17:32:00+00:00,4301.71,4342.43,40.720000000000255
2026-09-14 17:33:00+00:00,4302.59,4343.33,40.73999999999978
2026-09-14 17:34:00+00:00,4301.18,4341.73,40.54999999999927
2026-09-14 17:35:00+00:00,4301.53,4342.13,40.600000000000364
2026-09-14 17:36:00+00:00,4300.99,4341.43,40.44000000000051
2026-09-14 17:37:00+00:00,4302.12,4342.63,40.51000000000022
2026-09-14 17:38:00+00:00,4302.59,4343.03,40.4399999999996
2026-09-14 17:39:00+00:00,4303.17,4343.58,40.409999999999854
2026-09-14 17:40:00+00:00,4304.75,4345.28,40.529999999999745
2026-09-14 17:41:00+00:00,4305.38,4346.03,40.649999999999636
2026-09-14 17:42:00+00:00,4304.85,4345.48,40.6299999999992
2026-09-14 17:43:00+00:00,4307.35,4348.03,40.67999999999938
2026-09-14 17:44:00+00:00,4306.2,4346.78,40.57999999999993
2026-09-14 17:45:00+00:00,4306.21,4346.73,40.51999999999953
2026-09-14 17:46:00+00:00,4305.86,4346.48,40.61999999999989
2026-09-14 17:47:00+00:00,4311.36,4352.08,40.720000000000255
2026-09-14 17:48:00+00:00,4313.31,4353.93,40.61999999999989
2026-09-14 17:49:00+00:00,4313.96,4354.53,40.56999999999971
2026-09-14 17:50:00+00:00,4313.9,4354.28,40.38000000000011
2026-09-14 17:51:00+00:00,4316.28,4357.08,40.80000000000018
2026-09-14 17:52:00+00:00,4316.4,4356.98,40.57999999999993
2026-09-14 17:53:00+00:00,4315.74,4356.68,40.94000000000051
2026-09-14 17:54:00+00:00,4316.52,4357.43,40.909999999999854
2026-09-14 17:55:00+00:00,4316.95,4357.68,40.73000000000047
2026-09-14 17:56:00+00:00,4316.17,4357.13,40.960000000000036
2026-09-14 17:57:00+00:00,4315.04,4355.78,40.73999999999978
2026-09-14 17:58:00+00:00,4314.96,4355.73,40.76999999999953
2026-09-14 17:59:00+00:00,4315.71,4356.48,40.76999999999953
2026-09-14 18:00:00+00:00,4316.33,4356.93,40.600000000000364
2026-09-14 18:01:00+00:00,4313.62,4354.23,40.60999999999967
2026-09-14 18:02:00+00:00,4313.54,4354.08,40.539999999999964
2026-09-14 18:03:00+00:00,4313.49,4353.93,40.44000000000051
2026-09-14 18:04:00+00:00,4314.74,4355.13,40.39000000000033
2026-09-14 18:05:00+00:00,4312.9,4353.28,40.38000000000011
2026-09-14 18:06:00+00:00,4312.88,4353.38,40.5
2026-09-14 18:07:00+00:00,4312.75,4353.38,40.63000000000011
2026-09-14 18:08:00+00:00,4313.67,4354.13,40.460000000000036
2026-09-14 18:09:00+00:00,4313.71,4354.03,40.31999999999971
2026-09-14 18:10:00+00:00,4314.0,4354.33,40.32999999999993
2026-09-14 18:11:00+00:00,4313.37,4353.68,40.3100000000004
2026-09-14 18:12:00+00:00,4315.56,4355.93,40.36999999999989
2026-09-14 18:13:00+00:00,4313.25,4353.63,40.38000000000011
2026-09-14 18:14:00+00:00,4311.46,4351.93,40.470000000000255
2026-09-14 18:15:00+00:00,4310.95,4351.33,40.38000000000011
2026-09-14 18:16:00+00:00,4310.82,4351.23,40.409999999999854
2026-09-14 18:17:00+00:00,4311.55,4351.98,40.42999999999938
2026-09-14 18:18:00+00:00,4310.19,4350.48,40.289999999999964
2026-09-14 18:19:00+00:00,4309.76,4350.18,40.42000000000007
2026-09-14 18:20:00+00:00,4309.85,4350.23,40.3799999999992
2026-09-14 18:21:00+00:00,4310.18,4350.83,40.649999999999636
2026-09-14 18:22:00+00:00,4310.88,4351.68,40.80000000000018
2026-09-14 18:23:00+00:00,4311.83,4352.23,40.399999999999636
2026-09-14 18:24:00+00:00,4311.26,4351.63,40.36999999999989
2026-09-14 18:25:00+00:00,4311.4,4351.78,40.38000000000011
2026-09-14 18:26:00+00:00,4312.95,4353.23,40.279999999999745
2026-09-14 18:27:00+00:00,4313.18,4353.38,40.19999999999982
2026-09-14 18:28:00+00:00,4312.12,4352.48,40.35999999999967
2026-09-14 18:29:00+00:00,4311.76,4352.03,40.26999999999953
2026-09-14 18:30:00+00:00,4313.34,4353.68,40.340000000000146
2026-09-14 18:31:00+00:00,4310.98,4351.38,40.400000000000546
2026-09-14 18:32:00+00:00,4311.16,4351.58,40.42000000000007
2026-09-14 18:33:00+00:00,4310.49,4350.93,40.44000000000051
2026-09-14 18:34:00+00:00,4309.01,4349.48,40.469999999999345
2026-09-14 18:35:00+00:00,4307.86,4348.28,40.42000000000007
2026-09-14 18:36:00+00:00,4309.75,4350.13,40.38000000000011
2026-09-14 18:37:00+00:00,4309.96,4350.23,40.26999999999953
2026-09-14 18:38:00+00:00,4311.16,4351.48,40.31999999999971
2026-09-14 18:39:00+00:00,4311.06,4351.68,40.61999999999989
2026-09-14 18:40:00+00:00,4310.2,4350.63,40.43000000000029
2026-09-14 18:41:00+00:00,4309.75,4350.03,40.279999999999745
2026-09-14 18:42:00+00:00,4310.13,4350.43,40.30000000000018
2026-09-14 18:43:00+00:00,4310.94,4351.28,40.340000000000146
2026-09-14 18:44:00+00:00,4309.99,4350.23,40.23999999999978
2026-09-14 18:45:00+00:00,4310.11,4350.33,40.220000000000255
2026-09-14 18:46:00+00:00,4310.27,4350.53,40.25999999999931
2026-09-14 18:47:00+00:00,4309.28,4349.48,40.19999999999982
2026-09-14 18:48:00+00:00,4310.37,4350.58,40.210000000000036
2026-09-14 18:49:00+00:00,4309.18,4349.28,40.099999999999454
2026-09-14 18:50:00+00:00,4308.81,4349.03,40.219999999999345
2026-09-14 18:51:00+00:00,4309.56,4349.73,40.16999999999916
2026-09-14 18:52:00+00:00,4311.39,4351.53,40.13999999999942
2026-09-14 18:53:00+00:00,4312.18,4352.43,40.25
2026-09-14 18:54:00+00:00,4312.32,4352.43,40.11000000000058
2026-09-14 18:55:00+00:00,4312.04,4352.33,40.289999999999964
2026-09-14 18:56:00+00:00,4313.54,4353.68,40.14000000000033
2026-09-14 18:57:00+00:00,4312.13,4352.38,40.25
2026-09-14 18:58:00+00:00,4311.64,4351.98,40.339999999999236
2026-09-14 18:59:00+00:00,4310.87,4351.28,40.409999999999854
2026-09-14 19:00:00+00:00,4313.13,4353.38,40.25
2026-09-14 19:01:00+00:00,4314.51,4354.78,40.26999999999953
2026-09-14 19:02:00+00:00,4313.59,4353.93,40.340000000000146
2026-09-14 19:03:00+00:00,4312.19,4352.28,40.090000000000146
2026-09-14 19:04:00+00:00,4310.22,4350.38,40.159999999999854
2026-09-14 19:05:00+00:00,4308.51,4348.78,40.26999999999953
2026-09-14 19:06:00+00:00,4309.62,4349.83,40.210000000000036
2026-09-14 19:07:00+00:00,4310.32,4350.63,40.3100000000004
2026-09-14 19:08:00+00:00,4311.3,4351.53,40.22999999999956
2026-09-14 19:09:00+00:00,4310.3,4350.53,40.22999999999956
2026-09-14 19:10:00+00:00,4312.17,4352.38,40.210000000000036
2026-09-14 19:11:00+00:00,4311.44,4351.48,40.039999999999964
2026-09-14 19:12:00+00:00,4311.06,4351.23,40.16999999999916
2026-09-14 19:13:00+00:00,4311.75,4351.93,40.18000000000029
2026-09-14 19:14:00+00:00,4312.43,4352.83,40.399999999999636
2026-09-14 19:15:00+00:00,4312.45,4352.68,40.23000000000047
2026-09-14 19:16:00+00:00,4312.25,4352.48,40.22999999999956
2026-09-14 19:17:00+00:00,4311.78,4351.98,40.19999999999982
2026-09-14 19:18:00+00:00,4311.67,4351.78,40.10999999999967
2026-09-14 19:19:00+00:00,4311.63,4351.73,40.099999999999454
2026-09-14 19:20:00+00:00,4311.43,4351.53,40.099999999999454
2026-09-14 19:21:00+00:00,4310.89,4350.98,40.089999999999236
2026-09-14 19:22:00+00:00,4309.62,4349.63,40.01000000000022
2026-09-14 19:23:00+00:00,4308.34,4348.43,40.090000000000146
2026-09-14 19:24:00+00:00,4308.23,4348.28,40.05000000000018
2026-09-14 19:25:00+00:00,4308.07,4348.18,40.11000000000058
2026-09-14 19:26:00+00:00,4307.3,4347.48,40.17999999999938
2026-09-14 19:27:00+00:00,4306.85,4347.08,40.22999999999956
2026-09-14 19:28:00+00:00,4307.74,4347.98,40.23999999999978
2026-09-14 19:29:00+00:00,4309.69,4349.93,40.24000000000069
2026-09-14 19:30:00+00:00,4309.28,4349.38,40.100000000000364
2026-09-14 19:31:00+00:00,4308.67,4348.88,40.210000000000036
2026-09-14 19:32:00+00:00,4310.15,4350.23,40.07999999999993
2026-09-14 19:33:00+00:00,4312.38,4352.58,40.19999999999982
2026-09-14 19:34:00+00:00,4311.58,4351.73,40.149999999999636
2026-09-14 19:35:00+00:00,4312.15,4352.38,40.23000000000047
2026-09-14 19:36:00+00:00,4312.25,4352.43,40.18000000000029
2026-09-14 19:37:00+00:00,4311.87,4352.08,40.210000000000036
2026-09-14 19:38:00+00:00,4312.52,4352.83,40.30999999999949
2026-09-14 19:39:00+00:00,4310.94,4351.23,40.289999999999964
2026-09-14 19:40:00+00:00,4310.42,4350.53,40.10999999999967
2026-09-14 19:41:00+00:00,4309.88,4350.03,40.149999999999636
2026-09-14 19:42:00+00:00,4309.81,4349.88,40.06999999999971
2026-09-14 19:43:00+00:00,4309.3,4349.58,40.279999999999745
2026-09-14 19:44:00+00:00,4309.28,4349.58,40.30000000000018
2026-09-14 19:45:00+00:00,4309.12,4349.18,40.0600000000004
2026-09-14 19:46:00+00:00,4307.62,4347.68,40.0600000000004
2026-09-14 19:47:00+00:00,4307.6,4347.78,40.17999999999938
2026-09-14 19:48:00+00:00,4307.78,4348.08,40.30000000000018
2026-09-14 19:49:00+00:00,4307.61,4348.18,40.57000000000062
2026-09-14 19:50:00+00:00,4305.55,4345.68,40.13000000000011
2026-09-14 19:51:00+00:00,4304.93,4345.28,40.349999999999454
2026-09-14 19:52:00+00:00,4305.6,4345.83,40.22999999999956
2026-09-14 19:53:00+00:00,4305.54,4345.83,40.289999999999964
2026-09-14 19:54:00+00:00,4306.53,4346.83,40.30000000000018
2026-09-14 19:55:00+00:00,4306.67,4346.88,40.210000000000036
2026-09-14 19:56:00+00:00,4306.13,4346.33,40.19999999999982
2026-09-14 19:57:00+00:00,4306.28,4346.38,40.100000000000364
2026-09-14 19:58:00+00:00,4306.98,4347.13,40.150000000000546
2026-09-14 19:59:00+00:00,4307.46,4347.53,40.06999999999971
2026-09-14 20:00:00+00:00,4307.31,4347.53,40.219999999999345
2026-09-14 20:01:00+00:00,4305.96,4346.08,40.11999999999989
2026-09-14 20:02:00+00:00,4306.06,4346.08,40.01999999999953
2026-09-14 20:03:00+00:00,4305.53,4345.73,40.19999999999982
2026-09-14 20:04:00+00:00,4306.56,4346.58,40.01999999999953
2026-09-14 20:05:00+00:00,4306.52,4346.58,40.05999999999949
2026-09-14 20:06:00+00:00,4304.97,4344.88,39.909999999999854
2026-09-14 20:07:00+00:00,4303.74,4343.98,40.23999999999978
2026-09-14 20:08:00+00:00,4304.53,4344.68,40.150000000000546
2026-09-14 20:09:00+00:00,4303.65,4343.98,40.32999999999993
2026-09-14 20:10:00+00:00,4303.96,4344.28,40.31999999999971
2026-09-14 20:11:00+00:00,4305.12,4345.43,40.3100000000004
2026-09-14 20:12:00+00:00,4305.43,4345.68,40.25
2026-09-14 20:13:00+00:00,4305.99,4346.18,40.19000000000051
2026-09-14 20:14:00+00:00,4305.88,4346.23,40.349999999999454
2026-09-14 20:15:00+00:00,4304.19,4344.38,40.19000000000051
2026-09-14 20:16:00+00:00,4303.3,4343.43,40.13000000000011
2026-09-14 20:17:00+00:00,4302.79,4343.18,40.39000000000033
2026-09-14 20:18:00+00:00,4302.66,4343.03,40.36999999999989
2026-09-14 20:19:00+00:00,4301.84,4342.18,40.340000000000146
2026-09-14 20:20:00+00:00,4301.73,4342.18,40.45000000000073
2026-09-14 20:21:00+00:00,4300.75,4341.18,40.43000000000029
2026-09-14 20:22:00+00:00,4297.41,4337.93,40.52000000000044
2026-09-14 20:23:00+00:00,4297.61,4338.08,40.470000000000255
2026-09-14 20:24:00+00:00,4297.38,4337.88,40.5
2026-09-14 20:25:00+00:00,4297.35,4337.83,40.47999999999956
2026-09-14 20:26:00+00:00,4297.25,4337.78,40.529999999999745
2026-09-14 20:27:00+00:00,4297.17,4337.88,40.710000000000036
2026-09-14 20:28:00+00:00,4297.12,4337.68,40.5600000000004
2026-09-14 20:29:00+00:00,4296.41,4336.98,40.56999999999971
2026-09-14 20:30:00+00:00,4296.2,4336.78,40.57999999999993
2026-09-14 20:31:00+00:00,4296.57,4337.13,40.5600000000004
2026-09-14 20:32:00+00:00,4295.6,4336.18,40.57999999999993
2026-09-14 20:33:00+00:00,4294.8,4335.38,40.57999999999993
2026-09-14 20:34:00+00:00,4293.22,4333.68,40.460000000000036
2026-09-14 20:35:00+00:00,4293.32,4333.83,40.51000000000022
2026-09-14 20:36:00+00:00,4293.91,4334.43,40.52000000000044
2026-09-14 20:37:00+00:00,4293.59,4334.13,40.539999999999964
2026-09-14 20:38:00+00:00,4293.23,4333.73,40.5
2026-09-14 20:39:00+00:00,4292.13,4332.63,40.5
2026-09-14 20:40:00+00:00,4291.27,4331.83,40.55999999999949
2026-09-14 20:41:00+00:00,4291.18,4331.68,40.5
2026-09-14 20:42:00+00:00,4291.53,4332.03,40.5
2026-09-14 20:43:00+00:00,4291.16,4331.68,40.52000000000044
2026-09-14 20:44:00+00:00,4291.93,4332.28,40.349999999999454
2026-09-14 20:45:00+00:00,4291.47,4331.98,40.50999999999931
2026-09-14 20:46:00+00:00,4290.31,4330.93,40.61999999999989
2026-09-14 20:47:00+00:00,4289.74,4330.33,40.590000000000146
2026-09-14 20:48:00+00:00,4288.93,4329.43,40.5
2026-09-14 20:49:00+00:00,4287.92,4328.33,40.409999999999854
2026-09-14 20:50:00+00:00,4286.85,4327.13,40.279999999999745
2026-09-14 20:51:00+00:00,4287.37,4327.63,40.26000000000022
2026-09-14 20:52:00+00:00,4286.6,4326.78,40.17999999999938
2026-09-14 20:53:00+00:00,4286.63,4326.83,40.19999999999982
2026-09-14 20:54:00+00:00,4286.55,4326.63,40.07999999999993
2026-09-14 20:55:00+00:00,4285.68,4325.73,40.04999999999927
2026-09-14 20:56:00+00:00,4283.55,4323.63,40.07999999999993
2026-09-14 20:57:00+00:00,4285.45,4325.33,39.88000000000011
2026-09-14 20:58:00+00:00,4284.0,4324.08,40.07999999999993
2026-09-14 20:59:00+00:00,4284.0,4324.03,40.029999999999745
2026-09-14 21:00:00+00:00,4283.74,4324.03,40.289999999999964
2026-09-14 21:01:00+00:00,4282.54,4322.88,40.340000000000146
2026-09-14 21:02:00+00:00,4283.05,4323.33,40.279999999999745
2026-09-14 21:03:00+00:00,4284.07,4324.33,40.26000000000022
2026-09-14 21:04:00+00:00,4284.68,4325.03,40.349999999999454
2026-09-14 21:05:00+00:00,4285.95,4326.33,40.38000000000011
2026-09-14 21:06:00+00:00,4285.67,4326.13,40.460000000000036
2026-09-14 21:07:00+00:00,4285.82,4326.23,40.409999999999854
2026-09-14 21:08:00+00:00,4285.91,4326.28,40.36999999999989
2026-09-14 21:09:00+00:00,4285.83,4326.23,40.399999999999636
2026-09-14 21:10:00+00:00,4286.77,4327.13,40.35999999999967
2026-09-14 21:11:00+00:00,4288.01,4328.38,40.36999999999989
2026-09-14 21:12:00+00:00,4288.47,4328.88,40.409999999999854
2026-09-14 21:13:00+00:00,4288.04,4328.43,40.39000000000033
2026-09-14 21:14:00+00:00,4287.89,4328.23,40.339999999999236
2026-09-14 21:15:00+00:00,4289.97,4330.43,40.460000000000036
2026-09-14 21:16:00+00:00,4290.04,4330.58,40.539999999999964
2026-09-14 21:17:00+00:00,4290.6,4330.98,40.3799999999992
2026-09-14 21:18:00+00:00,4291.26,4331.73,40.469999999999345
2026-09-14 21:19:00+00:00,4293.25,4333.83,40.57999999999993
2026-09-14 21:20:00+00:00,4294.68,4335.23,40.54999999999927
2026-09-14 21:21:00+00:00,4294.21,4334.83,40.61999999999989
2026-09-14 21:22:00+00:00,4294.94,4335.53,40.590000000000146
2026-09-14 21:23:00+00:00,4295.63,4336.03,40.399999999999636
2026-09-14 21:24:00+00:00,4295.91,4336.43,40.52000000000044
2026-09-14 21:25:00+00:00,4297.09,4337.63,40.539999999999964
2026-09-14 21:26:00+00:00,4297.56,4338.13,40.56999999999971
2026-09-14 21:27:00+00:00,4297.55,4338.13,40.57999999999993
2026-09-14 21:28:00+00:00,4297.85,4338.43,40.57999999999993
2026-09-14 21:29:00+00:00,4296.65,4337.33,40.68000000000029
2026-09-14 21:30:00+00:00,4298.19,4338.83,40.64000000000033
2026-09-14 21:31:00+00:00,4297.34,4338.28,40.9399999999996
2026-09-14 21:32:00+00:00,4299.09,4340.03,40.9399999999996
2026-09-14 21:33:00+00:00,4299.4,4340.03,40.63000000000011
2026-09-14 21:34:00+00:00,4299.28,4340.03,40.75
2026-09-14 21:35:00+00:00,4297.4,4338.03,40.63000000000011
2026-09-14 21:36:00+00:00,4296.51,4337.18,40.67000000000007
2026-09-14 21:37:00+00:00,4295.56,4336.48,40.91999999999916
2026-09-14 21:38:00+00:00,4295.46,4336.18,40.720000000000255
2026-09-14 21:39:00+00:00,4296.29,4336.88,40.590000000000146
2026-09-14 21:40:00+00:00,4296.18,4336.83,40.649999999999636
2026-09-14 21:41:00+00:00,4295.55,4336.13,40.57999999999993
2026-09-14 21:42:00+00:00,4295.57,4336.18,40.61000000000058
2026-09-14 21:43:00+00:00,4295.31,4336.13,40.81999999999971
2026-09-14 21:44:00+00:00,4294.81,4335.53,40.719999999999345
2026-09-14 21:45:00+00:00,4295.75,4336.48,40.72999999999956
2026-09-14 21:46:00+00:00,4295.27,4335.93,40.659999999999854
2026-09-14 21:47:00+00:00,4296.06,4336.73,40.66999999999916
2026-09-14 21:48:00+00:00,4296.59,4337.23,40.63999999999942
2026-09-14 21:49:00+00:00,4296.78,4337.43,40.650000000000546
2026-09-14 21:50:00+00:00,4297.24,4337.88,40.64000000000033
2026-09-14 21:51:00+00:00,4296.81,4337.38,40.56999999999971
2026-09-14 21:52:00+00:00,4297.3,4337.93,40.63000000000011
2026-09-14 21:53:00+00:00,4297.47,4338.13,40.659999999999854
2026-09-14 21:54:00+00:00,4297.73,4338.28,40.55000000000018
2026-09-14 21:55:00+00:00,4298.86,4339.38,40.52000000000044
2026-09-14 21:56:00+00:00,4298.05,4338.68,40.63000000000011
2026-09-14 21:57:00+00:00,4298.63,4339.23,40.599999999999454
2026-09-14 23:01:00+00:00,4300.2,4340.43,40.23000000000047
2026-09-14 23:02:00+00:00,4299.62,4339.68,40.0600000000004
2026-09-14 23:03:00+00:00,4299.49,4339.73,40.23999999999978
2026-09-14 23:04:00+00:00,4299.67,4339.78,40.10999999999967
2026-09-14 23:05:00+00:00,4299.14,4339.38,40.23999999999978
2026-09-14 23:06:00+00:00,4298.1,4338.33,40.22999999999956
2026-09-14 23:07:00+00:00,4297.63,4337.98,40.349999999999454
2026-09-14 23:08:00+00:00,4297.17,4337.48,40.30999999999949
2026-09-14 23:09:00+00:00,4297.81,4337.98,40.16999999999916
2026-09-14 23:10:00+00:00,4297.02,4337.33,40.30999999999949
2026-09-14 23:11:00+00:00,4297.22,4337.58,40.35999999999967
2026-09-14 23:12:00+00:00,4297.42,4337.73,40.30999999999949
2026-09-14 23:13:00+00:00,4296.95,4337.38,40.43000000000029
2026-09-14 23:14:00+00:00,4297.0,4337.28,40.279999999999745
2026-09-14 23:15:00+00:00,4296.67,4336.93,40.26000000000022
2026-09-14 23:16:00+00:00,4296.99,4337.33,40.340000000000146
2026-09-14 23:17:00+00:00,4297.17,4337.53,40.35999999999967
2026-09-14 23:18:00+00:00,4297.08,4337.43,40.350000000000364
2026-09-14 23:19:00+00:00,4296.35,4336.58,40.22999999999956
2026-09-14 23:20:00+00:00,4296.0,4336.13,40.13000000000011
2026-09-14 23:21:00+00:00,4296.73,4336.73,40.0
2026-09-14 23:22:00+00:00,4297.67,4337.78,40.10999999999967
2026-09-14 23:23:00+00:00,4297.09,4337.53,40.4399999999996
2026-09-14 23:24:00+00:00,4296.03,4336.48,40.44999999999982
2026-09-14 23:25:00+00:00,4294.3,4334.68,40.38000000000011
2026-09-14 23:26:00+00:00,4294.43,4334.83,40.399999999999636
2026-09-14 23:27:00+00:00,4294.99,4335.23,40.23999999999978
2026-09-14 23:28:00+00:00,4295.68,4336.18,40.5
2026-09-14 23:29:00+00:00,4295.71,4336.13,40.42000000000007
2026-09-14 23:30:00+00:00,4295.84,4336.08,40.23999999999978
2026-09-14 23:31:00+00:00,4296.14,4336.63,40.48999999999978
2026-09-14 23:32:00+00:00,4297.73,4338.03,40.30000000000018
2026-09-14 23:33:00+00:00,4297.02,4337.33,40.30999999999949
2026-09-14 23:34:00+00:00,4297.02,4337.33,40.30999999999949
2026-09-14 23:35:00+00:00,4296.91,4337.53,40.61999999999989
2026-09-14 23:36:00+00:00,4298.05,4338.48,40.42999999999938
2026-09-14 23:37:00+00:00,4295.91,4336.53,40.61999999999989
2026-09-14 23:38:00+00:00,4295.91,4336.38,40.470000000000255
2026-09-14 23:39:00+00:00,4295.6,4336.23,40.6299999999992
2026-09-14 23:40:00+00:00,4295.99,4336.33,40.340000000000146
2026-09-14 23:41:00+00:00,4296.42,4336.73,40.30999999999949
2026-09-14 23:42:00+00:00,4295.99,4336.53,40.539999999999964
2026-09-14 23:43:00+00:00,4295.14,4335.73,40.589999999999236
2026-09-14 23:44:00+00:00,4295.83,4336.03,40.19999999999982
2026-09-14 23:45:00+00:00,4296.12,4336.48,40.35999999999967
2026-09-14 23:46:00+00:00,4295.66,4336.08,40.42000000000007
2026-09-14 23:47:00+00:00,4295.12,4335.53,40.409999999999854
2026-09-14 23:48:00+00:00,4294.84,4335.23,40.38999999999942
2026-09-14 23:49:00+00:00,4295.28,4335.63,40.350000000000364
2026-09-14 23:50:00+00:00,4296.19,4336.53,40.340000000000146
2026-09-14 23:51:00+00:00,4296.17,4336.78,40.60999999999967
2026-09-14 23:52:00+00:00,4295.78,4336.33,40.55000000000018
2026-09-14 23:53:00+00:00,4296.09,4336.18,40.090000000000146
2026-09-14 23:54:00+00:00,4296.28,4336.53,40.25
2026-09-14 23:55:00+00:00,4296.81,4337.23,40.41999999999916
2026-09-14 23:56:00+00:00,4296.12,4336.73,40.60999999999967
2026-09-14 23:57:00+00:00,4295.7,4336.43,40.73000000000047
2026-09-14 23:58:00+00:00,4295.47,4335.73,40.25999999999931
2026-09-14 23:59:00+00:00,4295.48,4335.83,40.350000000000364
2026-09-15 00:00:00+00:00,4295.52,4335.83,40.30999999999949
2026-09-15 00:01:00+00:00,4295.18,4335.73,40.54999999999927
2026-09-15 00:02:00+00:00,4295.01,4335.68,40.67000000000007
2026-09-15 00:03:00+00:00,4294.68,4335.43,40.75
2026-09-15 00:04:00+00:00,4294.21,4334.43,40.220000000000255
2026-09-15 00:05:00+00:00,4294.81,4335.03,40.219999999999345
2026-09-15 00:06:00+00:00,4293.28,4333.53,40.25
2026-09-15 00:07:00+00:00,4293.7,4333.98,40.279999999999745
2026-09-15 00:08:00+00:00,4293.32,4333.83,40.51000000000022
2026-09-15 00:09:00+00:00,4293.19,4333.78,40.590000000000146
2026-09-15 00:10:00+00:00,4292.53,4332.63,40.100000000000364
2026-09-15 00:11:00+00:00,4292.27,4332.28,40.00999999999931
2026-09-15 00:12:00+00:00,4293.22,4333.18,39.960000000000036
2026-09-15 00:13:00+00:00,4292.33,4332.78,40.44999999999982
2026-09-15 00:14:00+00:00,4292.27,4332.53,40.25999999999931
2026-09-15 00:15:00+00:00,4291.51,4331.83,40.31999999999971
2026-09-15 00:16:00+00:00,4291.0,4331.08,40.07999999999993
2026-09-15 00:17:00+00:00,4291.12,4331.28,40.159999999999854
2026-09-15 00:18:00+00:00,4291.04,4331.03,39.98999999999978
2026-09-15 00:19:00+00:00,4289.57,4329.73,40.159999999999854
2026-09-15 00:20:00+00:00,4288.37,4328.48,40.10999999999967
2026-09-15 00:21:00+00:00,4287.45,4327.63,40.18000000000029
2026-09-15 00:22:00+00:00,4289.63,4329.68,40.05000000000018
2026-09-15 00:23:00+00:00,4290.33,4330.58,40.25
2026-09-15 00:24:00+00:00,4290.31,4330.63,40.31999999999971
2026-09-15 00:25:00+00:00,4290.15,4330.63,40.48000000000047
2026-09-15 00:26:00+00:00,4289.82,4330.23,40.409999999999854
2026-09-15 00:27:00+00:00,4288.71,4328.88,40.17000000000007
2026-09-15 00:28:00+00:00,4289.91,4330.13,40.220000000000255
2026-09-15 00:29:00+00:00,4290.08,4330.23,40.149999999999636
2026-09-15 00:30:00+00:00,4290.86,4331.03,40.17000000000007
2026-09-15 00:31:00+00:00,4291.76,4331.93,40.17000000000007
2026-09-15 00:32:00+00:00,4288.52,4329.08,40.55999999999949
2026-09-15 00:33:00+00:00,4289.71,4329.88,40.17000000000007
2026-09-15 00:34:00+00:00,4290.88,4331.13,40.25
2026-09-15 00:35:00+00:00,4290.51,4330.93,40.42000000000007
2026-09-15 00:36:00+00:00,4290.06,4330.63,40.56999999999971
2026-09-15 00:37:00+00:00,4289.06,4329.33,40.26999999999953
2026-09-15 00:38:00+00:00,4290.37,4330.43,40.0600000000004
2026-09-15 00:39:00+00:00,4289.44,4329.53,40.090000000000146
2026-09-15 00:40:00+00:00,4290.32,4330.73,40.409999999999854
2026-09-15 00:41:00+00:00,4289.15,4329.53,40.38000000000011
2026-09-15 00:42:00+00:00,4289.05,4329.43,40.38000000000011
2026-09-15 00:43:00+00:00,4289.51,4329.83,40.31999999999971
2026-09-15 00:44:00+00:00,4289.48,4329.93,40.45000000000073
2026-09-15 00:45:00+00:00,4288.15,4328.53,40.38000000000011
2026-09-15 00:46:00+00:00,4288.27,4328.63,40.35999999999967
2026-09-15 00:47:00+00:00,4288.52,4328.78,40.25999999999931
2026-09-15 00:48:00+00:00,4288.02,4328.43,40.409999999999854
2026-09-15 00:49:00+00:00,4288.84,4329.28,40.4399999999996
2026-09-15 00:50:00+00:00,4288.64,4329.08,40.4399999999996
2026-09-15 00:51:00+00:00,4288.58,4328.93,40.350000000000364
2026-09-15 00:52:00+00:00,4288.04,4328.38,40.340000000000146
2026-09-15 00:53:00+00:00,4287.79,4328.13,40.340000000000146
2026-09-15 00:54:00+00:00,4287.77,4328.13,40.35999999999967
2026-09-15 00:55:00+00:00,4288.28,4328.63,40.350000000000364
2026-09-15 00:56:00+00:00,4287.7,4328.13,40.43000000000029
2026-09-15 00:57:00+00:00,4288.42,4328.78,40.35999999999967
2026-09-15 00:58:00+00:00,4288.42,4328.73,40.30999999999949
2026-09-15 00:59:00+00:00,4288.26,4328.63,40.36999999999989
2026-09-15 01:00:00+00:00,4288.86,4329.13,40.27000000000044
2026-09-15 01:01:00+00:00,4288.05,4328.23,40.17999999999938
2026-09-15 01:02:00+00:00,4287.29,4327.53,40.23999999999978
2026-09-15 01:03:00+00:00,4287.13,4327.68,40.55000000000018
2026-09-15 01:04:00+00:00,4286.45,4326.78,40.32999999999993
2026-09-15 01:05:00+00:00,4285.29,4325.43,40.14000000000033
2026-09-15 01:06:00+00:00,4285.8,4326.13,40.32999999999993
2026-09-15 01:07:00+00:00,4286.98,4327.53,40.55000000000018
2026-09-15 01:08:00+00:00,4286.4,4326.83,40.43000000000029
2026-09-15 01:09:00+00:00,4286.67,4327.03,40.35999999999967
2026-09-15 01:10:00+00:00,4285.82,4326.08,40.26000000000022
2026-09-15 01:11:00+00:00,4284.56,4324.78,40.219999999999345
2026-09-15 01:12:00+00:00,4284.47,4324.73,40.25999999999931
2026-09-15 01:13:00+00:00,4286.0,4326.23,40.22999999999956
2026-09-15 01:14:00+00:00,4286.82,4327.28,40.460000000000036
2026-09-15 01:15:00+00:00,4287.16,4327.53,40.36999999999989
2026-09-15 01:16:00+00:00,4287.5,4328.03,40.529999999999745
2026-09-15 01:17:00+00:00,4288.33,4328.73,40.399999999999636
2026-09-15 01:18:00+00:00,4286.96,4327.43,40.470000000000255
2026-09-15 01:19:00+00:00,4285.25,4325.58,40.32999999999993
2026-09-15 01:20:00+00:00,4285.24,4325.63,40.39000000000033
2026-09-15 01:21:00+00:00,4285.52,4326.03,40.50999999999931
2026-09-15 01:22:00+00:00,4284.73,4325.13,40.400000000000546
2026-09-15 01:23:00+00:00,4285.24,4325.73,40.48999999999978
2026-09-15 01:24:00+00:00,4287.62,4328.03,40.409999999999854
2026-09-15 01:25:00+00:00,4287.91,4328.38,40.470000000000255
2026-09-15 01:26:00+00:00,4288.36,4328.73,40.36999999999989
2026-09-15 01:27:00+00:00,4286.81,4327.23,40.41999999999916
2026-09-15 01:28:00+00:00,4288.24,4328.48,40.23999999999978
2026-09-15 01:29:00+00:00,4288.26,4328.58,40.31999999999971
2026-09-15 01:30:00+00:00,4286.57,4326.93,40.36000000000058
2026-09-15 01:31:00+00:00,4286.78,4327.18,40.400000000000546
2026-09-15 01:32:00+00:00,4285.81,4326.33,40.51999999999953
2026-09-15 01:33:00+00:00,4284.56,4325.03,40.469999999999345
2026-09-15 01:34:00+00:00,4284.34,4324.93,40.590000000000146
2026-09-15 01:35:00+00:00,4284.34,4324.93,40.590000000000146
2026-09-15 01:36:00+00:00,4287.74,4328.23,40.48999999999978
2026-09-15 01:37:00+00:00,4287.25,4327.83,40.57999999999993
2026-09-15 01:38:00+00:00,4287.1,4327.73,40.6299999999992
2026-09-15 01:39:00+00:00,4290.15,4330.63,40.48000000000047
2026-09-15 01:40:00+00:00,4290.09,4330.73,40.63999999999942
2026-09-15 01:41:00+00:00,4291.7,4331.93,40.23000000000047
2026-09-15 01:42:00+00:00,4292.58,4332.88,40.30000000000018
2026-09-15 01:43:00+00:00,4293.04,4333.48,40.4399999999996
2026-09-15 01:44:00+00:00,4292.6,4333.18,40.57999999999993
2026-09-15 01:45:00+00:00,4292.98,4333.63,40.650000000000546
2026-09-15 01:46:00+00:00,4292.43,4332.83,40.399999999999636
2026-09-15 01:47:00+00:00,4292.6,4333.03,40.42999999999938
2026-09-15 01:48:00+00:00,4292.93,4333.43,40.5
2026-09-15 01:49:00+00:00,4294.37,4334.73,40.35999999999967
2026-09-15 01:50:00+00:00,4294.94,4335.48,40.539999999999964
2026-09-15 01:51:00+00:00,4293.87,4334.33,40.460000000000036
2026-09-15 01:52:00+00:00,4296.62,4336.98,40.35999999999967
2026-09-15 01:53:00+00:00,4295.88,4336.33,40.44999999999982
2026-09-15 01:54:00+00:00,4294.43,4334.83,40.399999999999636
2026-09-15 01:55:00+00:00,4293.97,4334.43,40.460000000000036
2026-09-15 01:56:00+00:00,4294.06,4334.53,40.469999999999345
2026-09-15 01:57:00+00:00,4293.82,4334.28,40.460000000000036
2026-09-15 01:58:00+00:00,4292.65,4333.08,40.43000000000029
2026-09-15 01:59:00+00:00,4293.05,4333.43,40.38000000000011
2026-09-15 02:00:00+00:00,4292.07,4332.53,40.460000000000036
2026-09-15 02:01:00+00:00,4290.76,4331.23,40.469999999999345
2026-09-15 02:02:00+00:00,4290.7,4330.83,40.13000000000011
2026-09-15 02:03:00+00:00,4293.54,4333.83,40.289999999999964
2026-09-15 02:04:00+00:00,4296.03,4336.23,40.19999999999982
2026-09-15 02:05:00+00:00,4296.98,4337.03,40.05000000000018
2026-09-15 02:06:00+00:00,4295.07,4335.43,40.36000000000058
2026-09-15 02:07:00+00:00,4297.18,4337.33,40.149999999999636
2026-09-15 02:08:00+00:00,4297.54,4337.73,40.1899999999996
2026-09-15 02:09:00+00:00,4293.9,4333.93,40.030000000000655
2026-09-15 02:10:00+00:00,4296.63,4336.63,40.0
2026-09-15 02:11:00+00:00,4297.67,4337.58,39.909999999999854
2026-09-15 02:12:00+00:00,4296.37,4336.33,39.960000000000036
2026-09-15 02:13:00+00:00,4298.7,4338.63,39.93000000000029
2026-09-15 02:14:00+00:00,4300.01,4339.83,39.81999999999971
2026-09-15 02:15:00+00:00,4300.38,4340.28,39.899999999999636
2026-09-15 02:16:00+00:00,4302.0,4341.78,39.779999999999745
2026-09-15 02:17:00+00:00,4301.48,4341.48,40.0
2026-09-15 02:18:00+00:00,4302.14,4342.03,39.88999999999942
2026-09-15 02:19:00+00:00,4304.24,4344.13,39.89000000000033
2026-09-15 02:20:00+00:00,4302.85,4342.73,39.8799999999992
2026-09-15 02:21:00+00:00,4304.37,4344.13,39.76000000000022
2026-09-15 02:22:00+00:00,4303.51,4343.33,39.81999999999971
2026-09-15 02:23:00+00:00,4302.37,4342.13,39.76000000000022
2026-09-15 02:24:00+00:00,4302.3,4342.03,39.72999999999956
2026-09-15 02:25:00+00:00,4302.01,4341.73,39.719999999999345
2026-09-15 02:26:00+00:00,4301.28,4341.13,39.850000000000364
2026-09-15 02:27:00+00:00,4301.18,4340.88,39.69999999999982
2026-09-15 02:28:00+00:00,4301.21,4340.83,39.61999999999989
2026-09-15 02:29:00+00:00,4301.79,4341.63,39.840000000000146
2026-09-15 02:30:00+00:00,4303.2,4342.83,39.63000000000011
2026-09-15 02:31:00+00:00,4304.23,4344.18,39.95000000000073
2026-09-15 02:32:00+00:00,4304.76,4344.63,39.86999999999989
2026-09-15 02:33:00+00:00,4304.88,4344.83,39.94999999999982
2026-09-15 02:34:00+00:00,4302.43,4342.38,39.94999999999982
2026-09-15 02:35:00+00:00,4300.74,4340.43,39.69000000000051
2026-09-15 02:36:00+00:00,4299.5,4339.33,39.82999999999993
2026-09-15 02:37:00+00:00,4297.68,4337.53,39.849999999999454
2026-09-15 02:38:00+00:00,4297.02,4336.83,39.80999999999949
2026-09-15 02:39:00+00:00,4297.53,4337.23,39.69999999999982
2026-09-15 02:40:00+00:00,4297.06,4336.73,39.66999999999916
2026-09-15 02:41:00+00:00,4296.53,4336.18,39.650000000000546
2026-09-15 02:42:00+00:00,4296.02,4335.68,39.659999999999854
2026-09-15 02:43:00+00:00,4298.7,4338.43,39.73000000000047
2026-09-15 02:44:00+00:00,4298.83,4338.43,39.600000000000364
2026-09-15 02:45:00+00:00,4298.33,4338.03,39.69999999999982
2026-09-15 02:46:00+00:00,4299.93,4339.43,39.5
2026-09-15 02:47:00+00:00,4300.23,4339.83,39.600000000000364
2026-09-15 02:48:00+00:00,4300.46,4340.03,39.56999999999971
2026-09-15 02:49:00+00:00,4300.29,4340.03,39.73999999999978
2026-09-15 02:50:00+00:00,4297.91,4337.38,39.470000000000255
2026-09-15 02:51:00+00:00,4296.11,4335.63,39.52000000000044
2026-09-15 02:52:00+00:00,4296.81,4336.28,39.469999999999345
2026-09-15 02:53:00+00:00,4298.63,4338.08,39.44999999999982
2026-09-15 02:54:00+00:00,4299.37,4339.03,39.659999999999854
2026-09-15 02:55:00+00:00,4302.57,4341.98,39.409999999999854
2026-09-15 02:56:00+00:00,4302.62,4342.23,39.60999999999967
2026-09-15 02:57:00+00:00,4301.25,4340.88,39.63000000000011
2026-09-15 02:58:00+00:00,4303.58,4343.33,39.75
2026-09-15 02:59:00+00:00,4304.41,4344.23,39.81999999999971
2026-09-15 03:00:00+00:00,4305.73,4345.38,39.650000000000546
2026-09-15 03:01:00+00:00,4310.69,4350.43,39.74000000000069
2026-09-15 03:02:00+00:00,4308.33,4348.28,39.94999999999982
2026-09-15 03:03:00+00:00,4306.94,4347.03,40.090000000000146
2026-09-15 03:04:00+00:00,4306.94,4346.83,39.89000000000033
2026-09-15 03:05:00+00:00,4306.38,4346.13,39.75
2026-09-15 03:06:00+00:00,4306.47,4346.38,39.909999999999854
2026-09-15 03:07:00+00:00,4308.66,4348.58,39.92000000000007
2026-09-15 03:08:00+00:00,4307.87,4347.78,39.909999999999854
2026-09-15 03:09:00+00:00,4307.64,4347.63,39.98999999999978
2026-09-15 03:10:00+00:00,4307.06,4346.98,39.91999999999916
2026-09-15 03:11:00+00:00,4305.16,4345.23,40.06999999999971
2026-09-15 03:12:00+00:00,4306.53,4346.48,39.94999999999982
2026-09-15 03:13:00+00:00,4306.83,4346.83,40.0
2026-09-15 03:14:00+00:00,4307.46,4347.33,39.86999999999989
2026-09-15 03:15:00+00:00,4307.26,4347.03,39.76999999999953
2026-09-15 03:16:00+00:00,4307.29,4347.33,40.039999999999964
2026-09-15 03:17:00+00:00,4306.13,4345.98,39.849999999999454
2026-09-15 03:18:00+00:00,4307.06,4347.03,39.969999999999345
2026-09-15 03:19:00+00:00,4306.48,4346.43,39.95000000000073
2026-09-15 03:20:00+00:00,4307.15,4347.18,40.030000000000655
2026-09-15 03:21:00+00:00,4306.2,4346.28,40.07999999999993
2026-09-15 03:22:00+00:00,4307.51,4347.58,40.06999999999971
2026-09-15 03:23:00+00:00,4308.19,4348.18,39.99000000000069
2026-09-15 03:24:00+00:00,4308.22,4348.28,40.05999999999949
2026-09-15 03:25:00+00:00,4309.09,4349.18,40.090000000000146
2026-09-15 03:26:00+00:00,4308.62,4348.93,40.3100000000004
2026-09-15 03:27:00+00:00,4309.09,4349.28,40.1899999999996
2026-09-15 03:28:00+00:00,4308.95,4349.18,40.23000000000047
2026-09-15 03:29:00+00:00,4310.11,4350.23,40.11999999999989
2026-09-15 03:30:00+00:00,4308.11,4348.43,40.32000000000062
2026-09-15 03:31:00+00:00,4310.66,4350.88,40.220000000000255
2026-09-15 03:32:00+00:00,4309.92,4350.23,40.30999999999949
2026-09-15 03:33:00+00:00,4310.85,4351.18,40.32999999999993
2026-09-15 03:34:00+00:00,4311.92,4352.18,40.26000000000022
2026-09-15 03:35:00+00:00,4311.45,4351.83,40.38000000000011
2026-09-15 03:36:00+00:00,4311.02,4351.23,40.20999999999913
2026-09-15 03:37:00+00:00,4312.76,4352.93,40.17000000000007
2026-09-15 03:38:00+00:00,4314.35,4354.63,40.279999999999745
2026-09-15 03:39:00+00:00,4315.1,4355.43,40.32999999999993
2026-09-15 03:40:00+00:00,4316.73,4357.18,40.45000000000073
2026-09-15 03:41:00+00:00,4314.31,4354.78,40.469999999999345
2026-09-15 03:42:00+00:00,4313.73,4354.03,40.30000000000018
2026-09-15 03:43:00+00:00,4312.79,4353.23,40.4399999999996
2026-09-15 03:44:00+00:00,4311.47,4351.88,40.409999999999854
2026-09-15 03:45:00+00:00,4312.33,4352.73,40.399999999999636
2026-09-15 03:46:00+00:00,4314.2,4354.68,40.48000000000047
2026-09-15 03:47:00+00:00,4313.52,4353.88,40.35999999999967
2026-09-15 03:48:00+00:00,4315.24,4355.68,40.44000000000051
2026-09-15 03:49:00+00:00,4316.75,4357.23,40.47999999999956
2026-09-15 03:50:00+00:00,4315.36,4355.68,40.32000000000062
2026-09-15 03:51:00+00:00,4313.78,4354.33,40.55000000000018
2026-09-15 03:52:00+00:00,4314.6,4355.18,40.57999999999993
2026-09-15 03:53:00+00:00,4313.43,4353.83,40.399999999999636
2026-09-15 03:54:00+00:00,4312.19,4352.73,40.539999999999964
2026-09-15 03:55:00+00:00,4312.65,4353.13,40.48000000000047
2026-09-15 03:56:00+00:00,4313.46,4353.78,40.31999999999971
2026-09-15 03:57:00+00:00,4313.49,4353.98,40.48999999999978
2026-09-15 03:58:00+00:00,4312.85,4353.43,40.57999999999993
2026-09-15 03:59:00+00:00,4314.14,4354.73,40.589999999999236
2026-09-15 04:00:00+00:00,4312.46,4352.88,40.42000000000007
2026-09-15 04:01:00+00:00,4310.67,4351.08,40.409999999999854
2026-09-15 04:02:00+00:00,4311.69,4352.13,40.44000000000051
2026-09-15 04:03:00+00:00,4311.98,4352.43,40.45000000000073
2026-09-15 04:04:00+00:00,4312.55,4352.93,40.38000000000011
2026-09-15 04:05:00+00:00,4312.73,4353.08,40.350000000000364
2026-09-15 04:06:00+00:00,4312.74,4353.13,40.39000000000033
2026-09-15 04:07:00+00:00,4312.98,4353.43,40.45000000000073
2026-09-15 04:08:00+00:00,4313.76,4354.08,40.31999999999971
2026-09-15 04:09:00+00:00,4313.85,4354.23,40.3799999999992
2026-09-15 04:10:00+00:00,4312.6,4352.83,40.22999999999956
2026-09-15 04:11:00+00:00,4311.79,4351.98,40.1899999999996
2026-09-15 04:12:00+00:00,4311.72,4352.03,40.30999999999949
2026-09-15 04:13:00+00:00,4311.33,4351.63,40.30000000000018
2026-09-15 04:14:00+00:00,4311.04,4351.28,40.23999999999978
2026-09-15 04:15:00+00:00,4312.25,4352.63,40.38000000000011
2026-09-15 04:16:00+00:00,4311.19,4351.33,40.14000000000033
2026-09-15 04:17:00+00:00,4310.97,4351.38,40.409999999999854
2026-09-15 04:18:00+00:00,4311.69,4351.98,40.289999999999964
2026-09-15 04:19:00+00:00,4311.84,4352.13,40.289999999999964
2026-09-15 04:20:00+00:00,4311.69,4352.03,40.340000000000146
2026-09-15 04:21:00+00:00,4312.52,4352.68,40.159999999999854
2026-09-15 04:22:00+00:00,4313.71,4354.08,40.36999999999989
2026-09-15 04:23:00+00:00,4313.1,4353.48,40.3799999999992
2026-09-15 04:24:00+00:00,4310.76,4351.23,40.469999999999345
2026-09-15 04:25:00+00:00,4310.55,4350.88,40.32999999999993
2026-09-15 04:26:00+00:00,4310.53,4350.98,40.44999999999982
2026-09-15 04:27:00+00:00,4311.43,4351.98,40.54999999999927
2026-09-15 04:28:00+00:00,4311.05,4351.58,40.529999999999745
2026-09-15 04:29:00+00:00,4310.74,4351.38,40.64000000000033
2026-09-15 04:30:00+00:00,4312.51,4353.18,40.67000000000007
2026-09-15 04:31:00+00:00,4311.27,4351.78,40.50999999999931
2026-09-15 04:32:00+00:00,4311.4,4351.93,40.530000000000655
2026-09-15 04:33:00+00:00,4311.76,4352.38,40.61999999999989
2026-09-15 04:34:00+00:00,4312.94,4353.33,40.39000000000033
2026-09-15 04:35:00+00:00,4312.87,4353.43,40.5600000000004
2026-09-15 04:36:00+00:00,4311.79,4352.48,40.6899999999996
2026-09-15 04:37:00+00:00,4310.61,4351.33,40.720000000000255
2026-09-15 04:38:00+00:00,4309.97,4350.63,40.659999999999854
2026-09-15 04:39:00+00:00,4309.16,4349.68,40.52000000000044
2026-09-15 04:40:00+00:00,4309.85,4350.23,40.3799999999992
2026-09-15 04:41:00+00:00,4309.09,4349.63,40.539999999999964
2026-09-15 04:42:00+00:00,4308.8,4349.33,40.529999999999745
2026-09-15 04:43:00+00:00,4308.3,4348.68,40.38000000000011
2026-09-15 04:44:00+00:00,4308.47,4349.08,40.60999999999967
2026-09-15 04:45:00+00:00,4308.86,4349.23,40.36999999999989
2026-09-15 04:46:00+00:00,4309.57,4350.08,40.51000000000022
2026-09-15 04:47:00+00:00,4309.16,4349.53,40.36999999999989
2026-09-15 04:48:00+00:00,4306.59,4346.93,40.340000000000146
2026-09-15 04:49:00+00:00,4305.62,4346.13,40.51000000000022
2026-09-15 04:50:00+00:00,4305.46,4345.73,40.26999999999953
2026-09-15 04:51:00+00:00,4304.64,4345.18,40.539999999999964
2026-09-15 04:52:00+00:00,4304.1,4344.53,40.42999999999938
2026-09-15 04:53:00+00:00,4304.24,4344.73,40.48999999999978
2026-09-15 04:54:00+00:00,4304.25,4344.73,40.47999999999956
2026-09-15 04:55:00+00:00,4304.15,4344.48,40.32999999999993
2026-09-15 04:56:00+00:00,4304.1,4344.38,40.279999999999745
2026-09-15 04:57:00+00:00,4303.93,4344.18,40.25
2026-09-15 04:58:00+00:00,4304.72,4345.03,40.30999999999949
2026-09-15 04:59:00+00:00,4303.71,4343.98,40.26999999999953
2026-09-15 05:00:00+00:00,4303.04,4343.48,40.4399999999996
2026-09-15 05:01:00+00:00,4302.89,4343.33,40.4399999999996
2026-09-15 05:02:00+00:00,4302.52,4343.08,40.55999999999949
2026-09-15 05:03:00+00:00,4302.65,4343.18,40.530000000000655
2026-09-15 05:04:00+00:00,4303.19,4343.68,40.49000000000069
2026-09-15 05:05:00+00:00,4303.97,4344.63,40.659999999999854
2026-09-15 05:06:00+00:00,4303.4,4343.88,40.48000000000047
2026-09-15 05:07:00+00:00,4303.57,4344.03,40.460000000000036
2026-09-15 05:08:00+00:00,4305.58,4346.08,40.5
2026-09-15 05:09:00+00:00,4305.66,4346.28,40.61999999999989
2026-09-15 05:10:00+00:00,4306.49,4346.98,40.48999999999978
2026-09-15 05:11:00+00:00,4304.92,4345.28,40.35999999999967
2026-09-15 05:12:00+00:00,4307.15,4347.63,40.48000000000047
2026-09-15 05:13:00+00:00,4309.07,4349.58,40.51000000000022
2026-09-15 05:14:00+00:00,4307.14,4347.98,40.839999999999236
2026-09-15 05:15:00+00:00,4308.08,4348.68,40.600000000000364
2026-09-15 05:16:00+00:00,4306.44,4347.08,40.64000000000033
2026-09-15 05:17:00+00:00,4305.96,4346.58,40.61999999999989
2026-09-15 05:18:00+00:00,4304.63,4345.18,40.55000000000018
2026-09-15 05:19:00+00:00,4304.09,4344.68,40.590000000000146
2026-09-15 05:20:00+00:00,4304.63,4345.28,40.649999999999636
2026-09-15 05:21:00+00:00,4303.92,4344.48,40.55999999999949
2026-09-15 05:22:00+00:00,4303.37,4343.93,40.5600000000004
2026-09-15 05:23:00+00:00,4303.17,4343.68,40.51000000000022
2026-09-15 05:24:00+00:00,4303.17,4343.53,40.35999999999967
2026-09-15 05:25:00+00:00,4303.29,4343.53,40.23999999999978
2026-09-15 05:26:00+00:00,4303.25,4343.58,40.32999999999993
2026-09-15 05:27:00+00:00,4303.45,4343.83,40.38000000000011
2026-09-15 05:28:00+00:00,4303.75,4343.98,40.22999999999956
2026-09-15 05:29:00+00:00,4303.72,4344.03,40.30999999999949
2026-09-15 05:30:00+00:00,4303.78,4343.98,40.19999999999982
2026-09-15 05:31:00+00:00,4303.36,4343.63,40.27000000000044
2026-09-15 05:32:00+00:00,4303.3,4343.78,40.47999999999956
2026-09-15 05:33:00+00:00,4303.03,4343.58,40.55000000000018
2026-09-15 05:34:00+00:00,4302.87,4343.28,40.409999999999854
2026-09-15 05:35:00+00:00,4302.83,4343.28,40.44999999999982
2026-09-15 05:36:00+00:00,4301.55,4341.98,40.42999999999938
2026-09-15 05:37:00+00:00,4301.11,4341.48,40.36999999999989
2026-09-15 05:38:00+00:00,4302.23,4342.78,40.55000000000018
2026-09-15 05:39:00+00:00,4304.71,4344.98,40.26999999999953
2026-09-15 05:40:00+00:00,4304.88,4344.93,40.05000000000018
2026-09-15 05:41:00+00:00,4305.96,4346.08,40.11999999999989
2026-09-15 05:42:00+00:00,4305.63,4345.88,40.25
2026-09-15 05:43:00+00:00,4305.11,4345.38,40.27000000000044
2026-09-15 05:44:00+00:00,4304.98,4345.13,40.150000000000546
2026-09-15 05:45:00+00:00,4304.78,4344.88,40.100000000000364
2026-09-15 05:46:00+00:00,4304.95,4345.08,40.13000000000011
2026-09-15 05:47:00+00:00,4306.07,4346.08,40.01000000000022
2026-09-15 05:48:00+00:00,4306.21,4346.13,39.92000000000007
2026-09-15 05:49:00+00:00,4305.57,4345.53,39.960000000000036
2026-09-15 05:50:00+00:00,4306.11,4345.83,39.720000000000255
2026-09-15 05:51:00+00:00,4305.28,4345.13,39.850000000000364
2026-09-15 05:52:00+00:00,4304.93,4344.93,40.0
2026-09-15 05:53:00+00:00,4304.79,4344.83,40.039999999999964
2026-09-15 05:54:00+00:00,4305.6,4345.73,40.1299999999992
2026-09-15 05:55:00+00:00,4306.38,4346.43,40.05000000000018
2026-09-15 05:56:00+00:00,4306.34,4346.28,39.9399999999996
2026-09-15 05:57:00+00:00,4307.02,4347.03,40.00999999999931
2026-09-15 05:58:00+00:00,4306.17,4346.13,39.960000000000036
2026-09-15 05:59:00+00:00,4304.92,4344.88,39.960000000000036
2026-09-15 06:00:00+00:00,4306.18,4346.23,40.04999999999927
2026-09-15 06:01:00+00:00,4306.26,4346.33,40.06999999999971
2026-09-15 06:02:00+00:00,4307.24,4347.28,40.039999999999964
2026-09-15 06:03:00+00:00,4304.32,4344.28,39.960000000000036
2026-09-15 06:04:00+00:00,4302.83,4342.73,39.899999999999636
2026-09-15 06:05:00+00:00,4303.03,4342.98,39.94999999999982
2026-09-15 06:06:00+00:00,4302.48,4342.43,39.95000000000073
2026-09-15 06:07:00+00:00,4301.68,4341.68,40.0
2026-09-15 06:08:00+00:00,4302.1,4341.93,39.82999999999993
2026-09-15 06:09:00+00:00,4302.24,4341.98,39.73999999999978
2026-09-15 06:10:00+00:00,4302.3,4342.03,39.72999999999956
2026-09-15 06:11:00+00:00,4301.11,4340.83,39.720000000000255
2026-09-15 06:12:00+00:00,4300.87,4340.63,39.76000000000022
2026-09-15 06:13:00+00:00,4300.89,4340.63,39.73999999999978
2026-09-15 06:14:00+00:00,4301.77,4341.43,39.659999999999854
2026-09-15 06:15:00+00:00,4299.7,4339.43,39.73000000000047
2026-09-15 06:16:00+00:00,4299.2,4338.98,39.779999999999745
2026-09-15 06:17:00+00:00,4299.06,4338.68,39.61999999999989
2026-09-15 06:18:00+00:00,4299.96,4339.73,39.76999999999953
2026-09-15 06:19:00+00:00,4300.24,4340.03,39.789999999999964
2026-09-15 06:20:00+00:00,4299.96,4339.73,39.76999999999953
2026-09-15 06:21:00+00:00,4297.85,4337.63,39.779999999999745
2026-09-15 06:22:00+00:00,4297.92,4337.73,39.80999999999949
2026-09-15 06:23:00+00:00,4297.84,4337.73,39.88999999999942
2026-09-15 06:24:00+00:00,4297.61,4337.58,39.970000000000255
2026-09-15 06:25:00+00:00,4297.08,4336.78,39.69999999999982
2026-09-15 06:26:00+00:00,4297.06,4336.73,39.66999999999916
2026-09-15 06:27:00+00:00,4296.99,4336.98,39.98999999999978
2026-09-15 06:28:00+00:00,4298.28,4338.13,39.850000000000364
2026-09-15 06:29:00+00:00,4297.42,4337.13,39.710000000000036
2026-09-15 06:30:00+00:00,4296.43,4336.23,39.79999999999927
2026-09-15 06:31:00+00:00,4296.49,4336.23,39.73999999999978
2026-09-15 06:32:00+00:00,4294.57,4334.43,39.86000000000058
2026-09-15 06:33:00+00:00,4294.45,4334.38,39.93000000000029
2026-09-15 06:34:00+00:00,4292.86,4332.63,39.77000000000044
2026-09-15 06:35:00+00:00,4293.27,4333.03,39.75999999999931
2026-09-15 06:36:00+00:00,4294.06,4333.93,39.86999999999989
2026-09-15 06:37:00+00:00,4292.42,4332.23,39.80999999999949
2026-09-15 06:38:00+00:00,4292.68,4332.63,39.94999999999982
2026-09-15 06:39:00+00:00,4294.02,4334.13,40.10999999999967
2026-09-15 06:40:00+00:00,4295.94,4336.13,40.19000000000051
2026-09-15 06:41:00+00:00,4295.93,4335.88,39.94999999999982
2026-09-15 06:42:00+00:00,4296.04,4336.08,40.039999999999964
2026-09-15 06:43:00+00:00,4295.08,4335.13,40.05000000000018
2026-09-15 06:44:00+00:00,4296.48,4336.33,39.850000000000364
2026-09-15 06:45:00+00:00,4299.04,4338.98,39.9399999999996
2026-09-15 06:46:00+00:00,4297.92,4337.93,40.01000000000022
2026-09-15 06:47:00+00:00,4297.05,4336.98,39.92999999999938
2026-09-15 06:48:00+00:00,4297.32,4337.43,40.11000000000058
2026-09-15 06:49:00+00:00,4294.98,4334.83,39.850000000000364
2026-09-15 06:50:00+00:00,4296.09,4336.08,39.98999999999978
2026-09-15 06:51:00+00:00,4296.88,4336.83,39.94999999999982
2026-09-15 06:52:00+00:00,4298.18,4338.33,40.149999999999636
2026-09-15 06:53:00+00:00,4296.08,4336.08,40.0
2026-09-15 06:54:00+00:00,4295.2,4335.23,40.029999999999745
2026-09-15 06:55:00+00:00,4293.53,4333.73,40.19999999999982
2026-09-15 06:56:00+00:00,4292.36,4332.43,40.07000000000062
2026-09-15 06:57:00+00:00,4292.35,4332.38,40.029999999999745
2026-09-15 06:58:00+00:00,4291.33,4331.43,40.100000000000364
2026-09-15 06:59:00+00:00,4291.17,4331.13,39.960000000000036
2026-09-15 07:00:00+00:00,4292.33,4332.33,40.0
2026-09-15 07:01:00+00:00,4292.81,4332.83,40.01999999999953
2026-09-15 07:02:00+00:00,4292.35,4332.48,40.1299999999992
2026-09-15 07:03:00+00:00,4292.23,4332.03,39.80000000000018
2026-09-15 07:04:00+00:00,4291.77,4331.83,40.05999999999949
2026-09-15 07:05:00+00:00,4288.38,4328.58,40.19999999999982
2026-09-15 07:06:00+00:00,4287.76,4327.63,39.86999999999989
2026-09-15 07:07:00+00:00,4287.41,4327.38,39.970000000000255
2026-09-15 07:08:00+00:00,4289.0,4329.13,40.13000000000011
2026-09-15 07:09:00+00:00,4288.8,4328.88,40.07999999999993
2026-09-15 07:10:00+00:00,4288.02,4328.23,40.20999999999913
2026-09-15 07:11:00+00:00,4286.44,4326.23,39.789999999999964
2026-09-15 07:12:00+00:00,4287.17,4327.28,40.10999999999967
2026-09-15 07:13:00+00:00,4290.09,4330.13,40.039999999999964
2026-09-15 07:14:00+00:00,4289.96,4329.98,40.01999999999953
2026-09-15 07:15:00+00:00,4289.89,4329.98,40.089999999999236
2026-09-15 07:16:00+00:00,4290.73,4330.63,39.900000000000546
2026-09-15 07:17:00+00:00,4292.0,4332.03,40.029999999999745
2026-09-15 07:18:00+00:00,4290.66,4330.73,40.06999999999971
2026-09-15 07:19:00+00:00,4289.95,4330.13,40.18000000000029
2026-09-15 07:20:00+00:00,4288.9,4328.93,40.030000000000655
2026-09-15 07:21:00+00:00,4289.6,4329.63,40.029999999999745
2026-09-15 07:22:00+00:00,4290.35,4330.18,39.82999999999993
2026-09-15 07:23:00+00:00,4290.09,4329.88,39.789999999999964
2026-09-15 07:24:00+00:00,4290.11,4329.73,39.61999999999989
2026-09-15 07:25:00+00:00,4288.02,4327.88,39.85999999999967
2026-09-15 07:26:00+00:00,4288.37,4328.38,40.01000000000022
2026-09-15 07:27:00+00:00,4287.66,4327.78,40.11999999999989
2026-09-15 07:28:00+00:00,4289.31,4329.28,39.969999999999345
2026-09-15 07:29:00+00:00,4289.58,4329.53,39.94999999999982
2026-09-15 07:30:00+00:00,4288.06,4327.98,39.91999999999916
2026-09-15 07:31:00+00:00,4287.65,4327.53,39.88000000000011
2026-09-15 07:32:00+00:00,4287.01,4326.83,39.81999999999971
2026-09-15 07:33:00+00:00,4287.13,4326.88,39.75
2026-09-15 07:34:00+00:00,4287.07,4326.93,39.86000000000058
2026-09-15 07:35:00+00:00,4288.02,4327.98,39.95999999999913
2026-09-15 07:36:00+00:00,4288.12,4327.88,39.76000000000022
2026-09-15 07:37:00+00:00,4288.58,4328.48,39.899999999999636
2026-09-15 07:38:00+00:00,4289.79,4329.58,39.789999999999964
2026-09-15 07:39:00+00:00,4291.19,4330.98,39.789999999999964
2026-09-15 07:40:00+00:00,4290.1,4329.88,39.779999999999745
2026-09-15 07:41:00+00:00,4290.3,4330.08,39.779999999999745
2026-09-15 07:42:00+00:00,4288.99,4328.88,39.89000000000033
2026-09-15 07:43:00+00:00,4290.38,4330.13,39.75
2026-09-15 07:44:00+00:00,4290.9,4330.78,39.88000000000011
2026-09-15 07:45:00+00:00,4292.12,4332.03,39.909999999999854
2026-09-15 07:46:00+00:00,4291.13,4331.18,40.05000000000018
2026-09-15 07:47:00+00:00,4291.75,4331.58,39.82999999999993
2026-09-15 07:48:00+00:00,4292.44,4332.33,39.89000000000033
2026-09-15 07:49:00+00:00,4292.68,4332.43,39.75
2026-09-15 07:50:00+00:00,4293.06,4332.93,39.86999999999989
2026-09-15 07:51:00+00:00,4293.24,4333.33,40.090000000000146
2026-09-15 07:52:00+00:00,4292.86,4332.58,39.720000000000255
2026-09-15 07:53:00+00:00,4293.0,4332.78,39.779999999999745
2026-09-15 07:54:00+00:00,4293.03,4332.73,39.69999999999982
2026-09-15 07:55:00+00:00,4292.93,4332.73,39.79999999999927
2026-09-15 07:56:00+00:00,4294.27,4334.03,39.75999999999931
2026-09-15 07:57:00+00:00,4295.25,4335.03,39.779999999999745
2026-09-15 07:58:00+00:00,4293.71,4333.68,39.970000000000255
2026-09-15 07:59:00+00:00,4293.44,4333.43,39.99000000000069
2026-09-15 08:00:00+00:00,4294.49,4334.63,40.14000000000033
2026-09-15 08:01:00+00:00,4292.36,4332.23,39.86999999999989
2026-09-15 08:02:00+00:00,4290.97,4330.93,39.960000000000036
2026-09-15 08:03:00+00:00,4291.98,4331.83,39.850000000000364
2026-09-15 08:04:00+00:00,4291.68,4331.53,39.849999999999454
2026-09-15 08:05:00+00:00,4289.54,4329.58,40.039999999999964
2026-09-15 08:06:00+00:00,4290.58,4330.68,40.100000000000364
2026-09-15 08:07:00+00:00,4290.26,4330.28,40.01999999999953
2026-09-15 08:08:00+00:00,4290.42,4330.38,39.960000000000036
2026-09-15 08:09:00+00:00,4290.86,4330.83,39.970000000000255
2026-09-15 08:10:00+00:00,4289.54,4329.53,39.98999999999978
2026-09-15 08:11:00+00:00,4288.03,4327.88,39.850000000000364
2026-09-15 08:12:00+00:00,4287.12,4327.13,40.01000000000022
2026-09-15 08:13:00+00:00,4287.51,4327.33,39.81999999999971
2026-09-15 08:14:00+00:00,4288.19,4328.23,40.039999999999964
2026-09-15 08:15:00+00:00,4288.81,4328.78,39.969999999999345
2026-09-15 08:16:00+00:00,4291.41,4331.63,40.220000000000255
2026-09-15 08:17:00+00:00,4290.62,4330.73,40.10999999999967
2026-09-15 08:18:00+00:00,4290.44,4330.43,39.99000000000069
2026-09-15 08:19:00+00:00,4291.67,4331.68,40.01000000000022
2026-09-15 08:20:00+00:00,4289.89,4329.88,39.98999999999978
2026-09-15 08:21:00+00:00,4289.48,4329.53,40.05000000000018
2026-09-15 08:22:00+00:00,4288.97,4328.83,39.85999999999967
2026-09-15 08:23:00+00:00,4288.55,4328.63,40.07999999999993
2026-09-15 08:24:00+00:00,4288.91,4328.98,40.06999999999971
2026-09-15 08:25:00+00:00,4287.97,4327.98,40.00999999999931
2026-09-15 08:26:00+00:00,4288.11,4328.13,40.02000000000044
2026-09-15 08:27:00+00:00,4290.05,4330.18,40.13000000000011
2026-09-15 08:28:00+00:00,4290.41,4330.58,40.17000000000007
2026-09-15 08:29:00+00:00,4291.94,4332.23,40.289999999999964
2026-09-15 08:30:00+00:00,4291.27,4331.38,40.10999999999967
2026-09-15 08:31:00+00:00,4292.43,4332.58,40.149999999999636
2026-09-15 08:32:00+00:00,4290.76,4330.88,40.11999999999989
2026-09-15 08:33:00+00:00,4291.07,4331.23,40.159999999999854
2026-09-15 08:34:00+00:00,4290.51,4330.58,40.06999999999971
2026-09-15 08:35:00+00:00,4289.0,4329.08,40.07999999999993
2026-09-15 08:36:00+00:00,4287.14,4327.28,40.13999999999942
2026-09-15 08:37:00+00:00,4285.72,4325.73,40.00999999999931
2026-09-15 08:38:00+00:00,4285.67,4325.73,40.05999999999949
2026-09-15 08:39:00+00:00,4285.81,4325.78,39.969999999999345
2026-09-15 08:40:00+00:00,4284.56,4324.48,39.91999999999916
2026-09-15 08:41:00+00:00,4282.75,4322.63,39.88000000000011
2026-09-15 08:42:00+00:00,4281.79,4321.83,40.039999999999964
2026-09-15 08:43:00+00:00,4282.71,4322.78,40.06999999999971
2026-09-15 08:44:00+00:00,4284.16,4324.08,39.92000000000007
2026-09-15 08:45:00+00:00,4286.8,4327.13,40.32999999999993
2026-09-15 08:46:00+00:00,4286.91,4327.43,40.52000000000044
2026-09-15 08:47:00+00:00,4286.31,4326.73,40.41999999999916
2026-09-15 08:48:00+00:00,4285.93,4326.43,40.5
2026-09-15 08:49:00+00:00,4284.95,4325.28,40.32999999999993
2026-09-15 08:50:00+00:00,4282.38,4322.73,40.349999999999454
2026-09-15 08:51:00+00:00,4280.31,4320.38,40.06999999999971
2026-09-15 08:52:00+00:00,4277.67,4318.08,40.409999999999854
2026-09-15 08:53:00+00:00,4277.29,4317.73,40.4399999999996
2026-09-15 08:54:00+00:00,4277.74,4318.03,40.289999999999964
2026-09-15 08:55:00+00:00,4278.12,4318.43,40.3100000000004
2026-09-15 08:56:00+00:00,4278.46,4318.63,40.17000000000007
2026-09-15 08:57:00+00:00,4278.42,4318.63,40.210000000000036
2026-09-15 08:58:00+00:00,4278.86,4320.13,41.27000000000044
2026-09-15 08:59:00+00:00,4280.71,4320.63,39.92000000000007
2026-09-15 09:00:00+00:00,4274.99,4315.33,40.340000000000146
2026-09-15 09:01:00+00:00,4273.61,4313.53,39.92000000000007
2026-09-15 09:02:00+00:00,4271.27,4311.28,40.00999999999931
2026-09-15 09:03:00+00:00,4269.47,4309.68,40.210000000000036
2026-09-15 09:04:00+00:00,4267.01,4307.13,40.11999999999989
2026-09-15 09:05:00+00:00,4268.5,4308.48,39.97999999999956
2026-09-15 09:06:00+00:00,4267.15,4307.83,40.68000000000029
2026-09-15 09:07:00+00:00,4267.51,4307.48,39.969999999999345
2026-09-15 09:08:00+00:00,4264.59,4304.63,40.039999999999964
2026-09-15 09:09:00+00:00,4264.77,4305.33,40.55999999999949
2026-09-15 09:10:00+00:00,4264.15,4304.43,40.280000000000655
2026-09-15 09:11:00+00:00,4264.61,4304.83,40.220000000000255
2026-09-15 09:12:00+00:00,4265.51,4305.78,40.26999999999953
2026-09-15 09:13:00+00:00,4267.16,4307.63,40.470000000000255
2026-09-15 09:14:00+00:00,4267.95,4308.33,40.38000000000011
2026-09-15 09:15:00+00:00,4269.92,4310.28,40.35999999999967
2026-09-15 09:16:00+00:00,4270.97,4311.38,40.409999999999854
2026-09-15 09:17:00+00:00,4270.9,4311.28,40.38000000000011
2026-09-15 09:18:00+00:00,4273.02,4313.73,40.70999999999913
2026-09-15 09:19:00+00:00,4273.84,4314.08,40.23999999999978
2026-09-15 09:20:00+00:00,4272.98,4313.38,40.400000000000546
2026-09-15 09:21:00+00:00,4273.27,4313.73,40.45999999999913
2026-09-15 09:22:00+00:00,4274.32,4314.78,40.460000000000036
2026-09-15 09:23:00+00:00,4272.94,4313.33,40.39000000000033
2026-09-15 09:24:00+00:00,4271.48,4311.93,40.45000000000073
2026-09-15 09:25:00+00:00,4271.39,4311.88,40.48999999999978
2026-09-15 09:26:00+00:00,4271.82,4312.33,40.51000000000022
2026-09-15 09:27:00+00:00,4272.32,4312.73,40.409999999999854
2026-09-15 09:28:00+00:00,4273.36,4313.63,40.27000000000044
2026-09-15 09:29:00+00:00,4273.3,4313.73,40.42999999999938
2026-09-15 09:30:00+00:00,4274.03,4314.43,40.400000000000546
2026-09-15 09:31:00+00:00,4273.49,4313.93,40.44000000000051
2026-09-15 09:32:00+00:00,4273.73,4314.08,40.350000000000364
2026-09-15 09:33:00+00:00,4274.48,4314.83,40.350000000000364
2026-09-15 09:34:00+00:00,4273.13,4313.53,40.399999999999636
2026-09-15 09:35:00+00:00,4274.2,4314.68,40.48000000000047
2026-09-15 09:36:00+00:00,4272.67,4312.93,40.26000000000022
2026-09-15 09:37:00+00:00,4271.73,4312.23,40.5
2026-09-15 09:38:00+00:00,4270.81,4311.13,40.31999999999971
2026-09-15 09:39:00+00:00,4270.87,4311.28,40.409999999999854
2026-09-15 09:40:00+00:00,4270.21,4310.63,40.42000000000007
2026-09-15 09:41:00+00:00,4269.61,4309.93,40.32000000000062
2026-09-15 09:42:00+00:00,4270.0,4310.43,40.43000000000029
2026-09-15 09:43:00+00:00,4268.65,4309.18,40.530000000000655
2026-09-15 09:44:00+00:00,4267.61,4308.03,40.42000000000007
2026-09-15 09:45:00+00:00,4268.66,4309.03,40.36999999999989
2026-09-15 09:46:00+00:00,4268.65,4309.13,40.48000000000047
2026-09-15 09:47:00+00:00,4268.55,4309.03,40.47999999999956
2026-09-15 09:48:00+00:00,4266.79,4307.18,40.39000000000033
2026-09-15 09:49:00+00:00,4266.61,4306.93,40.32000000000062
2026-09-15 09:50:00+00:00,4266.91,4307.33,40.42000000000007
2026-09-15 09:51:00+00:00,4266.69,4307.08,40.39000000000033
2026-09-15 09:52:00+00:00,4266.9,4307.23,40.32999999999993
2026-09-15 09:53:00+00:00,4266.81,4307.13,40.31999999999971
2026-09-15 09:54:00+00:00,4267.43,4307.68,40.25
2026-09-15 09:55:00+00:00,4266.49,4307.03,40.539999999999964
2026-09-15 09:56:00+00:00,4267.32,4307.73,40.409999999999854
2026-09-15 09:57:00+00:00,4267.19,4307.53,40.340000000000146
2026-09-15 09:58:00+00:00,4262.3,4302.53,40.22999999999956
2026-09-15 09:59:00+00:00,4262.64,4302.88,40.23999999999978
2026-09-15 10:00:00+00:00,4262.58,4302.83,40.25
2026-09-15 10:01:00+00:00,4263.33,4303.63,40.30000000000018
2026-09-15 10:02:00+00:00,4262.31,4302.78,40.469999999999345
2026-09-15 10:03:00+00:00,4263.68,4304.13,40.44999999999982
2026-09-15 10:04:00+00:00,4265.92,4306.48,40.55999999999949
2026-09-15 10:05:00+00:00,4266.6,4306.98,40.3799999999992
2026-09-15 10:06:00+00:00,4265.98,4306.28,40.30000000000018
2026-09-15 10:07:00+00:00,4265.05,4305.38,40.32999999999993
2026-09-15 10:08:00+00:00,4265.54,4305.78,40.23999999999978
2026-09-15 10:09:00+00:00,4265.73,4305.93,40.20000000000073
2026-09-15 10:10:00+00:00,4263.62,4303.78,40.159999999999854
2026-09-15 10:11:00+00:00,4265.76,4305.88,40.11999999999989
2026-09-15 10:12:00+00:00,4265.62,4305.63,40.01000000000022
2026-09-15 10:13:00+00:00,4264.43,4304.33,39.899999999999636
2026-09-15 10:14:00+00:00,4265.8,4305.63,39.82999999999993
2026-09-15 10:15:00+00:00,4266.55,4306.33,39.779999999999745
2026-09-15 10:16:00+00:00,4266.53,4306.33,39.80000000000018
2026-09-15 10:17:00+00:00,4264.04,4303.78,39.73999999999978
2026-09-15 10:18:00+00:00,4262.48,4302.23,39.75
2026-09-15 10:19:00+00:00,4262.8,4302.48,39.67999999999938
2026-09-15 10:20:00+00:00,4263.03,4302.73,39.69999999999982
2026-09-15 10:21:00+00:00,4262.98,4302.73,39.75
2026-09-15 10:22:00+00:00,4264.21,4304.08,39.86999999999989
2026-09-15 10:23:00+00:00,4264.74,4304.53,39.789999999999964
2026-09-15 10:24:00+00:00,4264.96,4304.78,39.81999999999971
2026-09-15 10:25:00+00:00,4264.26,4304.03,39.76999999999953
2026-09-15 10:26:00+00:00,4263.58,4303.33,39.75
2026-09-15 10:27:00+00:00,4267.9,4307.48,39.57999999999993
2026-09-15 10:28:00+00:00,4267.2,4306.83,39.63000000000011
2026-09-15 10:29:00+00:00,4266.95,4306.83,39.88000000000011
2026-09-15 10:30:00+00:00,4266.7,4306.48,39.779999999999745
2026-09-15 10:31:00+00:00,4266.84,4306.73,39.88999999999942
2026-09-15 10:32:00+00:00,4266.23,4306.03,39.80000000000018
2026-09-15 10:33:00+00:00,4265.19,4305.08,39.89000000000033
2026-09-15 10:34:00+00:00,4266.77,4306.63,39.85999999999967
2026-09-15 10:35:00+00:00,4267.43,4307.23,39.79999999999927
2026-09-15 10:36:00+00:00,4266.06,4305.73,39.66999999999916
2026-09-15 10:37:00+00:00,4269.0,4309.03,40.029999999999745
2026-09-15 10:38:00+00:00,4268.49,4308.48,39.98999999999978
2026-09-15 10:39:00+00:00,4268.85,4308.78,39.92999999999938
2026-09-15 10:40:00+00:00,4268.21,4308.23,40.01999999999953
2026-09-15 10:41:00+00:00,4270.53,4310.58,40.05000000000018
2026-09-15 10:42:00+00:00,4271.81,4311.88,40.06999999999971
2026-09-15 10:43:00+00:00,4270.58,4310.48,39.899999999999636
2026-09-15 10:44:00+00:00,4269.55,4309.48,39.92999999999938
2026-09-15 10:45:00+00:00,4269.56,4309.33,39.76999999999953
2026-09-15 10:46:00+00:00,4269.38,4309.23,39.849999999999454
2026-09-15 10:47:00+00:00,4270.08,4310.03,39.94999999999982
2026-09-15 10:48:00+00:00,4271.82,4311.73,39.909999999999854
2026-09-15 10:49:00+00:00,4270.57,4310.48,39.909999999999854
2026-09-15 10:50:00+00:00,4270.6,4310.58,39.97999999999956
2026-09-15 10:51:00+00:00,4270.15,4309.88,39.73000000000047
2026-09-15 10:52:00+00:00,4270.67,4310.58,39.909999999999854
2026-09-15 10:53:00+00:00,4268.89,4308.78,39.88999999999942
2026-09-15 10:54:00+00:00,4270.62,4310.58,39.960000000000036
2026-09-15 10:55:00+00:00,4270.14,4310.13,39.98999999999978
2026-09-15 10:56:00+00:00,4269.68,4309.63,39.94999999999982
2026-09-15 10:57:00+00:00,4268.49,4308.48,39.98999999999978
2026-09-15 10:58:00+00:00,4268.24,4308.23,39.98999999999978
2026-09-15 10:59:00+00:00,4268.39,4308.43,40.039999999999964
2026-09-15 11:00:00+00:00,4269.76,4309.98,40.219999999999345
2026-09-15 11:01:00+00:00,4270.08,4310.43,40.350000000000364
2026-09-15 11:02:00+00:00,4271.33,4311.53,40.19999999999982
2026-09-15 11:03:00+00:00,4273.27,4313.53,40.25999999999931
2026-09-15 11:04:00+00:00,4271.56,4311.68,40.11999999999989
2026-09-15 11:05:00+00:00,4272.94,4313.08,40.14000000000033
2026-09-15 11:06:00+00:00,4274.34,4314.73,40.38999999999942
2026-09-15 11:07:00+00:00,4273.73,4314.13,40.400000000000546
2026-09-15 11:08:00+00:00,4274.36,4314.63,40.27000000000044
2026-09-15 11:09:00+00:00,4274.15,4314.33,40.18000000000029
2026-09-15 11:10:00+00:00,4274.33,4314.73,40.399999999999636
2026-09-15 11:11:00+00:00,4273.83,4314.08,40.25
2026-09-15 11:12:00+00:00,4273.62,4313.88,40.26000000000022
2026-09-15 11:13:00+00:00,4272.69,4312.98,40.289999999999964
2026-09-15 11:14:00+00:00,4273.19,4313.43,40.24000000000069
2026-09-15 11:15:00+00:00,4272.55,4312.88,40.32999999999993
2026-09-15 11:16:00+00:00,4271.26,4311.48,40.219999999999345
2026-09-15 11:17:00+00:00,4270.36,4310.58,40.220000000000255
2026-09-15 11:18:00+00:00,4271.32,4311.48,40.159999999999854
2026-09-15 11:19:00+00:00,4271.74,4311.68,39.94000000000051
2026-09-15 11:20:00+00:00,4272.67,4312.68,40.01000000000022
2026-09-15 11:21:00+00:00,4271.85,4311.83,39.97999999999956
2026-09-15 11:22:00+00:00,4272.34,4312.38,40.039999999999964
2026-09-15 11:23:00+00:00,4274.49,4314.33,39.840000000000146
2026-09-15 11:24:00+00:00,4274.66,4314.53,39.86999999999989
2026-09-15 11:25:00+00:00,4274.22,4314.03,39.80999999999949
2026-09-15 11:26:00+00:00,4273.66,4313.63,39.970000000000255
2026-09-15 11:27:00+00:00,4273.33,4313.13,39.80000000000018
2026-09-15 11:28:00+00:00,4273.68,4313.33,39.649999999999636
2026-09-15 11:29:00+00:00,4274.59,4314.33,39.73999999999978
2026-09-15 11:30:00+00:00,4274.58,4314.18,39.600000000000364
2026-09-15 11:31:00+00:00,4274.39,4314.13,39.73999999999978
2026-09-15 11:32:00+00:00,4274.74,4314.53,39.789999999999964
2026-09-15 11:33:00+00:00,4275.76,4315.28,39.51999999999953
2026-09-15 11:34:00+00:00,4275.04,4314.98,39.9399999999996
2026-09-15 11:35:00+00:00,4275.24,4314.68,39.44000000000051
2026-09-15 11:36:00+00:00,4275.6,4315.38,39.779999999999745
2026-09-15 11:37:00+00:00,4274.5,4314.18,39.68000000000029
2026-09-15 11:38:00+00:00,4274.34,4314.18,39.840000000000146
2026-09-15 11:39:00+00:00,4274.19,4313.88,39.69000000000051
2026-09-15 11:40:00+00:00,4273.81,4313.63,39.81999999999971
2026-09-15 11:41:00+00:00,4275.12,4314.78,39.659999999999854
2026-09-15 11:42:00+00:00,4277.31,4317.03,39.719999999999345
2026-09-15 11:43:00+00:00,4275.26,4314.83,39.56999999999971
2026-09-15 11:44:00+00:00,4275.06,4314.73,39.66999999999916
2026-09-15 11:45:00+00:00,4277.0,4316.58,39.57999999999993
2026-09-15 11:46:00+00:00,4276.47,4316.18,39.710000000000036
2026-09-15 11:47:00+00:00,4275.68,4315.38,39.69999999999982
2026-09-15 11:48:00+00:00,4275.61,4315.38,39.77000000000044
2026-09-15 11:49:00+00:00,4277.15,4316.93,39.780000000000655
2026-09-15 11:50:00+00:00,4278.75,4318.58,39.82999999999993
2026-09-15 11:51:00+00:00,4279.68,4319.58,39.899999999999636
2026-09-15 11:52:00+00:00,4281.66,4321.48,39.81999999999971
2026-09-15 11:53:00+00:00,4281.88,4321.73,39.849999999999454
2026-09-15 11:54:00+00:00,4282.07,4321.98,39.909999999999854
2026-09-15 11:55:00+00:00,4283.35,4323.38,40.029999999999745
2026-09-15 11:56:00+00:00,4282.53,4322.68,40.150000000000546
2026-09-15 11:57:00+00:00,4282.5,4322.48,39.97999999999956
2026-09-15 11:58:00+00:00,4281.76,4321.78,40.01999999999953
2026-09-15 11:59:00+00:00,4281.48,4321.48,40.0
2026-09-15 12:00:00+00:00,4281.38,4321.28,39.899999999999636
2026-09-15 12:01:00+00:00,4281.27,4321.28,40.00999999999931
2026-09-15 12:02:00+00:00,4281.25,4321.23,39.97999999999956
2026-09-15 12:03:00+00:00,4280.61,4320.48,39.86999999999989
2026-09-15 12:04:00+00:00,4280.35,4320.33,39.97999999999956
2026-09-15 12:05:00+00:00,4279.43,4319.43,40.0
2026-09-15 12:06:00+00:00,4278.85,4318.78,39.92999999999938
2026-09-15 12:07:00+00:00,4279.9,4319.78,39.88000000000011
2026-09-15 12:08:00+00:00,4280.19,4320.18,39.99000000000069
2026-09-15 12:09:00+00:00,4282.27,4322.23,39.95999999999913
2026-09-15 12:10:00+00:00,4282.86,4322.98,40.11999999999989
2026-09-15 12:11:00+00:00,4282.14,4322.23,40.089999999999236
2026-09-15 12:12:00+00:00,4282.51,4322.58,40.06999999999971
2026-09-15 12:13:00+00:00,4283.41,4323.53,40.11999999999989
2026-09-15 12:14:00+00:00,4283.65,4323.68,40.030000000000655
2026-09-15 12:15:00+00:00,4283.86,4323.88,40.02000000000044
2026-09-15 12:16:00+00:00,4284.47,4324.48,40.00999999999931
2026-09-15 12:17:00+00:00,4285.58,4325.58,40.0
2026-09-15 12:18:00+00:00,4285.15,4325.13,39.98000000000047
2026-09-15 12:19:00+00:00,4283.52,4323.48,39.95999999999913
2026-09-15 12:20:00+00:00,4283.9,4323.88,39.98000000000047
2026-09-15 12:21:00+00:00,4284.11,4323.93,39.82000000000062
2026-09-15 12:22:00+00:00,4284.84,4324.83,39.98999999999978
2026-09-15 12:23:00+00:00,4284.03,4324.08,40.05000000000018
2026-09-15 12:24:00+00:00,4283.76,4323.78,40.01999999999953
2026-09-15 12:25:00+00:00,4283.8,4323.88,40.07999999999993
2026-09-15 12:26:00+00:00,4283.89,4323.88,39.98999999999978
2026-09-15 12:27:00+00:00,4283.58,4323.48,39.899999999999636
2026-09-15 12:28:00+00:00,4283.87,4323.93,40.0600000000004
2026-09-15 12:29:00+00:00,4283.15,4323.28,40.13000000000011
2026-09-15 12:30:00+00:00,4282.37,4322.33,39.960000000000036
2026-09-15 12:31:00+00:00,4282.39,4322.48,40.089999999999236
2026-09-15 12:32:00+00:00,4281.58,4321.58,40.0
2026-09-15 12:33:00+00:00,4283.49,4323.38,39.89000000000033
2026-09-15 12:34:00+00:00,4284.44,4324.08,39.64000000000033
2026-09-15 12:35:00+00:00,4284.57,4324.38,39.8100000000004
2026-09-15 12:36:00+00:00,4283.16,4322.93,39.77000000000044
2026-09-15 12:37:00+00:00,4282.29,4322.03,39.73999999999978
2026-09-15 12:38:00+00:00,4281.13,4320.83,39.69999999999982
2026-09-15 12:39:00+00:00,4281.08,4320.83,39.75
2026-09-15 12:40:00+00:00,4280.94,4320.63,39.69000000000051
2026-09-15 12:41:00+00:00,4281.05,4320.63,39.57999999999993
2026-09-15 12:42:00+00:00,4282.47,4322.08,39.60999999999967
2026-09-15 12:43:00+00:00,4283.19,4322.78,39.590000000000146
2026-09-15 12:44:00+00:00,4282.83,4322.48,39.649999999999636
2026-09-15 12:45:00+00:00,4284.92,4324.63,39.710000000000036
2026-09-15 12:46:00+00:00,4283.9,4323.68,39.780000000000655
2026-09-15 12:47:00+00:00,4284.46,4324.18,39.720000000000255
2026-09-15 12:48:00+00:00,4284.73,4324.38,39.650000000000546
2026-09-15 12:49:00+00:00,4283.84,4323.38,39.539999999999964
2026-09-15 12:50:00+00:00,4284.08,4323.78,39.69999999999982
2026-09-15 12:51:00+00:00,4285.01,4324.58,39.56999999999971
2026-09-15 12:52:00+00:00,4283.46,4323.13,39.67000000000007
2026-09-15 12:53:00+00:00,4283.03,4322.68,39.650000000000546
2026-09-15 12:54:00+00:00,4282.98,4322.68,39.70000000000073
2026-09-15 12:55:00+00:00,4283.43,4323.18,39.75
2026-09-15 12:56:00+00:00,4284.69,4324.38,39.69000000000051
2026-09-15 12:57:00+00:00,4285.45,4325.08,39.63000000000011
2026-09-15 12:58:00+00:00,4284.82,4324.48,39.659999999999854
2026-09-15 12:59:00+00:00,4284.65,4324.38,39.73000000000047
2026-09-15 13:00:00+00:00,4284.68,4324.43,39.75
2026-09-15 13:01:00+00:00,4282.85,4322.53,39.67999999999938
2026-09-15 13:02:00+00:00,4281.82,4321.53,39.710000000000036
2026-09-15 13:03:00+00:00,4282.0,4321.78,39.779999999999745
2026-09-15 13:04:00+00:00,4284.59,4324.33,39.73999999999978
2026-09-15 13:05:00+00:00,4283.06,4322.78,39.719999999999345
2026-09-15 13:06:00+00:00,4281.65,4321.23,39.57999999999993
2026-09-15 13:07:00+00:00,4279.98,4319.68,39.70000000000073
2026-09-15 13:08:00+00:00,4279.0,4318.68,39.68000000000029
2026-09-15 13:09:00+00:00,4277.81,4317.48,39.66999999999916
2026-09-15 13:10:00+00:00,4277.79,4317.33,39.539999999999964
2026-09-15 13:11:00+00:00,4277.83,4317.58,39.75
2026-09-15 13:12:00+00:00,4277.54,4317.28,39.73999999999978
2026-09-15 13:13:00+00:00,4278.02,4317.78,39.75999999999931
2026-09-15 13:14:00+00:00,4278.44,4318.23,39.789999999999964
2026-09-15 13:15:00+00:00,4277.71,4317.38,39.67000000000007
2026-09-15 13:16:00+00:00,4277.13,4316.73,39.599999999999454
2026-09-15 13:17:00+00:00,4274.27,4313.78,39.50999999999931
2026-09-15 13:18:00+00:00,4274.34,4313.93,39.590000000000146
2026-09-15 13:19:00+00:00,4274.1,4313.98,39.8799999999992
2026-09-15 13:20:00+00:00,4272.16,4311.63,39.470000000000255
2026-09-15 13:21:00+00:00,4272.4,4311.93,39.530000000000655
2026-09-15 13:22:00+00:00,4273.06,4312.63,39.56999999999971
2026-09-15 13:23:00+00:00,4272.1,4311.68,39.57999999999993
2026-09-15 13:24:00+00:00,4273.35,4312.83,39.47999999999956
2026-09-15 13:25:00+00:00,4274.69,4314.13,39.44000000000051
2026-09-15 13:26:00+00:00,4274.69,4314.33,39.64000000000033
2026-09-15 13:27:00+00:00,4275.55,4315.13,39.57999999999993
2026-09-15 13:28:00+00:00,4275.75,4315.33,39.57999999999993
2026-09-15 13:29:00+00:00,4277.83,4317.48,39.649999999999636
2026-09-15 13:30:00+00:00,4276.8,4316.23,39.42999999999938
2026-09-15 13:31:00+00:00,4278.26,4317.83,39.56999999999971
2026-09-15 13:32:00+00:00,4276.24,4315.58,39.340000000000146
2026-09-15 13:33:00+00:00,4277.67,4317.23,39.55999999999949
2026-09-15 13:34:00+00:00,4282.87,4322.48,39.60999999999967
2026-09-15 13:35:00+00:00,4284.54,4324.23,39.6899999999996
2026-09-15 13:36:00+00:00,4281.45,4321.03,39.57999999999993
2026-09-15 13:37:00+00:00,4280.2,4320.08,39.88000000000011
2026-09-15 13:38:00+00:00,4280.79,4320.33,39.539999999999964
2026-09-15 13:39:00+00:00,4279.38,4318.98,39.599999999999454
2026-09-15 13:40:00+00:00,4279.29,4318.83,39.539999999999964
2026-09-15 13:41:00+00:00,4279.82,4319.38,39.5600000000004
2026-09-15 13:42:00+00:00,4279.77,4319.03,39.25999999999931
2026-09-15 13:43:00+00:00,4280.26,4319.83,39.56999999999971
2026-09-15 13:44:00+00:00,4281.18,4320.88,39.69999999999982
2026-09-15 13:45:00+00:00,4282.87,4322.43,39.5600000000004
2026-09-15 13:46:00+00:00,4282.89,4322.58,39.6899999999996
2026-09-15 13:47:00+00:00,4283.55,4322.93,39.38000000000011
2026-09-15 13:48:00+00:00,4288.41,4328.13,39.720000000000255
2026-09-15 13:49:00+00:00,4290.66,4330.28,39.61999999999989
2026-09-15 13:50:00+00:00,4290.26,4329.83,39.56999999999971
2026-09-15 13:51:00+00:00,4290.25,4329.93,39.68000000000029
2026-09-15 13:52:00+00:00,4289.4,4329.38,39.98000000000047
2026-09-15 13:53:00+00:00,4291.63,4331.43,39.80000000000018
2026-09-15 13:54:00+00:00,4293.63,4333.43,39.80000000000018
2026-09-15 13:55:00+00:00,4292.24,4332.28,40.039999999999964
2026-09-15 13:56:00+00:00,4287.78,4327.63,39.850000000000364
2026-09-15 13:57:00+00:00,4287.12,4327.13,40.01000000000022
2026-09-15 13:58:00+00:00,4288.05,4328.03,39.97999999999956
2026-09-15 13:59:00+00:00,4290.62,4330.58,39.960000000000036
2026-09-15 14:00:00+00:00,4292.02,4332.03,40.00999999999931
2026-09-15 14:01:00+00:00,4292.9,4332.78,39.88000000000011
2026-09-15 14:02:00+00:00,4290.82,4330.93,40.11000000000058
2026-09-15 14:03:00+00:00,4290.39,4330.28,39.88999999999942
2026-09-15 14:04:00+00:00,4292.8,4332.83,40.029999999999745
2026-09-15 14:05:00+00:00,4288.7,4328.63,39.93000000000029
2026-09-15 14:06:00+00:00,4286.59,4326.48,39.88999999999942
2026-09-15 14:07:00+00:00,4284.21,4324.13,39.92000000000007
2026-09-15 14:08:00+00:00,4284.94,4324.68,39.74000000000069
2026-09-15 14:09:00+00:00,4285.34,4325.28,39.9399999999996
2026-09-15 14:10:00+00:00,4287.43,4327.38,39.94999999999982
2026-09-15 14:11:00+00:00,4287.34,4327.28,39.9399999999996
2026-09-15 14:12:00+00:00,4287.78,4327.63,39.850000000000364
2026-09-15 14:13:00+00:00,4287.56,4327.43,39.86999999999989
2026-09-15 14:14:00+00:00,4286.76,4326.68,39.92000000000007
2026-09-15 14:15:00+00:00,4286.16,4325.93,39.77000000000044
2026-09-15 14:16:00+00:00,4288.34,4328.23,39.88999999999942
2026-09-15 14:17:00+00:00,4289.56,4329.33,39.76999999999953
2026-09-15 14:18:00+00:00,4286.37,4326.13,39.76000000000022
2026-09-15 14:19:00+00:00,4287.51,4327.38,39.86999999999989
2026-09-15 14:20:00+00:00,4288.39,4328.23,39.839999999999236
2026-09-15 14:21:00+00:00,4288.07,4328.03,39.960000000000036
2026-09-15 14:22:00+00:00,4285.26,4325.18,39.92000000000007
2026-09-15 14:23:00+00:00,4289.07,4328.93,39.86000000000058
2026-09-15 14:24:00+00:00,4292.15,4332.13,39.98000000000047
2026-09-15 14:25:00+00:00,4292.09,4331.98,39.88999999999942
2026-09-15 14:26:00+00:00,4291.67,4331.78,40.10999999999967
2026-09-15 14:27:00+00:00,4289.92,4329.93,40.01000000000022
2026-09-15 14:28:00+00:00,4287.86,4327.73,39.86999999999989
2026-09-15 14:29:00+00:00,4287.24,4327.33,40.090000000000146
2026-09-15 14:30:00+00:00,4287.97,4327.93,39.960000000000036
2026-09-15 14:31:00+00:00,4289.38,4329.33,39.94999999999982
2026-09-15 14:32:00+00:00,4285.23,4324.93,39.70000000000073
2026-09-15 14:33:00+00:00,4284.32,4324.03,39.710000000000036
2026-09-15 14:34:00+00:00,4286.71,4326.53,39.81999999999971
2026-09-15 14:35:00+00:00,4289.88,4329.73,39.849999999999454
2026-09-15 14:36:00+00:00,4293.29,4333.13,39.840000000000146
2026-09-15 14:37:00+00:00,4292.32,4332.23,39.909999999999854
2026-09-15 14:38:00+00:00,4290.22,4329.93,39.710000000000036
2026-09-15 14:39:00+00:00,4286.62,4326.18,39.5600000000004
2026-09-15 14:40:00+00:00,4289.19,4328.88,39.69000000000051
2026-09-15 14:41:00+00:00,4288.84,4328.43,39.590000000000146
2026-09-15 14:42:00+00:00,4288.26,4327.63,39.36999999999989
2026-09-15 14:43:00+00:00,4287.83,4327.43,39.600000000000364
2026-09-15 14:44:00+00:00,4289.61,4329.33,39.720000000000255
2026-09-15 14:45:00+00:00,4291.15,4330.88,39.73000000000047
2026-09-15 14:46:00+00:00,4294.13,4333.83,39.69999999999982
2026-09-15 14:47:00+00:00,4292.54,4332.13,39.590000000000146
2026-09-15 14:48:00+00:00,4291.68,4331.38,39.69999999999982
2026-09-15 14:49:00+00:00,4294.88,4334.48,39.599999999999454
2026-09-15 14:50:00+00:00,4293.42,4333.18,39.76000000000022
2026-09-15 14:51:00+00:00,4294.95,4334.43,39.48000000000047
2026-09-15 14:52:00+00:00,4294.91,4334.73,39.81999999999971
2026-09-15 14:53:00+00:00,4295.84,4335.63,39.789999999999964
2026-09-15 14:54:00+00:00,4295.63,4335.23,39.599999999999454
2026-09-15 14:55:00+00:00,4294.88,4334.53,39.649999999999636
2026-09-15 14:56:00+00:00,4295.13,4334.73,39.599999999999454
2026-09-15 14:57:00+00:00,4295.09,4334.63,39.539999999999964
2026-09-15 14:58:00+00:00,4297.75,4337.38,39.63000000000011
2026-09-15 14:59:00+00:00,4294.71,4334.48,39.76999999999953
2026-09-15 15:00:00+00:00,4298.68,4338.48,39.79999999999927
2026-09-15 15:01:00+00:00,4296.95,4336.78,39.82999999999993
2026-09-15 15:02:00+00:00,4297.62,4337.53,39.909999999999854
2026-09-15 15:03:00+00:00,4296.6,4336.58,39.97999999999956
2026-09-15 15:04:00+00:00,4294.82,4334.58,39.76000000000022
2026-09-15 15:05:00+00:00,4295.88,4335.63,39.75
2026-09-15 15:06:00+00:00,4297.1,4336.88,39.779999999999745
2026-09-15 15:07:00+00:00,4298.48,4338.43,39.95000000000073
2026-09-15 15:08:00+00:00,4297.44,4339.58,42.14000000000033
2026-09-15 15:09:00+00:00,4298.04,4337.68,39.64000000000033
2026-09-15 15:10:00+00:00,4298.3,4337.93,39.63000000000011
2026-09-15 15:11:00+00:00,4295.98,4335.68,39.70000000000073
2026-09-15 15:12:00+00:00,4294.58,4334.58,40.0
2026-09-15 15:13:00+00:00,4295.26,4334.93,39.67000000000007
2026-09-15 15:14:00+00:00,4294.4,4334.43,40.030000000000655
2026-09-15 15:15:00+00:00,4295.29,4335.33,40.039999999999964
2026-09-15 15:16:00+00:00,4291.31,4331.18,39.86999999999989
2026-09-15 15:17:00+00:00,4291.79,4331.63,39.840000000000146
2026-09-15 15:18:00+00:00,4290.33,4330.18,39.850000000000364
2026-09-15 15:19:00+00:00,4293.91,4333.88,39.970000000000255
2026-09-15 15:20:00+00:00,4291.37,4331.38,40.01000000000022
2026-09-15 15:21:00+00:00,4287.58,4327.53,39.94999999999982
2026-09-15 15:22:00+00:00,4287.72,4327.58,39.85999999999967
2026-09-15 15:23:00+00:00,4286.76,4326.78,40.01999999999953
2026-09-15 15:24:00+00:00,4288.6,4328.53,39.92999999999938
2026-09-15 15:25:00+00:00,4288.88,4328.83,39.94999999999982
2026-09-15 15:26:00+00:00,4287.42,4327.23,39.80999999999949
2026-09-15 15:27:00+00:00,4284.26,4324.18,39.92000000000007
2026-09-15 15:28:00+00:00,4283.82,4323.73,39.909999999999854
2026-09-15 15:29:00+00:00,4284.15,4324.08,39.93000000000029
2026-09-15 15:30:00+00:00,4282.72,4322.68,39.960000000000036
2026-09-15 15:31:00+00:00,4283.2,4323.08,39.88000000000011
2026-09-15 15:32:00+00:00,4280.17,4320.23,40.05999999999949
2026-09-15 15:33:00+00:00,4284.26,4324.08,39.81999999999971
2026-09-15 15:34:00+00:00,4283.43,4323.08,39.649999999999636
2026-09-15 15:35:00+00:00,4284.05,4323.93,39.88000000000011
2026-09-15 15:36:00+00:00,4283.51,4323.53,40.01999999999953
2026-09-15 15:37:00+00:00,4280.61,4320.48,39.86999999999989
2026-09-15 15:38:00+00:00,4277.11,4316.93,39.82000000000062
2026-09-15 15:39:00+00:00,4278.19,4317.83,39.64000000000033
2026-09-15 15:40:00+00:00,4277.1,4316.78,39.67999999999938
2026-09-15 15:41:00+00:00,4277.23,4316.93,39.70000000000073
2026-09-15 15:42:00+00:00,4278.41,4318.13,39.720000000000255
2026-09-15 15:43:00+00:00,4278.24,4318.13,39.89000000000033
2026-09-15 15:44:00+00:00,4278.17,4317.93,39.76000000000022
2026-09-15 15:45:00+00:00,4281.91,4321.53,39.61999999999989
2026-09-15 15:46:00+00:00,4282.64,4322.33,39.6899999999996
2026-09-15 15:47:00+00:00,4281.45,4321.13,39.68000000000029
2026-09-15 15:48:00+00:00,4279.05,4318.78,39.72999999999956
2026-09-15 15:49:00+00:00,4278.45,4318.03,39.57999999999993
2026-09-15 15:50:00+00:00,4278.74,4318.33,39.590000000000146
2026-09-15 15:51:00+00:00,4275.44,4314.98,39.539999999999964
2026-09-15 15:52:00+00:00,4279.25,4318.98,39.72999999999956
2026-09-15 15:53:00+00:00,4277.7,4317.38,39.68000000000029
2026-09-15 15:54:00+00:00,4280.1,4319.73,39.6299999999992
2026-09-15 15:55:00+00:00,4279.08,4318.68,39.600000000000364
2026-09-15 15:56:00+00:00,4278.25,4317.83,39.57999999999993
2026-09-15 15:57:00+00:00,4279.14,4318.83,39.6899999999996
2026-09-15 15:58:00+00:00,4276.93,4316.53,39.599999999999454
2026-09-15 15:59:00+00:00,4277.16,4316.83,39.67000000000007
2026-09-15 16:00:00+00:00,4278.67,4318.43,39.76000000000022
2026-09-15 16:01:00+00:00,4279.45,4319.18,39.73000000000047
2026-09-15 16:02:00+00:00,4278.49,4318.33,39.840000000000146
2026-09-15 16:03:00+00:00,4282.24,4321.88,39.64000000000033
2026-09-15 16:04:00+00:00,4282.91,4322.63,39.720000000000255
2026-09-15 16:05:00+00:00,4282.2,4321.73,39.529999999999745
2026-09-15 16:06:00+00:00,4283.6,4323.43,39.82999999999993
2026-09-15 16:07:00+00:00,4282.62,4322.33,39.710000000000036
2026-09-15 16:08:00+00:00,4281.28,4321.03,39.75
2026-09-15 16:09:00+00:00,4282.49,4322.33,39.840000000000146
2026-09-15 16:10:00+00:00,4282.68,4322.43,39.75
2026-09-15 16:11:00+00:00,4285.52,4325.43,39.909999999999854
2026-09-15 16:12:00+00:00,4283.08,4322.78,39.69999999999982
2026-09-15 16:13:00+00:00,4283.27,4323.18,39.909999999999854
2026-09-15 16:14:00+00:00,4285.34,4325.33,39.98999999999978
2026-09-15 16:15:00+00:00,4284.84,4324.83,39.98999999999978
2026-09-15 16:16:00+00:00,4286.46,4326.43,39.970000000000255
2026-09-15 16:17:00+00:00,4286.52,4326.48,39.95999999999913
2026-09-15 16:18:00+00:00,4286.86,4326.78,39.92000000000007
2026-09-15 16:19:00+00:00,4286.29,4326.23,39.9399999999996
2026-09-15 16:20:00+00:00,4286.13,4326.23,40.099999999999454
2026-09-15 16:21:00+00:00,4285.32,4325.53,40.210000000000036
2026-09-15 16:22:00+00:00,4282.93,4322.78,39.849999999999454
2026-09-15 16:23:00+00:00,4282.97,4322.93,39.960000000000036
2026-09-15 16:24:00+00:00,4285.32,4325.43,40.11000000000058
2026-09-15 16:25:00+00:00,4285.53,4325.63,40.100000000000364
2026-09-15 16:26:00+00:00,4285.31,4325.33,40.01999999999953
2026-09-15 16:27:00+00:00,4285.72,4325.93,40.210000000000036
2026-09-15 16:28:00+00:00,4285.72,4325.68,39.960000000000036
2026-09-15 16:29:00+00:00,4283.79,4323.88,40.090000000000146
2026-09-15 16:30:00+00:00,4284.27,4324.43,40.159999999999854
2026-09-15 16:31:00+00:00,4284.46,4324.63,40.17000000000007
2026-09-15 16:32:00+00:00,4285.27,4325.38,40.10999999999967
2026-09-15 16:33:00+00:00,4283.34,4323.48,40.13999999999942
2026-09-15 16:34:00+00:00,4285.14,4325.13,39.98999999999978
2026-09-15 16:35:00+00:00,4284.92,4324.93,40.01000000000022
2026-09-15 16:36:00+00:00,4286.86,4326.83,39.970000000000255
2026-09-15 16:37:00+00:00,4286.21,4326.18,39.970000000000255
2026-09-15 16:38:00+00:00,4286.78,4326.73,39.94999999999982
2026-09-15 16:39:00+00:00,4287.74,4327.93,40.19000000000051
2026-09-15 16:40:00+00:00,4289.66,4330.33,40.67000000000007
2026-09-15 16:41:00+00:00,4288.7,4328.83,40.13000000000011
2026-09-15 16:42:00+00:00,4288.46,4328.48,40.01999999999953
2026-09-15 16:43:00+00:00,4288.1,4327.73,39.6299999999992
2026-09-15 16:44:00+00:00,4287.88,4327.83,39.94999999999982
2026-09-15 16:45:00+00:00,4285.91,4325.98,40.06999999999971
2026-09-15 16:46:00+00:00,4287.31,4327.33,40.01999999999953
2026-09-15 16:47:00+00:00,4285.81,4325.63,39.81999999999971
2026-09-15 16:48:00+00:00,4287.51,4327.48,39.969999999999345
2026-09-15 16:49:00+00:00,4286.83,4326.78,39.94999999999982
2026-09-15 16:50:00+00:00,4291.44,4331.38,39.94000000000051
2026-09-15 16:51:00+00:00,4290.68,4330.78,40.099999999999454
2026-09-15 16:52:00+00:00,4290.17,4330.23,40.05999999999949
2026-09-15 16:53:00+00:00,4291.23,4331.23,40.0
2026-09-15 16:54:00+00:00,4290.0,4330.03,40.029999999999745
2026-09-15 16:55:00+00:00,4294.2,4334.33,40.13000000000011
2026-09-15 16:56:00+00:00,4291.31,4331.28,39.969999999999345
2026-09-15 16:57:00+00:00,4289.98,4329.88,39.900000000000546
2026-09-15 16:58:00+00:00,4290.34,4330.28,39.9399999999996
2026-09-15 16:59:00+00:00,4289.44,4329.33,39.89000000000033
2026-09-15 17:00:00+00:00,4290.31,4330.23,39.91999999999916
2026-09-15 17:01:00+00:00,4290.63,4330.63,40.0
