time,spot_close,fut_close,gap_close_to_close
2026-09-11 20:51:00+00:00,4344.4,4386.68,42.280000000000655
2026-09-11 20:52:00+00:00,4343.26,4385.48,42.219999999999345
2026-09-11 20:53:00+00:00,4343.86,4386.28,42.42000000000007
2026-09-11 20:54:00+00:00,4345.36,4387.53,42.17000000000007
2026-09-11 20:55:00+00:00,4345.79,4387.93,42.14000000000033
2026-09-11 20:56:00+00:00,4346.13,4388.38,42.25
2026-09-11 20:57:00+00:00,4347.77,4389.98,42.20999999999913
2026-09-11 20:58:00+00:00,4348.1,4390.38,42.279999999999745
2026-09-11 20:59:00+00:00,4348.54,4390.83,42.289999999999964
2026-09-11 21:00:00+00:00,4351.02,4393.28,42.25999999999931
2026-09-11 21:01:00+00:00,4349.36,4391.38,42.02000000000044
2026-09-11 21:02:00+00:00,4348.63,4390.83,42.19999999999982
2026-09-11 21:03:00+00:00,4348.27,4390.43,42.159999999999854
2026-09-11 21:04:00+00:00,4348.94,4390.98,42.039999999999964
2026-09-11 21:05:00+00:00,4349.91,4391.93,42.02000000000044
2026-09-11 21:06:00+00:00,4350.34,4392.43,42.090000000000146
2026-09-11 21:07:00+00:00,4350.01,4392.18,42.17000000000007
2026-09-11 21:08:00+00:00,4350.03,4392.23,42.19999999999982
2026-09-11 21:09:00+00:00,4350.12,4392.43,42.3100000000004
2026-09-11 21:10:00+00:00,4349.54,4391.73,42.1899999999996
2026-09-11 21:11:00+00:00,4348.74,4391.03,42.289999999999964
2026-09-11 21:12:00+00:00,4348.95,4391.23,42.279999999999745
2026-09-11 21:13:00+00:00,4348.59,4390.93,42.340000000000146
2026-09-11 21:14:00+00:00,4348.36,4390.63,42.27000000000044
2026-09-11 21:15:00+00:00,4348.22,4390.38,42.159999999999854
2026-09-11 21:16:00+00:00,4347.3,4389.53,42.22999999999956
2026-09-11 21:17:00+00:00,4347.5,4389.63,42.13000000000011
2026-09-11 21:18:00+00:00,4346.35,4388.58,42.22999999999956
2026-09-11 21:19:00+00:00,4349.3,4391.43,42.13000000000011
2026-09-11 21:20:00+00:00,4349.81,4391.93,42.11999999999989
2026-09-11 21:21:00+00:00,4350.03,4392.33,42.30000000000018
2026-09-11 21:22:00+00:00,4350.06,4392.38,42.31999999999971
2026-09-11 21:23:00+00:00,4349.73,4391.98,42.25
2026-09-11 21:24:00+00:00,4349.46,4391.63,42.17000000000007
2026-09-11 21:25:00+00:00,4349.87,4391.98,42.10999999999967
2026-09-11 21:26:00+00:00,4349.09,4391.13,42.039999999999964
2026-09-11 21:27:00+00:00,4348.54,4390.58,42.039999999999964
2026-09-11 21:28:00+00:00,4349.17,4391.38,42.210000000000036
2026-09-11 21:29:00+00:00,4348.78,4390.88,42.100000000000364
2026-09-11 21:30:00+00:00,4348.33,4390.38,42.05000000000018
2026-09-11 21:31:00+00:00,4347.71,4389.73,42.01999999999953
2026-09-11 21:32:00+00:00,4347.77,4389.83,42.05999999999949
2026-09-11 21:33:00+00:00,4347.76,4389.68,41.92000000000007
2026-09-11 21:34:00+00:00,4347.71,4389.73,42.01999999999953
2026-09-11 21:35:00+00:00,4347.63,4389.68,42.05000000000018
2026-09-11 21:36:00+00:00,4347.38,4389.38,42.0
2026-09-11 21:37:00+00:00,4348.2,4390.18,41.98000000000047
2026-09-11 21:38:00+00:00,4348.95,4390.98,42.029999999999745
2026-09-11 21:39:00+00:00,4348.63,4390.68,42.05000000000018
2026-09-11 21:40:00+00:00,4348.12,4390.13,42.01000000000022
2026-09-11 21:41:00+00:00,4347.79,4389.78,41.98999999999978
2026-09-11 21:42:00+00:00,4346.32,4388.28,41.960000000000036
2026-09-11 21:43:00+00:00,4346.16,4388.13,41.970000000000255
2026-09-11 21:44:00+00:00,4346.59,4388.48,41.88999999999942
2026-09-11 21:45:00+00:00,4347.49,4389.53,42.039999999999964
2026-09-11 21:46:00+00:00,4347.98,4390.03,42.05000000000018
2026-09-11 21:47:00+00:00,4347.99,4390.03,42.039999999999964
2026-09-11 21:48:00+00:00,4347.43,4389.53,42.099999999999454
2026-09-11 21:49:00+00:00,4347.43,4389.58,42.149999999999636
2026-09-11 21:50:00+00:00,4346.97,4389.08,42.10999999999967
2026-09-11 21:51:00+00:00,4347.13,4389.18,42.05000000000018
2026-09-11 21:52:00+00:00,4347.78,4389.78,42.0
2026-09-11 21:53:00+00:00,4346.94,4388.73,41.789999999999964
2026-09-11 21:54:00+00:00,4348.49,4390.28,41.789999999999964
2026-09-11 21:55:00+00:00,4348.42,4389.68,41.26000000000022
2026-09-11 21:56:00+00:00,4348.38,4389.93,41.55000000000018
2026-09-13 23:02:00+00:00,4334.56,4376.58,42.01999999999953
2026-09-13 23:03:00+00:00,4335.74,4376.13,40.39000000000033
2026-09-13 23:04:00+00:00,4338.66,4379.03,40.36999999999989
2026-09-13 23:05:00+00:00,4339.22,4379.58,40.35999999999967
2026-09-13 23:06:00+00:00,4337.27,4377.73,40.45999999999913
2026-09-13 23:07:00+00:00,4337.53,4377.93,40.400000000000546
2026-09-13 23:08:00+00:00,4333.79,4374.33,40.539999999999964
2026-09-13 23:09:00+00:00,4331.17,4371.48,40.30999999999949
2026-09-13 23:10:00+00:00,4330.47,4370.93,40.460000000000036
2026-09-13 23:11:00+00:00,4331.09,4371.43,40.340000000000146
2026-09-13 23:12:00+00:00,4331.14,4371.48,40.339999999999236
2026-09-13 23:13:00+00:00,4332.71,4372.98,40.26999999999953
2026-09-13 23:14:00+00:00,4330.74,4371.13,40.39000000000033
2026-09-13 23:15:00+00:00,4332.2,4372.53,40.32999999999993
2026-09-13 23:16:00+00:00,4332.43,4372.73,40.29999999999927
2026-09-13 23:17:00+00:00,4330.2,4370.58,40.38000000000011
2026-09-13 23:18:00+00:00,4331.01,4371.28,40.26999999999953
2026-09-13 23:19:00+00:00,4333.56,4374.13,40.56999999999971
2026-09-13 23:20:00+00:00,4332.83,4373.28,40.44999999999982
2026-09-13 23:21:00+00:00,4333.2,4373.53,40.32999999999993
2026-09-13 23:22:00+00:00,4330.89,4371.38,40.48999999999978
2026-09-13 23:23:00+00:00,4329.49,4369.78,40.289999999999964
2026-09-13 23:24:00+00:00,4329.06,4369.33,40.26999999999953
2026-09-13 23:25:00+00:00,4331.0,4371.33,40.32999999999993
2026-09-13 23:26:00+00:00,4332.48,4372.93,40.45000000000073
2026-09-13 23:27:00+00:00,4335.76,4376.08,40.31999999999971
2026-09-13 23:28:00+00:00,4336.16,4376.53,40.36999999999989
2026-09-13 23:29:00+00:00,4336.12,4376.58,40.460000000000036
2026-09-13 23:30:00+00:00,4336.34,4376.73,40.38999999999942
2026-09-13 23:31:00+00:00,4336.04,4376.43,40.39000000000033
2026-09-13 23:32:00+00:00,4335.94,4376.38,40.44000000000051
2026-09-13 23:33:00+00:00,4337.95,4378.33,40.38000000000011
2026-09-13 23:34:00+00:00,4336.43,4376.88,40.44999999999982
2026-09-13 23:35:00+00:00,4335.45,4375.48,40.029999999999745
2026-09-13 23:36:00+00:00,4336.09,4376.43,40.340000000000146
2026-09-13 23:37:00+00:00,4336.15,4376.53,40.38000000000011
2026-09-13 23:38:00+00:00,4336.16,4376.53,40.36999999999989
2026-09-13 23:39:00+00:00,4336.22,4376.43,40.210000000000036
2026-09-13 23:40:00+00:00,4335.53,4375.88,40.350000000000364
2026-09-13 23:41:00+00:00,4336.24,4376.63,40.39000000000033
2026-09-13 23:42:00+00:00,4335.74,4376.08,40.340000000000146
2026-09-13 23:43:00+00:00,4335.85,4376.28,40.42999999999938
2026-09-13 23:44:00+00:00,4337.36,4377.68,40.32000000000062
2026-09-13 23:45:00+00:00,4337.38,4377.83,40.44999999999982
2026-09-13 23:46:00+00:00,4336.96,4377.48,40.51999999999953
2026-09-13 23:47:00+00:00,4336.31,4376.73,40.41999999999916
2026-09-13 23:48:00+00:00,4336.56,4376.88,40.31999999999971
2026-09-13 23:49:00+00:00,4336.5,4376.93,40.43000000000029
2026-09-13 23:50:00+00:00,4336.11,4376.48,40.36999999999989
2026-09-13 23:51:00+00:00,4336.71,4377.03,40.31999999999971
2026-09-13 23:52:00+00:00,4336.2,4376.53,40.32999999999993
2026-09-13 23:53:00+00:00,4337.85,4378.28,40.42999999999938
2026-09-13 23:54:00+00:00,4339.64,4380.03,40.38999999999942
2026-09-13 23:55:00+00:00,4338.99,4379.43,40.44000000000051
2026-09-13 23:56:00+00:00,4338.93,4379.18,40.25
2026-09-13 23:57:00+00:00,4338.75,4379.08,40.32999999999993
2026-09-13 23:58:00+00:00,4338.19,4378.73,40.539999999999964
2026-09-13 23:59:00+00:00,4338.07,4378.33,40.26000000000022
2026-09-14 00:00:00+00:00,4341.61,4382.08,40.470000000000255
2026-09-14 00:01:00+00:00,4342.12,4382.63,40.51000000000022
2026-09-14 00:02:00+00:00,4341.13,4381.83,40.69999999999982
2026-09-14 00:03:00+00:00,4342.0,4382.48,40.47999999999956
2026-09-14 00:04:00+00:00,4341.27,4381.78,40.50999999999931
2026-09-14 00:05:00+00:00,4341.27,4381.73,40.45999999999913
2026-09-14 00:06:00+00:00,4340.95,4381.43,40.48000000000047
2026-09-14 00:07:00+00:00,4341.37,4381.93,40.5600000000004
2026-09-14 00:08:00+00:00,4341.68,4382.28,40.599999999999454
2026-09-14 00:09:00+00:00,4341.69,4382.08,40.39000000000033
2026-09-14 00:10:00+00:00,4341.99,4382.58,40.590000000000146
2026-09-14 00:11:00+00:00,4342.01,4382.53,40.51999999999953
2026-09-14 00:12:00+00:00,4341.33,4381.88,40.55000000000018
2026-09-14 00:13:00+00:00,4340.97,4381.58,40.60999999999967
2026-09-14 00:14:00+00:00,4339.45,4380.03,40.57999999999993
2026-09-14 00:15:00+00:00,4340.48,4380.83,40.350000000000364
2026-09-14 00:16:00+00:00,4339.89,4380.33,40.4399999999996
2026-09-14 00:17:00+00:00,4338.94,4379.38,40.44000000000051
2026-09-14 00:18:00+00:00,4337.77,4378.18,40.409999999999854
2026-09-14 00:19:00+00:00,4337.64,4378.18,40.539999999999964
2026-09-14 00:20:00+00:00,4336.54,4377.13,40.590000000000146
2026-09-14 00:21:00+00:00,4336.02,4376.33,40.30999999999949
2026-09-14 00:22:00+00:00,4336.21,4376.58,40.36999999999989
2026-09-14 00:23:00+00:00,4337.13,4377.43,40.30000000000018
2026-09-14 00:24:00+00:00,4338.34,4378.58,40.23999999999978
2026-09-14 00:25:00+00:00,4337.67,4378.08,40.409999999999854
2026-09-14 00:26:00+00:00,4338.02,4378.38,40.35999999999967
2026-09-14 00:27:00+00:00,4337.7,4378.28,40.57999999999993
2026-09-14 00:28:00+00:00,4337.9,4378.53,40.63000000000011
2026-09-14 00:29:00+00:00,4339.45,4379.93,40.48000000000047
2026-09-14 00:30:00+00:00,4340.26,4380.78,40.51999999999953
2026-09-14 00:31:00+00:00,4339.4,4379.98,40.57999999999993
2026-09-14 00:32:00+00:00,4340.36,4380.93,40.57000000000062
2026-09-14 00:33:00+00:00,4341.78,4382.08,40.30000000000018
2026-09-14 00:34:00+00:00,4341.32,4382.03,40.710000000000036
2026-09-14 00:35:00+00:00,4339.84,4380.43,40.590000000000146
2026-09-14 00:36:00+00:00,4340.1,4380.48,40.3799999999992
2026-09-14 00:37:00+00:00,4341.13,4381.48,40.349999999999454
2026-09-14 00:38:00+00:00,4341.63,4381.93,40.30000000000018
2026-09-14 00:39:00+00:00,4340.51,4381.18,40.67000000000007
2026-09-14 00:40:00+00:00,4340.35,4380.83,40.47999999999956
2026-09-14 00:41:00+00:00,4338.61,4379.13,40.52000000000044
2026-09-14 00:42:00+00:00,4338.3,4378.93,40.63000000000011
2026-09-14 00:43:00+00:00,4338.38,4378.78,40.399999999999636
2026-09-14 00:44:00+00:00,4338.05,4378.48,40.42999999999938
2026-09-14 00:45:00+00:00,4336.9,4377.48,40.57999999999993
2026-09-14 00:46:00+00:00,4336.69,4377.13,40.44000000000051
2026-09-14 00:47:00+00:00,4337.91,4378.38,40.470000000000255
2026-09-14 00:48:00+00:00,4335.22,4375.88,40.659999999999854
2026-09-14 00:49:00+00:00,4332.13,4372.58,40.44999999999982
2026-09-14 00:50:00+00:00,4332.84,4373.33,40.48999999999978
2026-09-14 00:51:00+00:00,4332.75,4373.03,40.279999999999745
2026-09-14 00:52:00+00:00,4334.51,4374.78,40.26999999999953
2026-09-14 00:53:00+00:00,4335.11,4375.53,40.42000000000007
2026-09-14 00:54:00+00:00,4333.81,4374.33,40.51999999999953
2026-09-14 00:55:00+00:00,4334.28,4374.68,40.400000000000546
2026-09-14 00:56:00+00:00,4333.32,4373.78,40.460000000000036
2026-09-14 00:57:00+00:00,4334.19,4374.58,40.39000000000033
2026-09-14 00:58:00+00:00,4334.47,4374.88,40.409999999999854
2026-09-14 00:59:00+00:00,4333.12,4373.38,40.26000000000022
2026-09-14 01:00:00+00:00,4331.21,4372.28,41.06999999999971
2026-09-14 01:01:00+00:00,4332.04,4372.73,40.6899999999996
2026-09-14 01:02:00+00:00,4334.5,4375.43,40.93000000000029
2026-09-14 01:03:00+00:00,4335.28,4376.23,40.94999999999982
2026-09-14 01:04:00+00:00,4333.66,4374.58,40.92000000000007
2026-09-14 01:05:00+00:00,4337.56,4378.38,40.81999999999971
2026-09-14 01:06:00+00:00,4341.37,4382.78,41.409999999999854
2026-09-14 01:07:00+00:00,4344.09,4385.08,40.98999999999978
2026-09-14 01:08:00+00:00,4345.15,4386.28,41.13000000000011
2026-09-14 01:09:00+00:00,4345.73,4386.68,40.95000000000073
2026-09-14 01:10:00+00:00,4346.05,4387.08,41.029999999999745
2026-09-14 01:11:00+00:00,4344.83,4385.88,41.05000000000018
2026-09-14 01:12:00+00:00,4345.13,4386.33,41.19999999999982
2026-09-14 01:13:00+00:00,4344.41,4385.73,41.31999999999971
2026-09-14 01:14:00+00:00,4342.6,4383.83,41.22999999999956
2026-09-14 01:15:00+00:00,4342.94,4383.98,41.039999999999964
2026-09-14 01:16:00+00:00,4341.27,4382.43,41.159999999999854
2026-09-14 01:17:00+00:00,4343.22,4384.33,41.10999999999967
2026-09-14 01:18:00+00:00,4341.92,4383.08,41.159999999999854
2026-09-14 01:19:00+00:00,4341.36,4382.38,41.02000000000044
2026-09-14 01:20:00+00:00,4339.99,4381.03,41.039999999999964
2026-09-14 01:21:00+00:00,4338.23,4379.18,40.95000000000073
2026-09-14 01:22:00+00:00,4339.79,4380.88,41.090000000000146
2026-09-14 01:23:00+00:00,4338.3,4379.33,41.029999999999745
2026-09-14 01:24:00+00:00,4338.9,4379.83,40.93000000000029
2026-09-14 01:25:00+00:00,4336.7,4377.68,40.98000000000047
2026-09-14 01:26:00+00:00,4334.12,4375.08,40.960000000000036
2026-09-14 01:27:00+00:00,4335.05,4375.78,40.72999999999956
2026-09-14 01:28:00+00:00,4335.6,4376.48,40.8799999999992
2026-09-14 01:29:00+00:00,4338.06,4378.93,40.86999999999989
2026-09-14 01:30:00+00:00,4337.47,4378.18,40.710000000000036
2026-09-14 01:31:00+00:00,4339.68,4380.58,40.899999999999636
2026-09-14 01:32:00+00:00,4339.9,4380.78,40.88000000000011
2026-09-14 01:33:00+00:00,4339.13,4379.88,40.75
2026-09-14 01:34:00+00:00,4339.61,4380.38,40.77000000000044
2026-09-14 01:35:00+00:00,4336.47,4377.18,40.710000000000036
2026-09-14 01:36:00+00:00,4334.66,4375.38,40.720000000000255
2026-09-14 01:37:00+00:00,4334.2,4374.98,40.779999999999745
2026-09-14 01:38:00+00:00,4333.61,4374.38,40.77000000000044
2026-09-14 01:39:00+00:00,4332.92,4374.08,41.159999999999854
2026-09-14 01:40:00+00:00,4333.32,4374.28,40.960000000000036
2026-09-14 01:41:00+00:00,4333.95,4374.93,40.98000000000047
2026-09-14 01:42:00+00:00,4333.53,4374.43,40.900000000000546
2026-09-14 01:43:00+00:00,4337.66,4378.63,40.970000000000255
2026-09-14 01:44:00+00:00,4338.21,4379.18,40.970000000000255
2026-09-14 01:45:00+00:00,4337.42,4378.33,40.909999999999854
2026-09-14 01:46:00+00:00,4338.81,4379.68,40.86999999999989
2026-09-14 01:47:00+00:00,4340.27,4381.43,41.159999999999854
2026-09-14 01:48:00+00:00,4338.74,4379.68,40.94000000000051
2026-09-14 01:49:00+00:00,4339.68,4380.73,41.04999999999927
2026-09-14 01:50:00+00:00,4340.93,4381.68,40.75
2026-09-14 01:51:00+00:00,4340.86,4381.88,41.02000000000044
2026-09-14 01:52:00+00:00,4341.47,4382.58,41.10999999999967
2026-09-14 01:53:00+00:00,4340.18,4381.18,41.0
2026-09-14 01:54:00+00:00,4342.68,4383.68,41.0
2026-09-14 01:55:00+00:00,4340.81,4381.93,41.11999999999989
2026-09-14 01:56:00+00:00,4340.69,4381.88,41.19000000000051
2026-09-14 01:57:00+00:00,4340.04,4381.28,41.23999999999978
2026-09-14 01:58:00+00:00,4338.25,4379.33,41.07999999999993
2026-09-14 01:59:00+00:00,4338.66,4379.48,40.81999999999971
2026-09-14 02:00:00+00:00,4341.6,4382.63,41.029999999999745
2026-09-14 02:01:00+00:00,4344.01,4385.23,41.219999999999345
2026-09-14 02:02:00+00:00,4342.39,4383.48,41.089999999999236
2026-09-14 02:03:00+00:00,4335.62,4376.43,40.8100000000004
2026-09-14 02:04:00+00:00,4331.22,4371.98,40.75999999999931
2026-09-14 02:05:00+00:00,4333.91,4374.63,40.720000000000255
2026-09-14 02:06:00+00:00,4330.1,4370.98,40.8799999999992
2026-09-14 02:07:00+00:00,4334.94,4375.73,40.789999999999964
2026-09-14 02:08:00+00:00,4335.36,4376.33,40.970000000000255
2026-09-14 02:09:00+00:00,4336.59,4377.38,40.789999999999964
2026-09-14 02:10:00+00:00,4332.62,4373.43,40.8100000000004
2026-09-14 02:11:00+00:00,4332.28,4373.08,40.80000000000018
2026-09-14 02:12:00+00:00,4331.36,4372.13,40.77000000000044
2026-09-14 02:13:00+00:00,4330.5,4371.23,40.72999999999956
2026-09-14 02:14:00+00:00,4331.65,4372.53,40.88000000000011
2026-09-14 02:15:00+00:00,4331.63,4372.43,40.80000000000018
2026-09-14 02:16:00+00:00,4329.83,4370.48,40.649999999999636
2026-09-14 02:17:00+00:00,4330.45,4371.13,40.68000000000029
2026-09-14 02:18:00+00:00,4331.9,4372.33,40.43000000000029
2026-09-14 02:19:00+00:00,4327.22,4367.93,40.710000000000036
2026-09-14 02:20:00+00:00,4329.35,4370.18,40.82999999999993
2026-09-14 02:21:00+00:00,4332.03,4372.73,40.69999999999982
2026-09-14 02:22:00+00:00,4333.92,4374.88,40.960000000000036
2026-09-14 02:23:00+00:00,4334.17,4375.28,41.10999999999967
2026-09-14 02:24:00+00:00,4334.85,4376.03,41.17999999999938
2026-09-14 02:25:00+00:00,4333.07,4373.88,40.8100000000004
2026-09-14 02:26:00+00:00,4335.17,4376.08,40.909999999999854
2026-09-14 02:27:00+00:00,4336.22,4377.13,40.909999999999854
2026-09-14 02:28:00+00:00,4337.19,4378.13,40.94000000000051
2026-09-14 02:29:00+00:00,4335.48,4376.38,40.900000000000546
2026-09-14 02:30:00+00:00,4334.7,4375.53,40.82999999999993
2026-09-14 02:31:00+00:00,4333.48,4374.23,40.75
2026-09-14 02:32:00+00:00,4330.89,4371.73,40.839999999999236
2026-09-14 02:33:00+00:00,4330.66,4371.43,40.77000000000044
2026-09-14 02:34:00+00:00,4332.02,4372.73,40.70999999999913
2026-09-14 02:35:00+00:00,4335.83,4376.83,41.0
2026-09-14 02:36:00+00:00,4338.17,4379.08,40.909999999999854
2026-09-14 02:37:00+00:00,4339.57,4380.53,40.960000000000036
2026-09-14 02:38:00+00:00,4341.41,4382.53,41.11999999999989
2026-09-14 02:39:00+00:00,4344.49,4385.38,40.89000000000033
2026-09-14 02:40:00+00:00,4343.0,4383.93,40.93000000000029
2026-09-14 02:41:00+00:00,4342.87,4383.68,40.8100000000004
2026-09-14 02:42:00+00:00,4338.38,4379.18,40.80000000000018
2026-09-14 02:43:00+00:00,4341.57,4382.23,40.659999999999854
2026-09-14 02:44:00+00:00,4342.34,4383.28,40.9399999999996
2026-09-14 02:45:00+00:00,4344.66,4385.33,40.67000000000007
2026-09-14 02:46:00+00:00,4344.85,4385.58,40.72999999999956
2026-09-14 02:47:00+00:00,4346.56,4387.38,40.81999999999971
2026-09-14 02:48:00+00:00,4347.54,4388.63,41.090000000000146
2026-09-14 02:49:00+00:00,4345.69,4386.88,41.19000000000051
2026-09-14 02:50:00+00:00,4344.91,4385.88,40.970000000000255
2026-09-14 02:51:00+00:00,4347.45,4388.28,40.82999999999993
2026-09-14 02:52:00+00:00,4349.04,4389.88,40.840000000000146
2026-09-14 02:53:00+00:00,4348.11,4389.28,41.17000000000007
2026-09-14 02:54:00+00:00,4348.12,4389.13,41.01000000000022
2026-09-14 02:55:00+00:00,4347.46,4388.68,41.220000000000255
2026-09-14 02:56:00+00:00,4350.14,4391.38,41.23999999999978
2026-09-14 02:57:00+00:00,4351.13,4392.23,41.099999999999454
2026-09-14 02:58:00+00:00,4353.45,4394.53,41.07999999999993
2026-09-14 02:59:00+00:00,4353.33,4394.43,41.100000000000364
2026-09-14 03:00:00+00:00,4352.05,4393.23,41.17999999999938
2026-09-14 03:01:00+00:00,4353.06,4394.38,41.31999999999971
2026-09-14 03:02:00+00:00,4351.29,4392.58,41.289999999999964
2026-09-14 03:03:00+00:00,4349.83,4391.18,41.350000000000364
2026-09-14 03:04:00+00:00,4349.3,4390.28,40.97999999999956
2026-09-14 03:05:00+00:00,4350.39,4391.43,41.039999999999964
2026-09-14 03:06:00+00:00,4351.95,4393.08,41.13000000000011
2026-09-14 03:07:00+00:00,4353.1,4394.18,41.07999999999993
2026-09-14 03:08:00+00:00,4354.5,4395.58,41.07999999999993
2026-09-14 03:09:00+00:00,4352.54,4393.58,41.039999999999964
2026-09-14 03:10:00+00:00,4351.01,4392.08,41.06999999999971
2026-09-14 03:11:00+00:00,4350.71,4391.83,41.11999999999989
2026-09-14 03:12:00+00:00,4348.56,4389.73,41.16999999999916
2026-09-14 03:13:00+00:00,4349.42,4390.38,40.960000000000036
2026-09-14 03:14:00+00:00,4349.33,4390.33,41.0
2026-09-14 03:15:00+00:00,4348.99,4389.98,40.98999999999978
2026-09-14 03:16:00+00:00,4348.96,4389.93,40.970000000000255
2026-09-14 03:17:00+00:00,4349.33,4390.33,41.0
2026-09-14 03:18:00+00:00,4349.56,4390.58,41.01999999999953
2026-09-14 03:19:00+00:00,4349.36,4390.28,40.92000000000007
2026-09-14 03:20:00+00:00,4350.44,4391.48,41.039999999999964
2026-09-14 03:21:00+00:00,4349.85,4390.78,40.92999999999938
2026-09-14 03:22:00+00:00,4350.41,4391.43,41.02000000000044
2026-09-14 03:23:00+00:00,4352.54,4393.58,41.039999999999964
2026-09-14 03:24:00+00:00,4353.34,4394.28,40.9399999999996
2026-09-14 03:25:00+00:00,4353.24,4394.23,40.98999999999978
2026-09-14 03:26:00+00:00,4353.68,4394.83,41.149999999999636
2026-09-14 03:27:00+00:00,4353.07,4394.23,41.159999999999854
2026-09-14 03:28:00+00:00,4352.46,4393.63,41.17000000000007
2026-09-14 03:29:00+00:00,4352.17,4393.28,41.10999999999967
2026-09-14 03:30:00+00:00,4353.67,4394.78,41.10999999999967
2026-09-14 03:31:00+00:00,4354.93,4396.23,41.29999999999927
2026-09-14 03:32:00+00:00,4353.49,4394.58,41.090000000000146
2026-09-14 03:33:00+00:00,4352.94,4394.48,41.539999999999964
2026-09-14 03:34:00+00:00,4354.22,4395.58,41.35999999999967
2026-09-14 03:35:00+00:00,4351.79,4392.98,41.1899999999996
2026-09-14 03:36:00+00:00,4351.43,4392.58,41.149999999999636
2026-09-14 03:37:00+00:00,4350.58,4391.63,41.05000000000018
2026-09-14 03:38:00+00:00,4350.1,4391.18,41.07999999999993
2026-09-14 03:39:00+00:00,4347.81,4389.18,41.36999999999989
2026-09-14 03:40:00+00:00,4346.22,4387.28,41.05999999999949
2026-09-14 03:41:00+00:00,4345.27,4386.48,41.20999999999913
2026-09-14 03:42:00+00:00,4345.25,4386.43,41.18000000000029
2026-09-14 03:43:00+00:00,4347.45,4388.63,41.18000000000029
2026-09-14 03:44:00+00:00,4345.76,4386.83,41.06999999999971
2026-09-14 03:45:00+00:00,4347.49,4388.63,41.14000000000033
2026-09-14 03:46:00+00:00,4346.82,4387.78,40.960000000000036
2026-09-14 03:47:00+00:00,4345.98,4387.08,41.100000000000364
2026-09-14 03:48:00+00:00,4345.49,4386.53,41.039999999999964
2026-09-14 03:49:00+00:00,4345.02,4386.18,41.159999999999854
2026-09-14 03:50:00+00:00,4344.19,4385.18,40.99000000000069
2026-09-14 03:51:00+00:00,4341.23,4382.43,41.20000000000073
2026-09-14 03:52:00+00:00,4340.49,4381.53,41.039999999999964
2026-09-14 03:53:00+00:00,4340.4,4381.43,41.030000000000655
2026-09-14 03:54:00+00:00,4338.43,4379.38,40.94999999999982
2026-09-14 03:55:00+00:00,4335.85,4376.78,40.92999999999938
2026-09-14 03:56:00+00:00,4335.31,4376.23,40.91999999999916
2026-09-14 03:57:00+00:00,4332.75,4373.63,40.88000000000011
2026-09-14 03:58:00+00:00,4331.19,4371.88,40.69000000000051
2026-09-14 03:59:00+00:00,4331.07,4371.73,40.659999999999854
2026-09-14 04:00:00+00:00,4330.55,4371.23,40.67999999999938
2026-09-14 04:01:00+00:00,4331.15,4371.63,40.48000000000047
2026-09-14 04:02:00+00:00,4330.72,4371.28,40.55999999999949
2026-09-14 04:03:00+00:00,4333.08,4373.63,40.55000000000018
2026-09-14 04:04:00+00:00,4332.78,4373.03,40.25
2026-09-14 04:05:00+00:00,4333.19,4373.58,40.39000000000033
2026-09-14 04:06:00+00:00,4333.4,4373.83,40.43000000000029
2026-09-14 04:07:00+00:00,4333.71,4374.28,40.56999999999971
2026-09-14 04:08:00+00:00,4334.66,4375.13,40.470000000000255
2026-09-14 04:09:00+00:00,4335.8,4376.33,40.529999999999745
2026-09-14 04:10:00+00:00,4333.8,4374.28,40.47999999999956
2026-09-14 04:11:00+00:00,4334.45,4374.83,40.38000000000011
2026-09-14 04:12:00+00:00,4334.45,4374.88,40.43000000000029
2026-09-14 04:13:00+00:00,4335.64,4376.08,40.4399999999996
2026-09-14 04:14:00+00:00,4333.43,4373.88,40.44999999999982
2026-09-14 04:15:00+00:00,4333.02,4373.38,40.35999999999967
2026-09-14 04:16:00+00:00,4333.18,4373.63,40.44999999999982
2026-09-14 04:17:00+00:00,4333.68,4374.13,40.44999999999982
2026-09-14 04:18:00+00:00,4334.46,4374.93,40.470000000000255
2026-09-14 04:19:00+00:00,4335.55,4376.13,40.57999999999993
2026-09-14 04:20:00+00:00,4335.46,4375.93,40.470000000000255
2026-09-14 04:21:00+00:00,4334.61,4375.18,40.57000000000062
2026-09-14 04:22:00+00:00,4335.79,4376.18,40.39000000000033
2026-09-14 04:23:00+00:00,4335.69,4376.13,40.44000000000051
2026-09-14 04:24:00+00:00,4334.95,4375.28,40.32999999999993
2026-09-14 04:25:00+00:00,4334.13,4374.48,40.349999999999454
2026-09-14 04:26:00+00:00,4333.58,4374.08,40.5
2026-09-14 04:27:00+00:00,4333.75,4374.03,40.279999999999745
2026-09-14 04:28:00+00:00,4334.61,4374.98,40.36999999999989
2026-09-14 04:29:00+00:00,4334.87,4375.23,40.35999999999967
2026-09-14 04:30:00+00:00,4332.73,4373.08,40.350000000000364
2026-09-14 04:31:00+00:00,4333.19,4373.33,40.14000000000033
2026-09-14 04:32:00+00:00,4332.38,4372.68,40.30000000000018
2026-09-14 04:33:00+00:00,4330.9,4371.08,40.18000000000029
2026-09-14 04:34:00+00:00,4330.38,4370.58,40.19999999999982
2026-09-14 04:35:00+00:00,4329.42,4369.53,40.10999999999967
2026-09-14 04:36:00+00:00,4329.3,4369.38,40.07999999999993
2026-09-14 04:37:00+00:00,4331.62,4371.83,40.210000000000036
2026-09-14 04:38:00+00:00,4331.96,4372.03,40.06999999999971
2026-09-14 04:39:00+00:00,4332.09,4372.18,40.090000000000146
2026-09-14 04:40:00+00:00,4329.19,4369.33,40.14000000000033
2026-09-14 04:41:00+00:00,4327.42,4367.43,40.01000000000022
2026-09-14 04:42:00+00:00,4328.87,4368.83,39.960000000000036
2026-09-14 04:43:00+00:00,4329.37,4369.33,39.960000000000036
2026-09-14 04:44:00+00:00,4329.19,4369.13,39.94000000000051
2026-09-14 04:45:00+00:00,4330.31,4370.33,40.01999999999953
2026-09-14 04:46:00+00:00,4330.08,4370.03,39.94999999999982
2026-09-14 04:47:00+00:00,4329.33,4369.23,39.899999999999636
2026-09-14 04:48:00+00:00,4331.13,4371.18,40.05000000000018
2026-09-14 04:49:00+00:00,4332.9,4373.08,40.18000000000029
2026-09-14 04:50:00+00:00,4333.07,4373.23,40.159999999999854
2026-09-14 04:51:00+00:00,4331.01,4371.18,40.17000000000007
2026-09-14 04:52:00+00:00,4331.91,4371.68,39.77000000000044
2026-09-14 04:53:00+00:00,4332.97,4372.98,40.00999999999931
2026-09-14 04:54:00+00:00,4331.86,4372.18,40.32000000000062
2026-09-14 04:55:00+00:00,4331.7,4371.73,40.029999999999745
2026-09-14 04:56:00+00:00,4331.29,4371.38,40.090000000000146
2026-09-14 04:57:00+00:00,4331.0,4371.08,40.07999999999993
2026-09-14 04:58:00+00:00,4330.34,4370.33,39.98999999999978
2026-09-14 04:59:00+00:00,4330.55,4370.38,39.82999999999993
2026-09-14 05:00:00+00:00,4331.0,4370.98,39.97999999999956
2026-09-14 05:01:00+00:00,4330.47,4370.33,39.85999999999967
2026-09-14 05:02:00+00:00,4330.44,4370.23,39.789999999999964
2026-09-14 05:03:00+00:00,4331.67,4371.48,39.80999999999949
2026-09-14 05:04:00+00:00,4331.25,4371.13,39.88000000000011
2026-09-14 05:05:00+00:00,4330.68,4370.63,39.94999999999982
2026-09-14 05:06:00+00:00,4330.49,4370.48,39.98999999999978
2026-09-14 05:07:00+00:00,4330.27,4370.13,39.85999999999967
2026-09-14 05:08:00+00:00,4329.5,4369.28,39.779999999999745
2026-09-14 05:09:00+00:00,4330.84,4370.78,39.9399999999996
2026-09-14 05:10:00+00:00,4330.38,4370.33,39.94999999999982
2026-09-14 05:11:00+00:00,4330.82,4370.78,39.960000000000036
2026-09-14 05:12:00+00:00,4330.09,4369.88,39.789999999999964
2026-09-14 05:13:00+00:00,4330.52,4370.38,39.85999999999967
2026-09-14 05:14:00+00:00,4329.31,4369.08,39.76999999999953
2026-09-14 05:15:00+00:00,4329.84,4369.78,39.9399999999996
2026-09-14 05:16:00+00:00,4330.15,4369.98,39.82999999999993
2026-09-14 05:17:00+00:00,4329.58,4369.43,39.850000000000364
2026-09-14 05:18:00+00:00,4329.5,4369.33,39.82999999999993
2026-09-14 05:19:00+00:00,4329.85,4369.63,39.779999999999745
2026-09-14 05:20:00+00:00,4329.55,4369.38,39.82999999999993
2026-09-14 05:21:00+00:00,4329.82,4369.58,39.76000000000022
2026-09-14 05:22:00+00:00,4330.57,4370.48,39.909999999999854
2026-09-14 05:23:00+00:00,4330.27,4370.18,39.909999999999854
2026-09-14 05:24:00+00:00,4330.23,4370.13,39.900000000000546
2026-09-14 05:25:00+00:00,4330.53,4370.43,39.900000000000546
2026-09-14 05:26:00+00:00,4330.92,4370.73,39.80999999999949
2026-09-14 05:27:00+00:00,4331.42,4371.28,39.85999999999967
2026-09-14 05:28:00+00:00,4331.18,4371.03,39.849999999999454
2026-09-14 05:29:00+00:00,4331.69,4371.48,39.789999999999964
2026-09-14 05:30:00+00:00,4331.33,4371.13,39.80000000000018
2026-09-14 05:31:00+00:00,4330.39,4370.18,39.789999999999964
2026-09-14 05:32:00+00:00,4329.54,4369.33,39.789999999999964
2026-09-14 05:33:00+00:00,4328.69,4368.48,39.789999999999964
2026-09-14 05:34:00+00:00,4327.93,4367.78,39.849999999999454
2026-09-14 05:35:00+00:00,4329.63,4369.43,39.80000000000018
2026-09-14 05:36:00+00:00,4328.78,4368.68,39.900000000000546
2026-09-14 05:37:00+00:00,4327.74,4367.78,40.039999999999964
2026-09-14 05:38:00+00:00,4325.39,4365.23,39.839999999999236
2026-09-14 05:39:00+00:00,4326.58,4366.78,40.19999999999982
2026-09-14 05:40:00+00:00,4325.49,4365.58,40.090000000000146
2026-09-14 05:41:00+00:00,4324.75,4364.73,39.97999999999956
2026-09-14 05:42:00+00:00,4325.05,4365.08,40.029999999999745
2026-09-14 05:43:00+00:00,4324.32,4364.33,40.01000000000022
2026-09-14 05:44:00+00:00,4323.4,4363.43,40.030000000000655
2026-09-14 05:45:00+00:00,4324.06,4364.03,39.969999999999345
2026-09-14 05:46:00+00:00,4323.14,4363.18,40.039999999999964
2026-09-14 05:47:00+00:00,4322.39,4362.48,40.089999999999236
2026-09-14 05:48:00+00:00,4324.61,4364.68,40.07000000000062
2026-09-14 05:49:00+00:00,4324.91,4365.08,40.17000000000007
2026-09-14 05:50:00+00:00,4325.03,4365.08,40.05000000000018
2026-09-14 05:51:00+00:00,4324.49,4364.33,39.840000000000146
2026-09-14 05:52:00+00:00,4324.88,4364.78,39.899999999999636
2026-09-14 05:53:00+00:00,4326.69,4366.53,39.840000000000146
2026-09-14 05:54:00+00:00,4328.31,4368.13,39.81999999999971
2026-09-14 05:55:00+00:00,4330.76,4370.73,39.969999999999345
2026-09-14 05:56:00+00:00,4329.57,4369.63,40.0600000000004
2026-09-14 05:57:00+00:00,4329.15,4369.13,39.98000000000047
2026-09-14 05:58:00+00:00,4329.66,4369.58,39.92000000000007
2026-09-14 05:59:00+00:00,4329.53,4369.58,40.05000000000018
2026-09-14 06:00:00+00:00,4329.98,4369.98,40.0
2026-09-14 06:01:00+00:00,4329.04,4368.93,39.89000000000033
2026-09-14 06:02:00+00:00,4328.2,4368.13,39.93000000000029
2026-09-14 06:03:00+00:00,4330.26,4370.13,39.86999999999989
2026-09-14 06:04:00+00:00,4332.24,4372.08,39.840000000000146
2026-09-14 06:05:00+00:00,4332.09,4372.13,40.039999999999964
2026-09-14 06:06:00+00:00,4330.66,4370.63,39.970000000000255
2026-09-14 06:07:00+00:00,4331.27,4371.23,39.95999999999913
2026-09-14 06:08:00+00:00,4330.66,4370.58,39.92000000000007
2026-09-14 06:09:00+00:00,4328.94,4369.03,40.090000000000146
2026-09-14 06:10:00+00:00,4326.91,4366.73,39.81999999999971
2026-09-14 06:11:00+00:00,4327.12,4367.08,39.960000000000036
2026-09-14 06:12:00+00:00,4327.96,4368.03,40.06999999999971
2026-09-14 06:13:00+00:00,4329.51,4369.53,40.01999999999953
2026-09-14 06:14:00+00:00,4330.83,4370.88,40.05000000000018
2026-09-14 06:15:00+00:00,4331.21,4371.28,40.06999999999971
2026-09-14 06:16:00+00:00,4331.29,4371.33,40.039999999999964
2026-09-14 06:17:00+00:00,4330.55,4370.63,40.07999999999993
2026-09-14 06:18:00+00:00,4329.88,4369.93,40.05000000000018
2026-09-14 06:19:00+00:00,4329.89,4369.83,39.9399999999996
2026-09-14 06:20:00+00:00,4329.81,4369.73,39.91999999999916
2026-09-14 06:21:00+00:00,4329.99,4369.93,39.94000000000051
2026-09-14 06:22:00+00:00,4329.54,4369.48,39.9399999999996
2026-09-14 06:23:00+00:00,4328.22,4368.28,40.05999999999949
2026-09-14 06:24:00+00:00,4327.4,4367.33,39.93000000000029
2026-09-14 06:25:00+00:00,4327.95,4367.88,39.93000000000029
2026-09-14 06:26:00+00:00,4328.61,4368.73,40.11999999999989
2026-09-14 06:27:00+00:00,4328.98,4368.98,40.0
2026-09-14 06:28:00+00:00,4327.7,4367.63,39.93000000000029
2026-09-14 06:29:00+00:00,4326.88,4366.63,39.75
2026-09-14 06:30:00+00:00,4332.3,4372.53,40.22999999999956
2026-09-14 06:31:00+00:00,4332.43,4372.53,40.099999999999454
2026-09-14 06:32:00+00:00,4334.6,4374.73,40.1299999999992
2026-09-14 06:33:00+00:00,4336.2,4376.53,40.32999999999993
2026-09-14 06:34:00+00:00,4332.35,4372.58,40.22999999999956
2026-09-14 06:35:00+00:00,4334.68,4374.93,40.25
2026-09-14 06:36:00+00:00,4334.01,4374.28,40.26999999999953
2026-09-14 06:37:00+00:00,4334.12,4374.33,40.210000000000036
2026-09-14 06:38:00+00:00,4335.21,4375.48,40.26999999999953
2026-09-14 06:39:00+00:00,4335.23,4375.38,40.150000000000546
2026-09-14 06:40:00+00:00,4333.31,4373.58,40.26999999999953
2026-09-14 06:41:00+00:00,4332.3,4372.38,40.07999999999993
2026-09-14 06:42:00+00:00,4327.06,4367.13,40.06999999999971
2026-09-14 06:43:00+00:00,4329.79,4369.83,40.039999999999964
2026-09-14 06:44:00+00:00,4331.02,4371.08,40.05999999999949
2026-09-14 06:45:00+00:00,4329.67,4369.68,40.01000000000022
2026-09-14 06:46:00+00:00,4330.38,4370.68,40.30000000000018
2026-09-14 06:47:00+00:00,4330.75,4370.83,40.07999999999993
2026-09-14 06:48:00+00:00,4327.34,4367.58,40.23999999999978
2026-09-14 06:49:00+00:00,4326.3,4366.33,40.029999999999745
2026-09-14 06:50:00+00:00,4327.38,4367.28,39.899999999999636
2026-09-14 06:51:00+00:00,4328.67,4368.93,40.26000000000022
2026-09-14 06:52:00+00:00,4329.04,4369.28,40.23999999999978
2026-09-14 06:53:00+00:00,4332.45,4372.63,40.18000000000029
2026-09-14 06:54:00+00:00,4334.49,4374.88,40.39000000000033
2026-09-14 06:55:00+00:00,4333.6,4374.03,40.42999999999938
2026-09-14 06:56:00+00:00,4335.17,4375.53,40.35999999999967
2026-09-14 06:57:00+00:00,4335.56,4376.03,40.469999999999345
2026-09-14 06:58:00+00:00,4336.42,4376.83,40.409999999999854
2026-09-14 06:59:00+00:00,4337.54,4377.78,40.23999999999978
2026-09-14 07:00:00+00:00,4336.16,4376.68,40.52000000000044
2026-09-14 07:01:00+00:00,4337.97,4378.43,40.460000000000036
2026-09-14 07:02:00+00:00,4336.93,4377.18,40.25
2026-09-14 07:03:00+00:00,4335.92,4376.33,40.409999999999854
2026-09-14 07:04:00+00:00,4334.42,4374.93,40.51000000000022
2026-09-14 07:05:00+00:00,4333.54,4373.93,40.39000000000033
2026-09-14 07:06:00+00:00,4331.65,4372.13,40.48000000000047
2026-09-14 07:07:00+00:00,4333.72,4373.98,40.25999999999931
2026-09-14 07:08:00+00:00,4332.96,4373.33,40.36999999999989
2026-09-14 07:09:00+00:00,4330.93,4371.53,40.599999999999454
2026-09-14 07:10:00+00:00,4331.57,4371.98,40.409999999999854
2026-09-14 07:11:00+00:00,4332.46,4372.88,40.42000000000007
2026-09-14 07:12:00+00:00,4329.01,4369.43,40.42000000000007
2026-09-14 07:13:00+00:00,4327.95,4368.33,40.38000000000011
2026-09-14 07:14:00+00:00,4329.97,4370.38,40.409999999999854
2026-09-14 07:15:00+00:00,4328.41,4368.83,40.42000000000007
2026-09-14 07:16:00+00:00,4329.39,4369.78,40.38999999999942
2026-09-14 07:17:00+00:00,4329.06,4369.58,40.51999999999953
2026-09-14 07:18:00+00:00,4329.22,4369.63,40.409999999999854
2026-09-14 07:19:00+00:00,4330.32,4370.78,40.460000000000036
2026-09-14 07:20:00+00:00,4329.29,4369.68,40.39000000000033
2026-09-14 07:21:00+00:00,4328.73,4369.18,40.45000000000073
2026-09-14 07:22:00+00:00,4327.59,4368.03,40.4399999999996
2026-09-14 07:23:00+00:00,4329.09,4369.43,40.340000000000146
2026-09-14 07:24:00+00:00,4329.47,4369.78,40.30999999999949
2026-09-14 07:25:00+00:00,4330.51,4370.93,40.42000000000007
2026-09-14 07:26:00+00:00,4331.67,4371.88,40.210000000000036
2026-09-14 07:27:00+00:00,4332.12,4372.38,40.26000000000022
2026-09-14 07:28:00+00:00,4330.46,4370.53,40.06999999999971
2026-09-14 07:29:00+00:00,4330.17,4370.43,40.26000000000022
2026-09-14 07:30:00+00:00,4330.91,4371.23,40.31999999999971
2026-09-14 07:31:00+00:00,4331.31,4371.58,40.26999999999953
2026-09-14 07:32:00+00:00,4330.18,4370.53,40.349999999999454
2026-09-14 07:33:00+00:00,4329.92,4370.28,40.35999999999967
2026-09-14 07:34:00+00:00,4330.2,4370.53,40.32999999999993
2026-09-14 07:35:00+00:00,4329.06,4369.43,40.36999999999989
2026-09-14 07:36:00+00:00,4331.29,4371.63,40.340000000000146
2026-09-14 07:37:00+00:00,4330.84,4371.13,40.289999999999964
2026-09-14 07:38:00+00:00,4329.26,4369.38,40.11999999999989
2026-09-14 07:39:00+00:00,4327.7,4368.18,40.48000000000047
2026-09-14 07:40:00+00:00,4327.33,4367.73,40.399999999999636
2026-09-14 07:41:00+00:00,4327.16,4367.48,40.31999999999971
2026-09-14 07:42:00+00:00,4326.45,4366.73,40.279999999999745
2026-09-14 07:43:00+00:00,4325.54,4365.93,40.39000000000033
2026-09-14 07:44:00+00:00,4327.34,4367.73,40.38999999999942
2026-09-14 07:45:00+00:00,4328.65,4368.73,40.07999999999993
2026-09-14 07:46:00+00:00,4328.52,4368.98,40.45999999999913
2026-09-14 07:47:00+00:00,4327.6,4368.08,40.47999999999956
2026-09-14 07:48:00+00:00,4327.85,4368.18,40.32999999999993
2026-09-14 07:49:00+00:00,4323.89,4364.23,40.339999999999236
2026-09-14 07:50:00+00:00,4322.71,4363.03,40.31999999999971
2026-09-14 07:51:00+00:00,4323.1,4363.28,40.17999999999938
2026-09-14 07:52:00+00:00,4324.21,4364.43,40.220000000000255
2026-09-14 07:53:00+00:00,4322.73,4363.08,40.350000000000364
2026-09-14 07:54:00+00:00,4323.41,4363.58,40.17000000000007
2026-09-14 07:55:00+00:00,4323.27,4363.38,40.10999999999967
2026-09-14 07:56:00+00:00,4321.28,4361.58,40.30000000000018
2026-09-14 07:57:00+00:00,4321.96,4362.18,40.220000000000255
2026-09-14 07:58:00+00:00,4321.61,4361.83,40.220000000000255
2026-09-14 07:59:00+00:00,4322.46,4362.33,39.86999999999989
2026-09-14 08:00:00+00:00,4320.76,4360.98,40.219999999999345
2026-09-14 08:01:00+00:00,4319.94,4360.08,40.14000000000033
2026-09-14 08:02:00+00:00,4318.42,4358.78,40.35999999999967
2026-09-14 08:03:00+00:00,4319.33,4359.58,40.25
2026-09-14 08:04:00+00:00,4321.56,4361.63,40.06999999999971
2026-09-14 08:05:00+00:00,4322.27,4362.28,40.00999999999931
2026-09-14 08:06:00+00:00,4321.37,4361.48,40.10999999999967
2026-09-14 08:07:00+00:00,4320.32,4360.33,40.01000000000022
2026-09-14 08:08:00+00:00,4320.98,4361.08,40.100000000000364
2026-09-14 08:09:00+00:00,4319.34,4359.28,39.9399999999996
2026-09-14 08:10:00+00:00,4321.21,4361.23,40.01999999999953
2026-09-14 08:11:00+00:00,4322.1,4362.23,40.1299999999992
2026-09-14 08:12:00+00:00,4322.15,4362.23,40.07999999999993
2026-09-14 08:13:00+00:00,4323.29,4363.63,40.340000000000146
2026-09-14 08:14:00+00:00,4323.94,4364.18,40.24000000000069
2026-09-14 08:15:00+00:00,4321.78,4361.93,40.150000000000546
2026-09-14 08:16:00+00:00,4322.87,4363.03,40.159999999999854
2026-09-14 08:17:00+00:00,4322.39,4362.58,40.1899999999996
2026-09-14 08:18:00+00:00,4323.1,4363.28,40.17999999999938
2026-09-14 08:19:00+00:00,4323.79,4363.98,40.1899999999996
2026-09-14 08:20:00+00:00,4320.45,4360.78,40.32999999999993
2026-09-14 08:21:00+00:00,4321.5,4361.68,40.18000000000029
2026-09-14 08:22:00+00:00,4321.67,4361.73,40.05999999999949
2026-09-14 08:23:00+00:00,4322.16,4362.23,40.06999999999971
2026-09-14 08:24:00+00:00,4319.89,4359.98,40.089999999999236
2026-09-14 08:25:00+00:00,4319.1,4359.08,39.97999999999956
2026-09-14 08:26:00+00:00,4321.25,4361.33,40.07999999999993
2026-09-14 08:27:00+00:00,4319.85,4359.98,40.1299999999992
2026-09-14 08:28:00+00:00,4318.5,4358.53,40.029999999999745
2026-09-14 08:29:00+00:00,4316.85,4356.98,40.1299999999992
2026-09-14 08:30:00+00:00,4318.23,4358.28,40.05000000000018
2026-09-14 08:31:00+00:00,4319.11,4359.33,40.220000000000255
2026-09-14 08:32:00+00:00,4318.24,4358.28,40.039999999999964
2026-09-14 08:33:00+00:00,4316.8,4356.98,40.17999999999938
2026-09-14 08:34:00+00:00,4317.47,4357.48,40.00999999999931
2026-09-14 08:35:00+00:00,4316.85,4356.78,39.92999999999938
2026-09-14 08:36:00+00:00,4316.91,4356.83,39.92000000000007
2026-09-14 08:37:00+00:00,4316.91,4356.88,39.970000000000255
2026-09-14 08:38:00+00:00,4317.34,4357.33,39.98999999999978
2026-09-14 08:39:00+00:00,4317.03,4356.88,39.850000000000364
2026-09-14 08:40:00+00:00,4318.05,4357.88,39.82999999999993
2026-09-14 08:41:00+00:00,4317.85,4357.63,39.779999999999745
2026-09-14 08:42:00+00:00,4319.23,4359.03,39.80000000000018
2026-09-14 08:43:00+00:00,4318.58,4358.43,39.850000000000364
2026-09-14 08:44:00+00:00,4319.23,4359.18,39.95000000000073
2026-09-14 08:45:00+00:00,4320.09,4360.13,40.039999999999964
2026-09-14 08:46:00+00:00,4319.93,4360.03,40.099999999999454
2026-09-14 08:47:00+00:00,4319.01,4358.93,39.92000000000007
2026-09-14 08:48:00+00:00,4316.98,4356.88,39.900000000000546
2026-09-14 08:49:00+00:00,4317.88,4357.73,39.849999999999454
2026-09-14 08:50:00+00:00,4316.79,4356.58,39.789999999999964
2026-09-14 08:51:00+00:00,4311.75,4351.58,39.82999999999993
2026-09-14 08:52:00+00:00,4311.74,4351.58,39.840000000000146
2026-09-14 08:53:00+00:00,4311.55,4351.33,39.779999999999745
2026-09-14 08:54:00+00:00,4311.28,4351.28,40.0
2026-09-14 08:55:00+00:00,4309.96,4349.98,40.01999999999953
2026-09-14 08:56:00+00:00,4309.6,4349.43,39.82999999999993
2026-09-14 08:57:00+00:00,4308.57,4348.48,39.909999999999854
2026-09-14 08:58:00+00:00,4310.76,4350.63,39.86999999999989
2026-09-14 08:59:00+00:00,4310.77,4350.78,40.00999999999931
2026-09-14 09:00:00+00:00,4311.25,4351.08,39.82999999999993
2026-09-14 09:01:00+00:00,4313.56,4353.43,39.86999999999989
2026-09-14 09:02:00+00:00,4313.08,4353.13,40.05000000000018
2026-09-14 09:03:00+00:00,4314.06,4354.08,40.01999999999953
2026-09-14 09:04:00+00:00,4314.71,4354.68,39.970000000000255
2026-09-14 09:05:00+00:00,4317.16,4357.08,39.92000000000007
2026-09-14 09:06:00+00:00,4317.83,4357.83,40.0
2026-09-14 09:07:00+00:00,4314.67,4354.63,39.960000000000036
2026-09-14 09:08:00+00:00,4314.7,4354.63,39.93000000000029
2026-09-14 09:09:00+00:00,4315.85,4355.88,40.029999999999745
2026-09-14 09:10:00+00:00,4315.9,4355.58,39.68000000000029
2026-09-14 09:11:00+00:00,4314.95,4354.83,39.88000000000011
2026-09-14 09:12:00+00:00,4314.04,4353.88,39.840000000000146
2026-09-14 09:13:00+00:00,4313.33,4353.23,39.899999999999636
2026-09-14 09:14:00+00:00,4313.2,4353.18,39.98000000000047
2026-09-14 09:15:00+00:00,4311.04,4350.88,39.840000000000146
2026-09-14 09:16:00+00:00,4311.61,4351.23,39.61999999999989
2026-09-14 09:17:00+00:00,4311.31,4350.98,39.66999999999916
2026-09-14 09:18:00+00:00,4311.12,4350.78,39.659999999999854
2026-09-14 09:19:00+00:00,4311.41,4351.13,39.720000000000255
2026-09-14 09:20:00+00:00,4312.51,4352.08,39.56999999999971
2026-09-14 09:21:00+00:00,4312.45,4352.38,39.93000000000029
2026-09-14 09:22:00+00:00,4312.31,4352.23,39.91999999999916
2026-09-14 09:23:00+00:00,4313.22,4353.38,40.159999999999854
2026-09-14 09:24:00+00:00,4313.25,4353.13,39.88000000000011
2026-09-14 09:25:00+00:00,4312.59,4352.73,40.13999999999942
2026-09-14 09:26:00+00:00,4313.15,4353.13,39.98000000000047
2026-09-14 09:27:00+00:00,4312.94,4352.88,39.94000000000051
2026-09-14 09:28:00+00:00,4312.41,4352.43,40.02000000000044
2026-09-14 09:29:00+00:00,4310.6,4350.58,39.97999999999956
2026-09-14 09:30:00+00:00,4310.09,4350.08,39.98999999999978
2026-09-14 09:31:00+00:00,4312.0,4351.93,39.93000000000029
2026-09-14 09:32:00+00:00,4313.81,4353.78,39.969999999999345
2026-09-14 09:33:00+00:00,4312.13,4351.98,39.849999999999454
2026-09-14 09:34:00+00:00,4312.53,4352.43,39.900000000000546
2026-09-14 09:35:00+00:00,4313.78,4353.68,39.900000000000546
2026-09-14 09:36:00+00:00,4313.61,4353.63,40.02000000000044
2026-09-14 09:37:00+00:00,4314.85,4354.68,39.82999999999993
2026-09-14 09:38:00+00:00,4314.09,4354.03,39.9399999999996
2026-09-14 09:39:00+00:00,4313.48,4353.33,39.850000000000364
2026-09-14 09:40:00+00:00,4312.96,4352.98,40.01999999999953
2026-09-14 09:41:00+00:00,4312.94,4352.73,39.789999999999964
2026-09-14 09:42:00+00:00,4312.27,4352.13,39.85999999999967
2026-09-14 09:43:00+00:00,4309.92,4349.63,39.710000000000036
2026-09-14 09:44:00+00:00,4311.8,4351.83,40.029999999999745
2026-09-14 09:45:00+00:00,4311.41,4351.38,39.970000000000255
2026-09-14 09:46:00+00:00,4310.65,4350.38,39.73000000000047
2026-09-14 09:47:00+00:00,4310.98,4350.73,39.75
2026-09-14 09:48:00+00:00,4309.44,4349.13,39.69000000000051
2026-09-14 09:49:00+00:00,4309.3,4349.18,39.88000000000011
2026-09-14 09:50:00+00:00,4308.15,4347.93,39.780000000000655
2026-09-14 09:51:00+00:00,4307.35,4347.03,39.67999999999938
2026-09-14 09:52:00+00:00,4307.66,4347.18,39.52000000000044
2026-09-14 09:53:00+00:00,4306.01,4345.63,39.61999999999989
2026-09-14 09:54:00+00:00,4306.57,4346.13,39.5600000000004
2026-09-14 09:55:00+00:00,4305.83,4345.48,39.649999999999636
2026-09-14 09:56:00+00:00,4303.97,4343.68,39.710000000000036
2026-09-14 09:57:00+00:00,4305.04,4344.53,39.48999999999978
2026-09-14 09:58:00+00:00,4306.25,4345.78,39.529999999999745
2026-09-14 09:59:00+00:00,4306.65,4346.48,39.82999999999993
2026-09-14 10:00:00+00:00,4309.58,4349.53,39.94999999999982
2026-09-14 10:01:00+00:00,4311.69,4351.73,40.039999999999964
2026-09-14 10:02:00+00:00,4308.74,4348.68,39.94000000000051
2026-09-14 10:03:00+00:00,4310.73,4350.43,39.70000000000073
2026-09-14 10:04:00+00:00,4309.19,4349.03,39.840000000000146
2026-09-14 10:05:00+00:00,4309.23,4349.18,39.95000000000073
2026-09-14 10:06:00+00:00,4308.72,4348.43,39.710000000000036
2026-09-14 10:07:00+00:00,4308.69,4348.48,39.789999999999964
2026-09-14 10:08:00+00:00,4309.56,4349.23,39.66999999999916
2026-09-14 10:09:00+00:00,4310.67,4350.28,39.60999999999967
2026-09-14 10:10:00+00:00,4309.26,4348.93,39.67000000000007
2026-09-14 10:11:00+00:00,4306.55,4346.08,39.529999999999745
2026-09-14 10:12:00+00:00,4306.64,4346.23,39.589999999999236
2026-09-14 10:13:00+00:00,4306.21,4345.83,39.61999999999989
2026-09-14 10:14:00+00:00,4306.02,4345.63,39.60999999999967
2026-09-14 10:15:00+00:00,4303.56,4343.08,39.51999999999953
2026-09-14 10:16:00+00:00,4302.53,4342.03,39.5
2026-09-14 10:17:00+00:00,4301.19,4340.73,39.539999999999964
2026-09-14 10:18:00+00:00,4297.55,4337.03,39.47999999999956
2026-09-14 10:19:00+00:00,4292.87,4332.08,39.210000000000036
2026-09-14 10:20:00+00:00,4292.86,4332.13,39.27000000000044
2026-09-14 10:21:00+00:00,4290.16,4329.43,39.27000000000044
2026-09-14 10:22:00+00:00,4287.37,4326.78,39.409999999999854
2026-09-14 10:23:00+00:00,4288.9,4328.28,39.38000000000011
2026-09-14 10:24:00+00:00,4287.85,4327.13,39.279999999999745
2026-09-14 10:25:00+00:00,4285.0,4324.53,39.529999999999745
2026-09-14 10:26:00+00:00,4283.31,4322.78,39.469999999999345
2026-09-14 10:27:00+00:00,4283.68,4323.13,39.44999999999982
2026-09-14 10:28:00+00:00,4284.79,4324.38,39.590000000000146
2026-09-14 10:29:00+00:00,4288.16,4327.48,39.31999999999971
2026-09-14 10:30:00+00:00,4288.63,4327.98,39.349999999999454
2026-09-14 10:31:00+00:00,4285.94,4325.58,39.64000000000033
2026-09-14 10:32:00+00:00,4283.51,4323.33,39.81999999999971
2026-09-14 10:33:00+00:00,4286.18,4325.88,39.69999999999982
2026-09-14 10:34:00+00:00,4287.89,4327.28,39.38999999999942
2026-09-14 10:35:00+00:00,4286.13,4325.83,39.69999999999982
2026-09-14 10:36:00+00:00,4287.25,4326.88,39.63000000000011
2026-09-14 10:37:00+00:00,4286.67,4326.28,39.60999999999967
2026-09-14 10:38:00+00:00,4284.41,4323.83,39.42000000000007
2026-09-14 10:39:00+00:00,4282.14,4321.68,39.539999999999964
2026-09-14 10:40:00+00:00,4280.82,4320.33,39.51000000000022
2026-09-14 10:41:00+00:00,4284.11,4323.48,39.36999999999989
2026-09-14 10:42:00+00:00,4286.03,4325.38,39.350000000000364
2026-09-14 10:43:00+00:00,4285.67,4325.03,39.35999999999967
2026-09-14 10:44:00+00:00,4281.49,4320.88,39.39000000000033
2026-09-14 10:45:00+00:00,4280.68,4319.98,39.29999999999927
2026-09-14 10:46:00+00:00,4281.83,4320.98,39.149999999999636
2026-09-14 10:47:00+00:00,4282.17,4321.63,39.460000000000036
2026-09-14 10:48:00+00:00,4281.04,4320.33,39.289999999999964
2026-09-14 10:49:00+00:00,4281.81,4321.38,39.56999999999971
2026-09-14 10:50:00+00:00,4281.03,4320.28,39.25
2026-09-14 10:51:00+00:00,4281.4,4320.68,39.280000000000655
2026-09-14 10:52:00+00:00,4283.41,4322.73,39.31999999999971
2026-09-14 10:53:00+00:00,4284.71,4324.18,39.470000000000255
2026-09-14 10:54:00+00:00,4287.66,4327.08,39.42000000000007
2026-09-14 10:55:00+00:00,4286.79,4326.28,39.48999999999978
2026-09-14 10:56:00+00:00,4287.18,4326.63,39.44999999999982
2026-09-14 10:57:00+00:00,4286.31,4325.63,39.31999999999971
2026-09-14 10:58:00+00:00,4285.52,4324.93,39.409999999999854
2026-09-14 10:59:00+00:00,4285.53,4325.03,39.5
2026-09-14 11:00:00+00:00,4283.71,4323.03,39.31999999999971
2026-09-14 11:01:00+00:00,4281.45,4320.98,39.529999999999745
2026-09-14 11:02:00+00:00,4281.33,4320.73,39.399999999999636
2026-09-14 11:03:00+00:00,4279.26,4318.68,39.42000000000007
2026-09-14 11:04:00+00:00,4281.65,4321.13,39.48000000000047
2026-09-14 11:05:00+00:00,4283.62,4323.13,39.51000000000022
2026-09-14 11:06:00+00:00,4282.46,4321.98,39.51999999999953
2026-09-14 11:07:00+00:00,4284.72,4324.23,39.50999999999931
2026-09-14 11:08:00+00:00,4284.92,4324.33,39.409999999999854
2026-09-14 11:09:00+00:00,4286.07,4325.63,39.5600000000004
2026-09-14 11:10:00+00:00,4286.33,4325.93,39.600000000000364
2026-09-14 11:11:00+00:00,4287.86,4327.38,39.52000000000044
2026-09-14 11:12:00+00:00,4287.54,4327.08,39.539999999999964
2026-09-14 11:13:00+00:00,4288.47,4327.98,39.50999999999931
2026-09-14 11:14:00+00:00,4288.57,4328.03,39.460000000000036
2026-09-14 11:15:00+00:00,4287.48,4327.13,39.650000000000546
2026-09-14 11:16:00+00:00,4287.13,4326.73,39.599999999999454
2026-09-14 11:17:00+00:00,4287.75,4327.28,39.529999999999745
2026-09-14 11:18:00+00:00,4290.02,4329.58,39.55999999999949
2026-09-14 11:19:00+00:00,4290.1,4329.73,39.6299999999992
2026-09-14 11:20:00+00:00,4287.26,4326.68,39.42000000000007
2026-09-14 11:21:00+00:00,4286.64,4326.48,39.839999999999236
2026-09-14 11:22:00+00:00,4287.13,4326.83,39.69999999999982
2026-09-14 11:23:00+00:00,4288.74,4328.43,39.69000000000051
2026-09-14 11:24:00+00:00,4288.6,4328.78,40.17999999999938
2026-09-14 11:25:00+00:00,4291.25,4331.08,39.82999999999993
2026-09-14 11:26:00+00:00,4292.43,4332.03,39.599999999999454
2026-09-14 11:27:00+00:00,4290.79,4330.43,39.64000000000033
2026-09-14 11:28:00+00:00,4291.27,4330.88,39.60999999999967
2026-09-14 11:29:00+00:00,4291.19,4330.88,39.69000000000051
2026-09-14 11:30:00+00:00,4290.94,4330.73,39.789999999999964
2026-09-14 11:31:00+00:00,4290.56,4330.03,39.469999999999345
2026-09-14 11:32:00+00:00,4291.3,4330.93,39.63000000000011
2026-09-14 11:33:00+00:00,4291.98,4331.63,39.650000000000546
2026-09-14 11:34:00+00:00,4291.26,4330.83,39.56999999999971
2026-09-14 11:35:00+00:00,4292.2,4332.03,39.82999999999993
2026-09-14 11:36:00+00:00,4292.59,4332.18,39.590000000000146
2026-09-14 11:37:00+00:00,4291.51,4331.28,39.76999999999953
2026-09-14 11:38:00+00:00,4293.21,4332.98,39.76999999999953
2026-09-14 11:39:00+00:00,4293.36,4333.18,39.82000000000062
2026-09-14 11:40:00+00:00,4293.09,4332.93,39.840000000000146
2026-09-14 11:41:00+00:00,4294.27,4334.03,39.75999999999931
2026-09-14 11:42:00+00:00,4294.38,4334.08,39.69999999999982
2026-09-14 11:43:00+00:00,4293.69,4333.08,39.39000000000033
2026-09-14 11:44:00+00:00,4293.84,4333.63,39.789999999999964
2026-09-14 11:45:00+00:00,4294.49,4334.23,39.73999999999978
2026-09-14 11:46:00+00:00,4293.36,4333.13,39.77000000000044
2026-09-14 11:47:00+00:00,4292.13,4332.03,39.899999999999636
2026-09-14 11:48:00+00:00,4292.88,4332.43,39.55000000000018
2026-09-14 11:49:00+00:00,4292.54,4332.43,39.89000000000033
2026-09-14 11:50:00+00:00,4291.99,4331.68,39.69000000000051
2026-09-14 11:51:00+00:00,4292.32,4332.03,39.710000000000036
2026-09-14 11:52:00+00:00,4291.53,4331.48,39.94999999999982
2026-09-14 11:53:00+00:00,4292.4,4332.18,39.780000000000655
2026-09-14 11:54:00+00:00,4291.52,4331.33,39.80999999999949
2026-09-14 11:55:00+00:00,4291.72,4331.53,39.80999999999949
2026-09-14 11:56:00+00:00,4293.87,4333.68,39.8100000000004
2026-09-14 11:57:00+00:00,4294.46,4334.23,39.76999999999953
2026-09-14 11:58:00+00:00,4296.22,4335.88,39.659999999999854
2026-09-14 11:59:00+00:00,4294.58,4334.43,39.850000000000364
2026-09-14 12:00:00+00:00,4294.46,4334.23,39.76999999999953
2026-09-14 12:01:00+00:00,4294.88,4334.78,39.899999999999636
2026-09-14 12:02:00+00:00,4295.59,4335.33,39.73999999999978
2026-09-14 12:03:00+00:00,4296.49,4336.03,39.539999999999964
2026-09-14 12:04:00+00:00,4296.74,4336.48,39.73999999999978
2026-09-14 12:05:00+00:00,4296.02,4335.03,39.00999999999931
2026-09-14 12:06:00+00:00,4295.65,4335.03,39.38000000000011
2026-09-14 12:07:00+00:00,4294.2,4334.18,39.98000000000047
2026-09-14 12:08:00+00:00,4295.08,4334.88,39.80000000000018
2026-09-14 12:09:00+00:00,4294.75,4334.78,40.029999999999745
2026-09-14 12:10:00+00:00,4292.25,4332.13,39.88000000000011
2026-09-14 12:11:00+00:00,4292.69,4332.63,39.94000000000051
2026-09-14 12:12:00+00:00,4292.28,4332.13,39.850000000000364
2026-09-14 12:13:00+00:00,4291.91,4331.73,39.81999999999971
2026-09-14 12:14:00+00:00,4292.29,4332.08,39.789999999999964
2026-09-14 12:15:00+00:00,4293.4,4333.33,39.93000000000029
2026-09-14 12:16:00+00:00,4292.57,4332.58,40.01000000000022
2026-09-14 12:17:00+00:00,4294.89,4334.88,39.98999999999978
2026-09-14 12:18:00+00:00,4294.64,4334.68,40.039999999999964
2026-09-14 12:19:00+00:00,4295.49,4335.48,39.98999999999978
2026-09-14 12:20:00+00:00,4296.25,4336.18,39.93000000000029
2026-09-14 12:21:00+00:00,4295.01,4334.88,39.86999999999989
2026-09-14 12:22:00+00:00,4296.17,4336.23,40.05999999999949
2026-09-14 12:23:00+00:00,4296.42,4336.38,39.960000000000036
2026-09-14 12:24:00+00:00,4296.78,4336.73,39.94999999999982
2026-09-14 12:25:00+00:00,4296.67,4336.53,39.85999999999967
2026-09-14 12:26:00+00:00,4296.11,4336.23,40.11999999999989
2026-09-14 12:27:00+00:00,4295.95,4336.13,40.18000000000029
2026-09-14 12:28:00+00:00,4296.24,4336.28,40.039999999999964
2026-09-14 12:29:00+00:00,4296.05,4336.08,40.029999999999745
2026-09-14 12:30:00+00:00,4296.02,4336.08,40.05999999999949
2026-09-14 12:31:00+00:00,4296.49,4336.48,39.98999999999978
2026-09-14 12:32:00+00:00,4295.52,4335.63,40.10999999999967
2026-09-14 12:33:00+00:00,4294.81,4334.83,40.01999999999953
2026-09-14 12:34:00+00:00,4294.71,4334.83,40.11999999999989
2026-09-14 12:35:00+00:00,4293.77,4333.83,40.05999999999949
2026-09-14 12:36:00+00:00,4293.51,4333.43,39.92000000000007
2026-09-14 12:37:00+00:00,4292.98,4333.03,40.05000000000018
2026-09-14 12:38:00+00:00,4293.34,4333.23,39.88999999999942
2026-09-14 12:39:00+00:00,4293.08,4333.08,40.0
2026-09-14 12:40:00+00:00,4293.79,4333.68,39.89000000000033
2026-09-14 12:41:00+00:00,4292.64,4332.58,39.9399999999996
2026-09-14 12:42:00+00:00,4293.56,4333.58,40.01999999999953
2026-09-14 12:43:00+00:00,4294.19,4334.08,39.89000000000033
2026-09-14 12:44:00+00:00,4292.26,4332.23,39.969999999999345
2026-09-14 12:45:00+00:00,4292.94,4332.93,39.99000000000069
2026-09-14 12:46:00+00:00,4291.85,4331.83,39.97999999999956
2026-09-14 12:47:00+00:00,4292.92,4332.78,39.85999999999967
2026-09-14 12:48:00+00:00,4292.52,4332.43,39.909999999999854
2026-09-14 12:49:00+00:00,4293.48,4333.23,39.75
2026-09-14 12:50:00+00:00,4291.45,4331.23,39.779999999999745
2026-09-14 12:51:00+00:00,4289.89,4329.73,39.839999999999236
2026-09-14 12:52:00+00:00,4288.36,4328.08,39.720000000000255
2026-09-14 12:53:00+00:00,4287.33,4327.13,39.80000000000018
2026-09-14 12:54:00+00:00,4287.54,4327.38,39.840000000000146
2026-09-14 12:55:00+00:00,4286.36,4326.08,39.720000000000255
2026-09-14 12:56:00+00:00,4284.67,4324.53,39.85999999999967
2026-09-14 12:57:00+00:00,4284.99,4324.73,39.73999999999978
2026-09-14 12:58:00+00:00,4284.97,4324.68,39.710000000000036
2026-09-14 12:59:00+00:00,4287.18,4326.83,39.649999999999636
2026-09-14 13:00:00+00:00,4289.59,4329.33,39.73999999999978
2026-09-14 13:01:00+00:00,4289.83,4329.63,39.80000000000018
2026-09-14 13:02:00+00:00,4288.46,4327.98,39.51999999999953
2026-09-14 13:03:00+00:00,4285.38,4325.18,39.80000000000018
2026-09-14 13:04:00+00:00,4287.01,4327.03,40.01999999999953
2026-09-14 13:05:00+00:00,4286.96,4326.83,39.86999999999989
2026-09-14 13:06:00+00:00,4287.57,4327.38,39.8100000000004
2026-09-14 13:07:00+00:00,4290.47,4330.28,39.80999999999949
2026-09-14 13:08:00+00:00,4291.28,4331.78,40.5
2026-09-14 13:09:00+00:00,4293.7,4333.48,39.779999999999745
2026-09-14 13:10:00+00:00,4295.86,4335.63,39.77000000000044
2026-09-14 13:11:00+00:00,4296.02,4335.93,39.909999999999854
2026-09-14 13:12:00+00:00,4295.61,4335.73,40.11999999999989
2026-09-14 13:13:00+00:00,4293.59,4333.43,39.840000000000146
2026-09-14 13:14:00+00:00,4294.65,4334.43,39.780000000000655
2026-09-14 13:15:00+00:00,4295.95,4335.73,39.779999999999745
2026-09-14 13:16:00+00:00,4294.03,4334.03,40.0
2026-09-14 13:17:00+00:00,4295.7,4335.53,39.82999999999993
2026-09-14 13:18:00+00:00,4291.57,4331.33,39.76000000000022
2026-09-14 13:19:00+00:00,4290.35,4330.03,39.67999999999938
2026-09-14 13:20:00+00:00,4287.76,4327.58,39.81999999999971
2026-09-14 13:21:00+00:00,4286.24,4325.98,39.73999999999978
2026-09-14 13:22:00+00:00,4286.89,4326.68,39.789999999999964
2026-09-14 13:23:00+00:00,4286.66,4326.53,39.86999999999989
2026-09-14 13:24:00+00:00,4285.75,4325.78,40.029999999999745
2026-09-14 13:25:00+00:00,4284.15,4324.18,40.030000000000655
2026-09-14 13:26:00+00:00,4285.94,4325.83,39.89000000000033
2026-09-14 13:27:00+00:00,4285.69,4325.58,39.89000000000033
2026-09-14 13:28:00+00:00,4286.27,4326.28,40.00999999999931
2026-09-14 13:29:00+00:00,4286.12,4326.08,39.960000000000036
2026-09-14 13:30:00+00:00,4285.25,4325.13,39.88000000000011
2026-09-14 13:31:00+00:00,4289.03,4328.78,39.75
2026-09-14 13:32:00+00:00,4286.06,4325.93,39.86999999999989
2026-09-14 13:33:00+00:00,4285.73,4325.73,40.0
2026-09-14 13:34:00+00:00,4288.03,4328.03,40.0
2026-09-14 13:35:00+00:00,4281.12,4320.58,39.460000000000036
2026-09-14 13:36:00+00:00,4278.6,4318.28,39.67999999999938
2026-09-14 13:37:00+00:00,4276.4,4316.03,39.63000000000011
2026-09-14 13:38:00+00:00,4276.82,4316.33,39.51000000000022
2026-09-14 13:39:00+00:00,4278.12,4317.93,39.8100000000004
2026-09-14 13:40:00+00:00,4282.62,4322.28,39.659999999999854
2026-09-14 13:41:00+00:00,4281.33,4321.13,39.80000000000018
2026-09-14 13:42:00+00:00,4282.37,4322.18,39.8100000000004
2026-09-14 13:43:00+00:00,4285.75,4325.68,39.93000000000029
2026-09-14 13:44:00+00:00,4283.69,4323.68,39.99000000000069
2026-09-14 13:45:00+00:00,4281.3,4321.18,39.88000000000011
2026-09-14 13:46:00+00:00,4279.64,4319.68,40.039999999999964
2026-09-14 13:47:00+00:00,4281.3,4321.18,39.88000000000011
2026-09-14 13:48:00+00:00,4277.54,4317.28,39.73999999999978
2026-09-14 13:49:00+00:00,4278.67,4318.48,39.80999999999949
2026-09-14 13:50:00+00:00,4277.57,4317.53,39.960000000000036
2026-09-14 13:51:00+00:00,4274.0,4313.83,39.82999999999993
2026-09-14 13:52:00+00:00,4274.36,4314.18,39.82000000000062
2026-09-14 13:53:00+00:00,4269.22,4309.13,39.909999999999854
2026-09-14 13:54:00+00:00,4269.93,4309.78,39.849999999999454
2026-09-14 13:55:00+00:00,4266.46,4306.38,39.92000000000007
2026-09-14 13:56:00+00:00,4266.46,4306.18,39.720000000000255
2026-09-14 13:57:00+00:00,4269.91,4309.78,39.86999999999989
2026-09-14 13:58:00+00:00,4270.92,4310.73,39.80999999999949
2026-09-14 13:59:00+00:00,4271.06,4310.83,39.76999999999953
2026-09-14 14:00:00+00:00,4270.39,4310.23,39.839999999999236
2026-09-14 14:01:00+00:00,4269.56,4309.53,39.969999999999345
2026-09-14 14:02:00+00:00,4269.94,4309.83,39.89000000000033
2026-09-14 14:03:00+00:00,4267.06,4306.88,39.81999999999971
2026-09-14 14:04:00+00:00,4267.71,4307.58,39.86999999999989
2026-09-14 14:05:00+00:00,4268.29,4308.28,39.98999999999978
2026-09-14 14:06:00+00:00,4266.46,4306.33,39.86999999999989
2026-09-14 14:07:00+00:00,4262.48,4302.18,39.70000000000073
2026-09-14 14:08:00+00:00,4254.67,4294.53,39.85999999999967
2026-09-14 14:09:00+00:00,4260.28,4299.93,39.650000000000546
2026-09-14 14:10:00+00:00,4262.03,4301.58,39.55000000000018
2026-09-14 14:11:00+00:00,4265.2,4304.88,39.68000000000029
2026-09-14 14:12:00+00:00,4263.92,4303.43,39.51000000000022
2026-09-14 14:13:00+00:00,4266.83,4306.38,39.55000000000018
2026-09-14 14:14:00+00:00,4266.34,4306.08,39.73999999999978
2026-09-14 14:15:00+00:00,4265.66,4305.28,39.61999999999989
2026-09-14 14:16:00+00:00,4267.79,4307.38,39.590000000000146
2026-09-14 14:17:00+00:00,4269.56,4309.23,39.66999999999916
2026-09-14 14:18:00+00:00,4271.75,4311.33,39.57999999999993
2026-09-14 14:19:00+00:00,4273.17,4312.73,39.55999999999949
2026-09-14 14:20:00+00:00,4273.63,4313.23,39.599999999999454
2026-09-14 14:21:00+00:00,4273.37,4313.23,39.85999999999967
2026-09-14 14:22:00+00:00,4275.37,4315.18,39.8100000000004
2026-09-14 14:23:00+00:00,4274.89,4314.78,39.88999999999942
2026-09-14 14:24:00+00:00,4276.01,4315.83,39.81999999999971
2026-09-14 14:25:00+00:00,4276.15,4316.08,39.93000000000029
2026-09-14 14:26:00+00:00,4275.45,4315.23,39.779999999999745
2026-09-14 14:27:00+00:00,4271.95,4311.43,39.48000000000047
2026-09-14 14:28:00+00:00,4273.12,4312.83,39.710000000000036
2026-09-14 14:29:00+00:00,4273.18,4312.93,39.75
2026-09-14 14:30:00+00:00,4276.0,4315.73,39.72999999999956
2026-09-14 14:31:00+00:00,4274.95,4314.73,39.779999999999745
2026-09-14 14:32:00+00:00,4277.65,4317.38,39.73000000000047
2026-09-14 14:33:00+00:00,4274.78,4314.58,39.80000000000018
2026-09-14 14:34:00+00:00,4272.25,4311.88,39.63000000000011
2026-09-14 14:35:00+00:00,4272.94,4312.63,39.69000000000051
2026-09-14 14:36:00+00:00,4271.63,4311.38,39.75
2026-09-14 14:37:00+00:00,4273.37,4313.18,39.8100000000004
2026-09-14 14:38:00+00:00,4270.84,4310.53,39.6899999999996
2026-09-14 14:39:00+00:00,4268.67,4308.43,39.76000000000022
2026-09-14 14:40:00+00:00,4269.85,4309.58,39.72999999999956
2026-09-14 14:41:00+00:00,4269.87,4309.58,39.710000000000036
2026-09-14 14:42:00+00:00,4269.44,4309.28,39.840000000000146
2026-09-14 14:43:00+00:00,4272.29,4312.13,39.840000000000146
2026-09-14 14:44:00+00:00,4274.94,4314.83,39.89000000000033
2026-09-14 14:45:00+00:00,4275.28,4314.98,39.69999999999982
2026-09-14 14:46:00+00:00,4275.66,4315.53,39.86999999999989
2026-09-14 14:47:00+00:00,4280.74,4320.48,39.73999999999978
2026-09-14 14:48:00+00:00,4278.09,4318.03,39.9399999999996
2026-09-14 14:49:00+00:00,4276.63,4316.53,39.899999999999636
2026-09-14 14:50:00+00:00,4277.01,4316.93,39.92000000000007
2026-09-14 14:51:00+00:00,4275.31,4315.28,39.969999999999345
2026-09-14 14:52:00+00:00,4278.44,4318.48,40.039999999999964
2026-09-14 14:53:00+00:00,4276.56,4316.33,39.76999999999953
2026-09-14 14:54:00+00:00,4273.26,4312.93,39.67000000000007
2026-09-14 14:55:00+00:00,4274.06,4313.93,39.86999999999989
2026-09-14 14:56:00+00:00,4271.5,4311.03,39.529999999999745
2026-09-14 14:57:00+00:00,4271.88,4311.48,39.599999999999454
2026-09-14 14:58:00+00:00,4271.52,4310.98,39.45999999999913
2026-09-14 14:59:00+00:00,4272.64,4312.23,39.589999999999236
2026-09-14 15:00:00+00:00,4271.4,4310.98,39.57999999999993
2026-09-14 15:01:00+00:00,4272.45,4312.08,39.63000000000011
2026-09-14 15:02:00+00:00,4269.49,4309.13,39.64000000000033
2026-09-14 15:03:00+00:00,4266.07,4306.13,40.0600000000004
2026-09-14 15:04:00+00:00,4267.68,4307.58,39.899999999999636
2026-09-14 15:05:00+00:00,4265.49,4305.28,39.789999999999964
2026-09-14 15:06:00+00:00,4268.93,4308.58,39.649999999999636
2026-09-14 15:07:00+00:00,4268.92,4308.78,39.85999999999967
2026-09-14 15:08:00+00:00,4269.45,4309.28,39.82999999999993
2026-09-14 15:09:00+00:00,4271.36,4311.13,39.77000000000044
2026-09-14 15:10:00+00:00,4274.19,4314.28,40.090000000000146
2026-09-14 15:11:00+00:00,4273.94,4313.88,39.94000000000051
2026-09-14 15:12:00+00:00,4273.4,4313.43,40.030000000000655
2026-09-14 15:13:00+00:00,4278.49,4318.48,39.98999999999978
2026-09-14 15:14:00+00:00,4281.81,4322.08,40.26999999999953
2026-09-14 15:15:00+00:00,4280.27,4320.58,40.30999999999949
2026-09-14 15:16:00+00:00,4277.27,4317.63,40.35999999999967
2026-09-14 15:17:00+00:00,4275.33,4315.33,40.0
2026-09-14 15:18:00+00:00,4273.52,4313.38,39.85999999999967
2026-09-14 15:19:00+00:00,4276.21,4316.43,40.220000000000255
2026-09-14 15:20:00+00:00,4272.68,4312.63,39.94999999999982
2026-09-14 15:21:00+00:00,4269.46,4309.53,40.06999999999971
2026-09-14 15:22:00+00:00,4268.94,4308.68,39.74000000000069
2026-09-14 15:23:00+00:00,4267.97,4307.78,39.80999999999949
2026-09-14 15:24:00+00:00,4264.86,4304.88,40.02000000000044
2026-09-14 15:25:00+00:00,4265.53,4305.53,40.0
2026-09-14 15:26:00+00:00,4265.01,4304.98,39.969999999999345
2026-09-14 15:27:00+00:00,4265.98,4305.93,39.95000000000073
2026-09-14 15:28:00+00:00,4268.36,4308.38,40.02000000000044
2026-09-14 15:29:00+00:00,4270.05,4310.18,40.13000000000011
2026-09-14 15:30:00+00:00,4267.81,4308.03,40.219999999999345
2026-09-14 15:31:00+00:00,4268.82,4308.93,40.11000000000058
2026-09-14 15:32:00+00:00,4269.59,4309.63,40.039999999999964
2026-09-14 15:33:00+00:00,4269.88,4309.93,40.05000000000018
2026-09-14 15:34:00+00:00,4271.49,4311.58,40.090000000000146
2026-09-14 15:35:00+00:00,4270.4,4310.43,40.030000000000655
2026-09-14 15:36:00+00:00,4269.14,4309.18,40.039999999999964
2026-09-14 15:37:00+00:00,4269.16,4309.23,40.06999999999971
2026-09-14 15:38:00+00:00,4271.93,4311.98,40.04999999999927
2026-09-14 15:39:00+00:00,4271.59,4311.58,39.98999999999978
2026-09-14 15:40:00+00:00,4270.83,4310.88,40.05000000000018
2026-09-14 15:41:00+00:00,4270.55,4310.63,40.07999999999993
2026-09-14 15:42:00+00:00,4271.35,4311.33,39.97999999999956
2026-09-14 15:43:00+00:00,4272.65,4312.63,39.98000000000047
2026-09-14 15:44:00+00:00,4276.73,4316.93,40.20000000000073
2026-09-14 15:45:00+00:00,4278.55,4318.83,40.279999999999745
2026-09-14 15:46:00+00:00,4276.99,4317.18,40.19000000000051
2026-09-14 15:47:00+00:00,4276.77,4316.83,40.05999999999949
2026-09-14 15:48:00+00:00,4277.88,4318.03,40.149999999999636
2026-09-14 15:49:00+00:00,4278.39,4318.53,40.13999999999942
2026-09-14 15:50:00+00:00,4277.56,4317.53,39.969999999999345
2026-09-14 15:51:00+00:00,4278.87,4318.93,40.0600000000004
2026-09-14 15:52:00+00:00,4275.68,4315.88,40.19999999999982
2026-09-14 15:53:00+00:00,4274.55,4314.73,40.17999999999938
2026-09-14 15:54:00+00:00,4276.29,4316.58,40.289999999999964
2026-09-14 15:55:00+00:00,4277.72,4318.08,40.35999999999967
2026-09-14 15:56:00+00:00,4276.67,4317.13,40.460000000000036
2026-09-14 15:57:00+00:00,4275.41,4315.53,40.11999999999989
2026-09-14 15:58:00+00:00,4276.59,4316.93,40.340000000000146
2026-09-14 15:59:00+00:00,4279.5,4319.93,40.43000000000029
2026-09-14 16:00:00+00:00,4278.49,4319.03,40.539999999999964
2026-09-14 16:01:00+00:00,4278.32,4318.83,40.51000000000022
2026-09-14 16:02:00+00:00,4277.74,4318.03,40.289999999999964
2026-09-14 16:03:00+00:00,4277.3,4317.73,40.42999999999938
2026-09-14 16:04:00+00:00,4272.99,4313.33,40.340000000000146
2026-09-14 16:05:00+00:00,4280.75,4320.88,40.13000000000011
2026-09-14 16:06:00+00:00,4285.4,4325.83,40.43000000000029
2026-09-14 16:07:00+00:00,4283.63,4324.08,40.44999999999982
2026-09-14 16:08:00+00:00,4282.11,4322.63,40.52000000000044
2026-09-14 16:09:00+00:00,4280.4,4320.93,40.530000000000655
2026-09-14 16:10:00+00:00,4282.3,4322.88,40.57999999999993
2026-09-14 16:11:00+00:00,4280.54,4321.03,40.48999999999978
2026-09-14 16:12:00+00:00,4279.39,4319.93,40.539999999999964
2026-09-14 16:13:00+00:00,4279.1,4319.58,40.47999999999956
2026-09-14 16:14:00+00:00,4277.02,4317.53,40.50999999999931
2026-09-14 16:15:00+00:00,4278.76,4319.23,40.469999999999345
2026-09-14 16:16:00+00:00,4276.89,4317.63,40.73999999999978
2026-09-14 16:17:00+00:00,4275.31,4315.93,40.61999999999989
2026-09-14 16:18:00+00:00,4273.89,4314.28,40.38999999999942
2026-09-14 16:19:00+00:00,4275.87,4316.58,40.710000000000036
2026-09-14 16:20:00+00:00,4275.41,4316.18,40.77000000000044
2026-09-14 16:21:00+00:00,4275.6,4316.23,40.6299999999992
2026-09-14 16:22:00+00:00,4275.66,4316.33,40.67000000000007
2026-09-14 16:23:00+00:00,4275.91,4316.58,40.67000000000007
2026-09-14 16:24:00+00:00,4279.42,4320.13,40.710000000000036
2026-09-14 16:25:00+00:00,4278.72,4319.38,40.659999999999854
2026-09-14 16:26:00+00:00,4279.73,4320.53,40.80000000000018
2026-09-14 16:27:00+00:00,4280.85,4321.43,40.57999999999993
2026-09-14 16:28:00+00:00,4284.05,4324.68,40.63000000000011
2026-09-14 16:29:00+00:00,4283.45,4324.28,40.82999999999993
2026-09-14 16:30:00+00:00,4286.21,4326.83,40.61999999999989
2026-09-14 16:31:00+00:00,4284.75,4325.43,40.68000000000029
2026-09-14 16:32:00+00:00,4287.57,4328.33,40.76000000000022
2026-09-14 16:33:00+00:00,4291.91,4332.28,40.36999999999989
2026-09-14 16:34:00+00:00,4294.03,4334.58,40.55000000000018
2026-09-14 16:35:00+00:00,4293.18,4333.98,40.79999999999927
2026-09-14 16:36:00+00:00,4289.92,4330.63,40.710000000000036
2026-09-14 16:37:00+00:00,4296.38,4337.03,40.649999999999636
2026-09-14 16:38:00+00:00,4296.75,4337.43,40.68000000000029
2026-09-14 16:39:00+00:00,4297.53,4338.18,40.650000000000546
2026-09-14 16:40:00+00:00,4294.91,4335.73,40.81999999999971
2026-09-14 16:41:00+00:00,4297.55,4338.28,40.72999999999956
2026-09-14 16:42:00+00:00,4294.89,4335.73,40.839999999999236
2026-09-14 16:43:00+00:00,4296.98,4337.78,40.80000000000018
2026-09-14 16:44:00+00:00,4294.16,4335.08,40.92000000000007
2026-09-14 16:45:00+00:00,4293.91,4334.48,40.56999999999971
2026-09-14 16:46:00+00:00,4293.45,4334.28,40.82999999999993
2026-09-14 16:47:00+00:00,4291.02,4331.93,40.909999999999854
2026-09-14 16:48:00+00:00,4290.12,4330.93,40.8100000000004
2026-09-14 16:49:00+00:00,4288.28,4329.03,40.75
2026-09-14 16:50:00+00:00,4287.46,4328.23,40.76999999999953
2026-09-14 16:51:00+00:00,4288.12,4328.78,40.659999999999854
2026-09-14 16:52:00+00:00,4289.01,4329.63,40.61999999999989
2026-09-14 16:53:00+00:00,4289.7,4330.33,40.63000000000011
2026-09-14 16:54:00+00:00,4289.46,4330.13,40.67000000000007
2026-09-14 16:55:00+00:00,4290.4,4331.13,40.73000000000047
2026-09-14 16:56:00+00:00,4290.73,4331.33,40.600000000000364
2026-09-14 16:57:00+00:00,4290.84,4331.63,40.789999999999964
2026-09-14 16:58:00+00:00,4288.95,4329.63,40.68000000000029
2026-09-14 16:59:00+00:00,4288.3,4329.03,40.72999999999956
2026-09-14 17:00:00+00:00,4288.61,4329.43,40.82000000000062
2026-09-14 17:01:00+00:00,4287.05,4327.78,40.72999999999956
2026-09-14 17:02:00+00:00,4288.38,4329.08,40.69999999999982
2026-09-14 17:03:00+00:00,4287.94,4328.63,40.69000000000051
2026-09-14 17:04:00+00:00,4286.55,4327.23,40.67999999999938
2026-09-14 17:05:00+00:00,4288.43,4329.38,40.94999999999982
2026-09-14 17:06:00+00:00,4290.13,4330.88,40.75
2026-09-14 17:07:00+00:00,4291.77,4332.48,40.70999999999913
2026-09-14 17:08:00+00:00,4291.9,4332.73,40.82999999999993
2026-09-14 17:09:00+00:00,4294.87,4335.53,40.659999999999854
2026-09-14 17:10:00+00:00,4296.06,4336.63,40.56999999999971
2026-09-14 17:11:00+00:00,4296.69,4337.33,40.64000000000033
2026-09-14 17:12:00+00:00,4296.26,4336.83,40.56999999999971
2026-09-14 17:13:00+00:00,4295.67,4336.23,40.55999999999949
2026-09-14 17:14:00+00:00,4294.27,4334.88,40.60999999999967
2026-09-14 17:15:00+00:00,4297.21,4337.83,40.61999999999989
2026-09-14 17:16:00+00:00,4296.33,4337.23,40.899999999999636
2026-09-14 17:17:00+00:00,4297.19,4337.63,40.44000000000051
2026-09-14 17:18:00+00:00,4298.61,4339.08,40.470000000000255
2026-09-14 17:19:00+00:00,4298.84,4339.38,40.539999999999964
2026-09-14 17:20:00+00:00,4298.54,4339.13,40.590000000000146
2026-09-14 17:21:00+00:00,4298.82,4339.33,40.51000000000022
2026-09-14 17:22:00+00:00,4300.73,4341.58,40.850000000000364
2026-09-14 17:23:00+00:00,4304.23,4344.98,40.75
2026-09-14 17:24:00+00:00,4304.46,4345.33,40.86999999999989
2026-09-14 17:25:00+00:00,4303.38,4344.33,40.94999999999982
2026-09-14 17:26:00+00:00,4302.7,4343.48,40.779999999999745
2026-09-14 17:27:00+00:00,4303.82,4344.73,40.909999999999854
2026-09-14 17:28:00+00:00,4300.45,4341.03,40.57999999999993
2026-09-14 17:29:00+00:00,4300.26,4340.83,40.56999999999971
2026-09-14 17:30:00+00:00,4299.83,4340.33,40.5
2026-09-14 17:31:00+00:00,4302.57,4343.33,40.76000000000022
2026-09-14 17:32:00+00:00,4301.71,4342.43,40.720000000000255
2026-09-14 17:33:00+00:00,4302.59,4343.33,40.73999999999978
2026-09-14 17:34:00+00:00,4301.18,4341.73,40.54999999999927
2026-09-14 17:35:00+00:00,4301.53,4342.13,40.600000000000364
2026-09-14 17:36:00+00:00,4300.99,4341.43,40.44000000000051
2026-09-14 17:37:00+00:00,4302.12,4342.63,40.51000000000022
2026-09-14 17:38:00+00:00,4302.59,4343.03,40.4399999999996
2026-09-14 17:39:00+00:00,4303.17,4343.58,40.409999999999854
2026-09-14 17:40:00+00:00,4304.75,4345.28,40.529999999999745
2026-09-14 17:41:00+00:00,4305.38,4346.03,40.649999999999636
2026-09-14 17:42:00+00:00,4304.85,4345.48,40.6299999999992
2026-09-14 17:43:00+00:00,4307.35,4348.03,40.67999999999938
2026-09-14 17:44:00+00:00,4306.2,4346.78,40.57999999999993
2026-09-14 17:45:00+00:00,4306.21,4346.73,40.51999999999953
2026-09-14 17:46:00+00:00,4305.86,4346.48,40.61999999999989
2026-09-14 17:47:00+00:00,4311.36,4352.08,40.720000000000255
2026-09-14 17:48:00+00:00,4313.31,4353.93,40.61999999999989
2026-09-14 17:49:00+00:00,4313.96,4354.53,40.56999999999971
2026-09-14 17:50:00+00:00,4313.9,4354.28,40.38000000000011
2026-09-14 17:51:00+00:00,4316.28,4357.08,40.80000000000018
2026-09-14 17:52:00+00:00,4316.4,4356.98,40.57999999999993
2026-09-14 17:53:00+00:00,4315.74,4356.68,40.94000000000051
2026-09-14 17:54:00+00:00,4316.52,4357.43,40.909999999999854
2026-09-14 17:55:00+00:00,4316.95,4357.68,40.73000000000047
2026-09-14 17:56:00+00:00,4316.17,4357.13,40.960000000000036
2026-09-14 17:57:00+00:00,4315.04,4355.78,40.73999999999978
2026-09-14 17:58:00+00:00,4314.96,4355.73,40.76999999999953
2026-09-14 17:59:00+00:00,4315.71,4356.48,40.76999999999953
2026-09-14 18:00:00+00:00,4316.33,4356.93,40.600000000000364
2026-09-14 18:01:00+00:00,4313.62,4354.23,40.60999999999967
2026-09-14 18:02:00+00:00,4313.54,4354.08,40.539999999999964
2026-09-14 18:03:00+00:00,4313.49,4353.93,40.44000000000051
2026-09-14 18:04:00+00:00,4314.74,4355.13,40.39000000000033
2026-09-14 18:05:00+00:00,4312.9,4353.28,40.38000000000011
2026-09-14 18:06:00+00:00,4312.88,4353.38,40.5
2026-09-14 18:07:00+00:00,4312.75,4353.38,40.63000000000011
2026-09-14 18:08:00+00:00,4313.67,4354.13,40.460000000000036
2026-09-14 18:09:00+00:00,4313.71,4354.03,40.31999999999971
2026-09-14 18:10:00+00:00,4314.0,4354.33,40.32999999999993
2026-09-14 18:11:00+00:00,4313.37,4353.68,40.3100000000004
2026-09-14 18:12:00+00:00,4315.56,4355.93,40.36999999999989
2026-09-14 18:13:00+00:00,4313.25,4353.63,40.38000000000011
2026-09-14 18:14:00+00:00,4311.46,4351.93,40.470000000000255
2026-09-14 18:15:00+00:00,4310.95,4351.33,40.38000000000011
2026-09-14 18:16:00+00:00,4310.82,4351.23,40.409999999999854
2026-09-14 18:17:00+00:00,4311.55,4351.98,40.42999999999938
2026-09-14 18:18:00+00:00,4310.19,4350.48,40.289999999999964
2026-09-14 18:19:00+00:00,4309.76,4350.18,40.42000000000007
2026-09-14 18:20:00+00:00,4309.85,4350.23,40.3799999999992
2026-09-14 18:21:00+00:00,4310.18,4350.83,40.649999999999636
2026-09-14 18:22:00+00:00,4310.88,4351.68,40.80000000000018
2026-09-14 18:23:00+00:00,4311.83,4352.23,40.399999999999636
2026-09-14 18:24:00+00:00,4311.26,4351.63,40.36999999999989
2026-09-14 18:25:00+00:00,4311.4,4351.78,40.38000000000011
2026-09-14 18:26:00+00:00,4312.95,4353.23,40.279999999999745
2026-09-14 18:27:00+00:00,4313.18,4353.38,40.19999999999982
2026-09-14 18:28:00+00:00,4312.12,4352.48,40.35999999999967
2026-09-14 18:29:00+00:00,4311.76,4352.03,40.26999999999953
2026-09-14 18:30:00+00:00,4313.34,4353.68,40.340000000000146
2026-09-14 18:31:00+00:00,4310.98,4351.38,40.400000000000546
2026-09-14 18:32:00+00:00,4311.16,4351.58,40.42000000000007
2026-09-14 18:33:00+00:00,4310.49,4350.93,40.44000000000051
2026-09-14 18:34:00+00:00,4309.01,4349.48,40.469999999999345
2026-09-14 18:35:00+00:00,4307.86,4348.28,40.42000000000007
2026-09-14 18:36:00+00:00,4309.75,4350.13,40.38000000000011
2026-09-14 18:37:00+00:00,4309.96,4350.23,40.26999999999953
2026-09-14 18:38:00+00:00,4311.16,4351.48,40.31999999999971
2026-09-14 18:39:00+00:00,4311.06,4351.68,40.61999999999989
2026-09-14 18:40:00+00:00,4310.2,4350.63,40.43000000000029
2026-09-14 18:41:00+00:00,4309.75,4350.03,40.279999999999745
2026-09-14 18:42:00+00:00,4310.13,4350.43,40.30000000000018
2026-09-14 18:43:00+00:00,4310.94,4351.28,40.340000000000146
2026-09-14 18:44:00+00:00,4309.99,4350.23,40.23999999999978
2026-09-14 18:45:00+00:00,4310.11,4350.33,40.220000000000255
2026-09-14 18:46:00+00:00,4310.27,4350.53,40.25999999999931
2026-09-14 18:47:00+00:00,4309.28,4349.48,40.19999999999982
2026-09-14 18:48:00+00:00,4310.37,4350.58,40.210000000000036
2026-09-14 18:49:00+00:00,4309.18,4349.28,40.099999999999454
2026-09-14 18:50:00+00:00,4308.81,4349.03,40.219999999999345
2026-09-14 18:51:00+00:00,4309.56,4349.73,40.16999999999916
2026-09-14 18:52:00+00:00,4311.39,4351.53,40.13999999999942
2026-09-14 18:53:00+00:00,4312.18,4352.43,40.25
2026-09-14 18:54:00+00:00,4312.32,4352.43,40.11000000000058
2026-09-14 18:55:00+00:00,4312.04,4352.33,40.289999999999964
2026-09-14 18:56:00+00:00,4313.54,4353.68,40.14000000000033
2026-09-14 18:57:00+00:00,4312.13,4352.38,40.25
2026-09-14 18:58:00+00:00,4311.64,4351.98,40.339999999999236
2026-09-14 18:59:00+00:00,4310.87,4351.28,40.409999999999854
2026-09-14 19:00:00+00:00,4313.13,4353.38,40.25
2026-09-14 19:01:00+00:00,4314.51,4354.78,40.26999999999953
2026-09-14 19:02:00+00:00,4313.59,4353.93,40.340000000000146
2026-09-14 19:03:00+00:00,4312.19,4352.28,40.090000000000146
2026-09-14 19:04:00+00:00,4310.22,4350.38,40.159999999999854
2026-09-14 19:05:00+00:00,4308.51,4348.78,40.26999999999953
2026-09-14 19:06:00+00:00,4309.62,4349.83,40.210000000000036
2026-09-14 19:07:00+00:00,4310.32,4350.63,40.3100000000004
2026-09-14 19:08:00+00:00,4311.3,4351.53,40.22999999999956
2026-09-14 19:09:00+00:00,4310.3,4350.53,40.22999999999956
2026-09-14 19:10:00+00:00,4312.17,4352.38,40.210000000000036
2026-09-14 19:11:00+00:00,4311.44,4351.48,40.039999999999964
2026-09-14 19:12:00+00:00,4311.06,4351.23,40.16999999999916
2026-09-14 19:13:00+00:00,4311.75,4351.93,40.18000000000029
2026-09-14 19:14:00+00:00,4312.43,4352.83,40.399999999999636
2026-09-14 19:15:00+00:00,4312.45,4352.68,40.23000000000047
2026-09-14 19:16:00+00:00,4312.25,4352.48,40.22999999999956
2026-09-14 19:17:00+00:00,4311.78,4351.98,40.19999999999982
2026-09-14 19:18:00+00:00,4311.67,4351.78,40.10999999999967
2026-09-14 19:19:00+00:00,4311.63,4351.73,40.099999999999454
2026-09-14 19:20:00+00:00,4311.43,4351.53,40.099999999999454
2026-09-14 19:21:00+00:00,4310.89,4350.98,40.089999999999236
2026-09-14 19:22:00+00:00,4309.62,4349.63,40.01000000000022
2026-09-14 19:23:00+00:00,4308.34,4348.43,40.090000000000146
2026-09-14 19:24:00+00:00,4308.23,4348.28,40.05000000000018
2026-09-14 19:25:00+00:00,4308.07,4348.18,40.11000000000058
2026-09-14 19:26:00+00:00,4307.3,4347.48,40.17999999999938
2026-09-14 19:27:00+00:00,4306.85,4347.08,40.22999999999956
2026-09-14 19:28:00+00:00,4307.74,4347.98,40.23999999999978
2026-09-14 19:29:00+00:00,4309.69,4349.93,40.24000000000069
2026-09-14 19:30:00+00:00,4309.28,4349.38,40.100000000000364
2026-09-14 19:31:00+00:00,4308.67,4348.88,40.210000000000036
2026-09-14 19:32:00+00:00,4310.15,4350.23,40.07999999999993
2026-09-14 19:33:00+00:00,4312.38,4352.58,40.19999999999982
2026-09-14 19:34:00+00:00,4311.58,4351.73,40.149999999999636
2026-09-14 19:35:00+00:00,4312.15,4352.38,40.23000000000047
2026-09-14 19:36:00+00:00,4312.25,4352.43,40.18000000000029
2026-09-14 19:37:00+00:00,4311.87,4352.08,40.210000000000036
2026-09-14 19:38:00+00:00,4312.52,4352.83,40.30999999999949
2026-09-14 19:39:00+00:00,4310.94,4351.23,40.289999999999964
2026-09-14 19:40:00+00:00,4310.42,4350.53,40.10999999999967
2026-09-14 19:41:00+00:00,4309.88,4350.03,40.149999999999636
2026-09-14 19:42:00+00:00,4309.81,4349.88,40.06999999999971
2026-09-14 19:43:00+00:00,4309.3,4349.58,40.279999999999745
2026-09-14 19:44:00+00:00,4309.28,4349.58,40.30000000000018
2026-09-14 19:45:00+00:00,4309.12,4349.18,40.0600000000004
2026-09-14 19:46:00+00:00,4307.62,4347.68,40.0600000000004
2026-09-14 19:47:00+00:00,4307.6,4347.78,40.17999999999938
2026-09-14 19:48:00+00:00,4307.78,4348.08,40.30000000000018
2026-09-14 19:49:00+00:00,4307.61,4348.18,40.57000000000062
2026-09-14 19:50:00+00:00,4305.55,4345.68,40.13000000000011
2026-09-14 19:51:00+00:00,4304.93,4345.28,40.349999999999454
2026-09-14 19:52:00+00:00,4305.6,4345.83,40.22999999999956
2026-09-14 19:53:00+00:00,4305.54,4345.83,40.289999999999964
2026-09-14 19:54:00+00:00,4306.53,4346.83,40.30000000000018
2026-09-14 19:55:00+00:00,4306.67,4346.88,40.210000000000036
2026-09-14 19:56:00+00:00,4306.13,4346.33,40.19999999999982
2026-09-14 19:57:00+00:00,4306.28,4346.38,40.100000000000364
2026-09-14 19:58:00+00:00,4306.98,4347.13,40.150000000000546
2026-09-14 19:59:00+00:00,4307.46,4347.53,40.06999999999971
2026-09-14 20:00:00+00:00,4307.31,4347.53,40.219999999999345
2026-09-14 20:01:00+00:00,4305.96,4346.08,40.11999999999989
2026-09-14 20:02:00+00:00,4306.06,4346.08,40.01999999999953
2026-09-14 20:03:00+00:00,4305.53,4345.73,40.19999999999982
2026-09-14 20:04:00+00:00,4306.56,4346.58,40.01999999999953
2026-09-14 20:05:00+00:00,4306.52,4346.58,40.05999999999949
2026-09-14 20:06:00+00:00,4304.97,4344.88,39.909999999999854
2026-09-14 20:07:00+00:00,4303.74,4343.98,40.23999999999978
2026-09-14 20:08:00+00:00,4304.53,4344.68,40.150000000000546
2026-09-14 20:09:00+00:00,4303.65,4343.98,40.32999999999993
2026-09-14 20:10:00+00:00,4303.96,4344.28,40.31999999999971
2026-09-14 20:11:00+00:00,4305.12,4345.43,40.3100000000004
2026-09-14 20:12:00+00:00,4305.43,4345.68,40.25
2026-09-14 20:13:00+00:00,4305.99,4346.18,40.19000000000051
2026-09-14 20:14:00+00:00,4305.88,4346.23,40.349999999999454
2026-09-14 20:15:00+00:00,4304.19,4344.38,40.19000000000051
2026-09-14 20:16:00+00:00,4303.3,4343.43,40.13000000000011
2026-09-14 20:17:00+00:00,4302.79,4343.18,40.39000000000033
2026-09-14 20:18:00+00:00,4302.66,4343.03,40.36999999999989
2026-09-14 20:19:00+00:00,4301.84,4342.18,40.340000000000146
2026-09-14 20:20:00+00:00,4301.73,4342.18,40.45000000000073
2026-09-14 20:21:00+00:00,4300.75,4341.18,40.43000000000029
2026-09-14 20:22:00+00:00,4297.41,4337.93,40.52000000000044
2026-09-14 20:23:00+00:00,4297.61,4338.08,40.470000000000255
2026-09-14 20:24:00+00:00,4297.38,4337.88,40.5
2026-09-14 20:25:00+00:00,4297.35,4337.83,40.47999999999956
2026-09-14 20:26:00+00:00,4297.25,4337.78,40.529999999999745
2026-09-14 20:27:00+00:00,4297.17,4337.88,40.710000000000036
2026-09-14 20:28:00+00:00,4297.12,4337.68,40.5600000000004
2026-09-14 20:29:00+00:00,4296.41,4336.98,40.56999999999971
2026-09-14 20:30:00+00:00,4296.2,4336.78,40.57999999999993
2026-09-14 20:31:00+00:00,4296.57,4337.13,40.5600000000004
2026-09-14 20:32:00+00:00,4295.6,4336.18,40.57999999999993
2026-09-14 20:33:00+00:00,4294.8,4335.38,40.57999999999993
2026-09-14 20:34:00+00:00,4293.22,4333.68,40.460000000000036
2026-09-14 20:35:00+00:00,4293.32,4333.83,40.51000000000022
2026-09-14 20:36:00+00:00,4293.91,4334.43,40.52000000000044
2026-09-14 20:37:00+00:00,4293.59,4334.13,40.539999999999964
2026-09-14 20:38:00+00:00,4293.23,4333.73,40.5
2026-09-14 20:39:00+00:00,4292.13,4332.63,40.5
2026-09-14 20:40:00+00:00,4291.27,4331.83,40.55999999999949
2026-09-14 20:41:00+00:00,4291.18,4331.68,40.5
2026-09-14 20:42:00+00:00,4291.53,4332.03,40.5
2026-09-14 20:43:00+00:00,4291.16,4331.68,40.52000000000044
2026-09-14 20:44:00+00:00,4291.93,4332.28,40.349999999999454
2026-09-14 20:45:00+00:00,4291.47,4331.98,40.50999999999931
2026-09-14 20:46:00+00:00,4290.31,4330.93,40.61999999999989
2026-09-14 20:47:00+00:00,4289.74,4330.33,40.590000000000146
2026-09-14 20:48:00+00:00,4288.93,4329.43,40.5
2026-09-14 20:49:00+00:00,4287.92,4328.33,40.409999999999854
2026-09-14 20:50:00+00:00,4286.85,4327.13,40.279999999999745
2026-09-14 20:51:00+00:00,4287.37,4327.63,40.26000000000022
2026-09-14 20:52:00+00:00,4286.6,4326.78,40.17999999999938
2026-09-14 20:53:00+00:00,4286.63,4326.83,40.19999999999982
2026-09-14 20:54:00+00:00,4286.55,4326.63,40.07999999999993
2026-09-14 20:55:00+00:00,4285.68,4325.73,40.04999999999927
2026-09-14 20:56:00+00:00,4283.55,4323.63,40.07999999999993
2026-09-14 20:57:00+00:00,4285.45,4325.33,39.88000000000011
2026-09-14 20:58:00+00:00,4284.0,4324.08,40.07999999999993
2026-09-14 20:59:00+00:00,4284.0,4324.03,40.029999999999745
2026-09-14 21:00:00+00:00,4283.74,4324.03,40.289999999999964
2026-09-14 21:01:00+00:00,4282.54,4322.88,40.340000000000146
2026-09-14 21:02:00+00:00,4283.05,4323.33,40.279999999999745
2026-09-14 21:03:00+00:00,4284.07,4324.33,40.26000000000022
2026-09-14 21:04:00+00:00,4284.68,4325.03,40.349999999999454
2026-09-14 21:05:00+00:00,4285.95,4326.33,40.38000000000011
2026-09-14 21:06:00+00:00,4285.67,4326.13,40.460000000000036
2026-09-14 21:07:00+00:00,4285.82,4326.23,40.409999999999854
2026-09-14 21:08:00+00:00,4285.91,4326.28,40.36999999999989
2026-09-14 21:09:00+00:00,4285.83,4326.23,40.399999999999636
2026-09-14 21:10:00+00:00,4286.77,4327.13,40.35999999999967
2026-09-14 21:11:00+00:00,4288.01,4328.38,40.36999999999989
2026-09-14 21:12:00+00:00,4288.47,4328.88,40.409999999999854
2026-09-14 21:13:00+00:00,4288.04,4328.43,40.39000000000033
2026-09-14 21:14:00+00:00,4287.89,4328.23,40.339999999999236
2026-09-14 21:15:00+00:00,4289.97,4330.43,40.460000000000036
2026-09-14 21:16:00+00:00,4290.04,4330.58,40.539999999999964
2026-09-14 21:17:00+00:00,4290.6,4330.98,40.3799999999992
2026-09-14 21:18:00+00:00,4291.26,4331.73,40.469999999999345
2026-09-14 21:19:00+00:00,4293.25,4333.83,40.57999999999993
2026-09-14 21:20:00+00:00,4294.68,4335.23,40.54999999999927
2026-09-14 21:21:00+00:00,4294.21,4334.83,40.61999999999989
2026-09-14 21:22:00+00:00,4294.94,4335.53,40.590000000000146
2026-09-14 21:23:00+00:00,4295.63,4336.03,40.399999999999636
2026-09-14 21:24:00+00:00,4295.91,4336.43,40.52000000000044
2026-09-14 21:25:00+00:00,4297.09,4337.63,40.539999999999964
2026-09-14 21:26:00+00:00,4297.56,4338.13,40.56999999999971
2026-09-14 21:27:00+00:00,4297.55,4338.13,40.57999999999993
2026-09-14 21:28:00+00:00,4297.85,4338.43,40.57999999999993
2026-09-14 21:29:00+00:00,4296.65,4337.33,40.68000000000029
2026-09-14 21:30:00+00:00,4298.19,4338.83,40.64000000000033
2026-09-14 21:31:00+00:00,4297.34,4338.28,40.9399999999996
2026-09-14 21:32:00+00:00,4299.09,4340.03,40.9399999999996
2026-09-14 21:33:00+00:00,4299.4,4340.03,40.63000000000011
2026-09-14 21:34:00+00:00,4299.28,4340.03,40.75
2026-09-14 21:35:00+00:00,4297.4,4338.03,40.63000000000011
2026-09-14 21:36:00+00:00,4296.51,4337.18,40.67000000000007
2026-09-14 21:37:00+00:00,4295.56,4336.48,40.91999999999916
2026-09-14 21:38:00+00:00,4295.46,4336.18,40.720000000000255
2026-09-14 21:39:00+00:00,4296.29,4336.88,40.590000000000146
2026-09-14 21:40:00+00:00,4296.18,4336.83,40.649999999999636
2026-09-14 21:41:00+00:00,4295.55,4336.13,40.57999999999993
2026-09-14 21:42:00+00:00,4295.57,4336.18,40.61000000000058
2026-09-14 21:43:00+00:00,4295.31,4336.13,40.81999999999971
2026-09-14 21:44:00+00:00,4294.81,4335.53,40.719999999999345
2026-09-14 21:45:00+00:00,4295.75,4336.48,40.72999999999956
2026-09-14 21:46:00+00:00,4295.27,4335.93,40.659999999999854
2026-09-14 21:47:00+00:00,4296.06,4336.73,40.66999999999916
2026-09-14 21:48:00+00:00,4296.59,4337.23,40.63999999999942
2026-09-14 21:49:00+00:00,4296.78,4337.43,40.650000000000546
2026-09-14 21:50:00+00:00,4297.24,4337.88,40.64000000000033
2026-09-14 21:51:00+00:00,4296.81,4337.38,40.56999999999971
2026-09-14 21:52:00+00:00,4297.3,4337.93,40.63000000000011
2026-09-14 21:53:00+00:00,4297.47,4338.13,40.659999999999854
2026-09-14 21:54:00+00:00,4297.73,4338.28,40.55000000000018
2026-09-14 21:55:00+00:00,4298.86,4339.38,40.52000000000044
2026-09-14 21:56:00+00:00,4298.05,4338.68,40.63000000000011
2026-09-14 21:57:00+00:00,4298.63,4339.23,40.599999999999454
2026-09-14 23:01:00+00:00,4300.2,4340.43,40.23000000000047
2026-09-14 23:02:00+00:00,4299.62,4339.68,40.0600000000004
2026-09-14 23:03:00+00:00,4299.49,4339.73,40.23999999999978
2026-09-14 23:04:00+00:00,4299.67,4339.78,40.10999999999967
2026-09-14 23:05:00+00:00,4299.14,4339.38,40.23999999999978
2026-09-14 23:06:00+00:00,4298.1,4338.33,40.22999999999956
2026-09-14 23:07:00+00:00,4297.63,4337.98,40.349999999999454
2026-09-14 23:08:00+00:00,4297.17,4337.48,40.30999999999949
2026-09-14 23:09:00+00:00,4297.81,4337.98,40.16999999999916
2026-09-14 23:10:00+00:00,4297.02,4337.33,40.30999999999949
2026-09-14 23:11:00+00:00,4297.22,4337.58,40.35999999999967
2026-09-14 23:12:00+00:00,4297.42,4337.73,40.30999999999949
2026-09-14 23:13:00+00:00,4296.95,4337.38,40.43000000000029
2026-09-14 23:14:00+00:00,4297.0,4337.28,40.279999999999745
2026-09-14 23:15:00+00:00,4296.67,4336.93,40.26000000000022
2026-09-14 23:16:00+00:00,4296.99,4337.33,40.340000000000146
2026-09-14 23:17:00+00:00,4297.17,4337.53,40.35999999999967
2026-09-14 23:18:00+00:00,4297.08,4337.43,40.350000000000364
2026-09-14 23:19:00+00:00,4296.35,4336.58,40.22999999999956
2026-09-14 23:20:00+00:00,4296.0,4336.13,40.13000000000011
2026-09-14 23:21:00+00:00,4296.73,4336.73,40.0
2026-09-14 23:22:00+00:00,4297.67,4337.78,40.10999999999967
2026-09-14 23:23:00+00:00,4297.09,4337.53,40.4399999999996
2026-09-14 23:24:00+00:00,4296.03,4336.48,40.44999999999982
2026-09-14 23:25:00+00:00,4294.3,4334.68,40.38000000000011
2026-09-14 23:26:00+00:00,4294.43,4334.83,40.399999999999636
2026-09-14 23:27:00+00:00,4294.99,4335.23,40.23999999999978
2026-09-14 23:28:00+00:00,4295.68,4336.18,40.5
2026-09-14 23:29:00+00:00,4295.71,4336.13,40.42000000000007
2026-09-14 23:30:00+00:00,4295.84,4336.08,40.23999999999978
2026-09-14 23:31:00+00:00,4296.14,4336.63,40.48999999999978
2026-09-14 23:32:00+00:00,4297.73,4338.03,40.30000000000018
2026-09-14 23:33:00+00:00,4297.02,4337.33,40.30999999999949
2026-09-14 23:34:00+00:00,4297.02,4337.33,40.30999999999949
2026-09-14 23:35:00+00:00,4296.91,4337.53,40.61999999999989
2026-09-14 23:36:00+00:00,4298.05,4338.48,40.42999999999938
2026-09-14 23:37:00+00:00,4295.91,4336.53,40.61999999999989
2026-09-14 23:38:00+00:00,4295.91,4336.38,40.470000000000255
2026-09-14 23:39:00+00:00,4295.6,4336.23,40.6299999999992
2026-09-14 23:40:00+00:00,4295.99,4336.33,40.340000000000146
2026-09-14 23:41:00+00:00,4296.42,4336.73,40.30999999999949
2026-09-14 23:42:00+00:00,4295.99,4336.53,40.539999999999964
2026-09-14 23:43:00+00:00,4295.14,4335.73,40.589999999999236
2026-09-14 23:44:00+00:00,4295.83,4336.03,40.19999999999982
2026-09-14 23:45:00+00:00,4296.12,4336.48,40.35999999999967
2026-09-14 23:46:00+00:00,4295.66,4336.08,40.42000000000007
2026-09-14 23:47:00+00:00,4295.12,4335.53,40.409999999999854
2026-09-14 23:48:00+00:00,4294.84,4335.23,40.38999999999942
2026-09-14 23:49:00+00:00,4295.28,4335.63,40.350000000000364
2026-09-14 23:50:00+00:00,4296.19,4336.53,40.340000000000146
2026-09-14 23:51:00+00:00,4296.17,4336.78,40.60999999999967
2026-09-14 23:52:00+00:00,4295.78,4336.33,40.55000000000018
2026-09-14 23:53:00+00:00,4296.09,4336.18,40.090000000000146
2026-09-14 23:54:00+00:00,4296.28,4336.53,40.25
2026-09-14 23:55:00+00:00,4296.81,4337.23,40.41999999999916
2026-09-14 23:56:00+00:00,4296.12,4336.73,40.60999999999967
2026-09-14 23:57:00+00:00,4295.7,4336.43,40.73000000000047
2026-09-14 23:58:00+00:00,4295.47,4335.73,40.25999999999931
2026-09-14 23:59:00+00:00,4295.48,4335.83,40.350000000000364
2026-09-15 00:00:00+00:00,4295.52,4335.83,40.30999999999949
2026-09-15 00:01:00+00:00,4295.18,4335.73,40.54999999999927
2026-09-15 00:02:00+00:00,4295.01,4335.68,40.67000000000007
2026-09-15 00:03:00+00:00,4294.68,4335.43,40.75
2026-09-15 00:04:00+00:00,4294.21,4334.43,40.220000000000255
2026-09-15 00:05:00+00:00,4294.81,4335.03,40.219999999999345
2026-09-15 00:06:00+00:00,4293.28,4333.53,40.25
2026-09-15 00:07:00+00:00,4293.7,4333.98,40.279999999999745
2026-09-15 00:08:00+00:00,4293.32,4333.83,40.51000000000022
2026-09-15 00:09:00+00:00,4293.19,4333.78,40.590000000000146
2026-09-15 00:10:00+00:00,4292.53,4332.63,40.100000000000364
2026-09-15 00:11:00+00:00,4292.27,4332.28,40.00999999999931
2026-09-15 00:12:00+00:00,4293.22,4333.18,39.960000000000036
2026-09-15 00:13:00+00:00,4292.33,4332.78,40.44999999999982
2026-09-15 00:14:00+00:00,4292.27,4332.53,40.25999999999931
2026-09-15 00:15:00+00:00,4291.51,4331.83,40.31999999999971
2026-09-15 00:16:00+00:00,4291.0,4331.08,40.07999999999993
2026-09-15 00:17:00+00:00,4291.12,4331.28,40.159999999999854
2026-09-15 00:18:00+00:00,4291.04,4331.03,39.98999999999978
2026-09-15 00:19:00+00:00,4289.57,4329.73,40.159999999999854
2026-09-15 00:20:00+00:00,4288.37,4328.48,40.10999999999967
2026-09-15 00:21:00+00:00,4287.45,4327.63,40.18000000000029
2026-09-15 00:22:00+00:00,4289.63,4329.68,40.05000000000018
2026-09-15 00:23:00+00:00,4290.33,4330.58,40.25
2026-09-15 00:24:00+00:00,4290.31,4330.63,40.31999999999971
2026-09-15 00:25:00+00:00,4290.15,4330.63,40.48000000000047
2026-09-15 00:26:00+00:00,4289.82,4330.23,40.409999999999854
2026-09-15 00:27:00+00:00,4288.71,4328.88,40.17000000000007
2026-09-15 00:28:00+00:00,4289.91,4330.13,40.220000000000255
2026-09-15 00:29:00+00:00,4290.08,4330.23,40.149999999999636
2026-09-15 00:30:00+00:00,4290.86,4331.03,40.17000000000007
2026-09-15 00:31:00+00:00,4291.76,4331.93,40.17000000000007
2026-09-15 00:32:00+00:00,4288.52,4329.08,40.55999999999949
2026-09-15 00:33:00+00:00,4289.71,4329.88,40.17000000000007
2026-09-15 00:34:00+00:00,4290.88,4331.13,40.25
2026-09-15 00:35:00+00:00,4290.51,4330.93,40.42000000000007
2026-09-15 00:36:00+00:00,4290.06,4330.63,40.56999999999971
2026-09-15 00:37:00+00:00,4289.06,4329.33,40.26999999999953
2026-09-15 00:38:00+00:00,4290.37,4330.43,40.0600000000004
2026-09-15 00:39:00+00:00,4289.44,4329.53,40.090000000000146
2026-09-15 00:40:00+00:00,4290.32,4330.73,40.409999999999854
2026-09-15 00:41:00+00:00,4289.15,4329.53,40.38000000000011
2026-09-15 00:42:00+00:00,4289.05,4329.43,40.38000000000011
2026-09-15 00:43:00+00:00,4289.51,4329.83,40.31999999999971
2026-09-15 00:44:00+00:00,4289.48,4329.93,40.45000000000073
2026-09-15 00:45:00+00:00,4288.15,4328.53,40.38000000000011
2026-09-15 00:46:00+00:00,4288.27,4328.63,40.35999999999967
2026-09-15 00:47:00+00:00,4288.52,4328.78,40.25999999999931
2026-09-15 00:48:00+00:00,4288.02,4328.43,40.409999999999854
2026-09-15 00:49:00+00:00,4288.84,4329.28,40.4399999999996
2026-09-15 00:50:00+00:00,4288.64,4329.08,40.4399999999996
2026-09-15 00:51:00+00:00,4288.58,4328.93,40.350000000000364
2026-09-15 00:52:00+00:00,4288.04,4328.38,40.340000000000146
2026-09-15 00:53:00+00:00,4287.79,4328.13,40.340000000000146
2026-09-15 00:54:00+00:00,4287.77,4328.13,40.35999999999967
2026-09-15 00:55:00+00:00,4288.28,4328.63,40.350000000000364
2026-09-15 00:56:00+00:00,4287.7,4328.13,40.43000000000029
2026-09-15 00:57:00+00:00,4288.42,4328.78,40.35999999999967
2026-09-15 00:58:00+00:00,4288.42,4328.73,40.30999999999949
2026-09-15 00:59:00+00:00,4288.26,4328.63,40.36999999999989
2026-09-15 01:00:00+00:00,4288.86,4329.13,40.27000000000044
2026-09-15 01:01:00+00:00,4288.05,4328.23,40.17999999999938
2026-09-15 01:02:00+00:00,4287.29,4327.53,40.23999999999978
2026-09-15 01:03:00+00:00,4287.13,4327.68,40.55000000000018
2026-09-15 01:04:00+00:00,4286.45,4326.78,40.32999999999993
2026-09-15 01:05:00+00:00,4285.29,4325.43,40.14000000000033
2026-09-15 01:06:00+00:00,4285.8,4326.13,40.32999999999993
2026-09-15 01:07:00+00:00,4286.98,4327.53,40.55000000000018
2026-09-15 01:08:00+00:00,4286.4,4326.83,40.43000000000029
2026-09-15 01:09:00+00:00,4286.67,4327.03,40.35999999999967
2026-09-15 01:10:00+00:00,4285.82,4326.08,40.26000000000022
2026-09-15 01:11:00+00:00,4284.56,4324.78,40.219999999999345
2026-09-15 01:12:00+00:00,4284.47,4324.73,40.25999999999931
2026-09-15 01:13:00+00:00,4286.0,4326.23,40.22999999999956
2026-09-15 01:14:00+00:00,4286.82,4327.28,40.460000000000036
2026-09-15 01:15:00+00:00,4287.16,4327.53,40.36999999999989
2026-09-15 01:16:00+00:00,4287.5,4328.03,40.529999999999745
2026-09-15 01:17:00+00:00,4288.33,4328.73,40.399999999999636
2026-09-15 01:18:00+00:00,4286.96,4327.43,40.470000000000255
2026-09-15 01:19:00+00:00,4285.25,4325.58,40.32999999999993
2026-09-15 01:20:00+00:00,4285.24,4325.63,40.39000000000033
2026-09-15 01:21:00+00:00,4285.52,4326.03,40.50999999999931
2026-09-15 01:22:00+00:00,4284.73,4325.13,40.400000000000546
2026-09-15 01:23:00+00:00,4285.24,4325.73,40.48999999999978
2026-09-15 01:24:00+00:00,4287.62,4328.03,40.409999999999854
2026-09-15 01:25:00+00:00,4287.91,4328.38,40.470000000000255
2026-09-15 01:26:00+00:00,4288.36,4328.73,40.36999999999989
2026-09-15 01:27:00+00:00,4286.81,4327.23,40.41999999999916
2026-09-15 01:28:00+00:00,4288.24,4328.48,40.23999999999978
2026-09-15 01:29:00+00:00,4288.26,4328.58,40.31999999999971
2026-09-15 01:30:00+00:00,4286.57,4326.93,40.36000000000058
2026-09-15 01:31:00+00:00,4286.78,4327.18,40.400000000000546
2026-09-15 01:32:00+00:00,4285.81,4326.33,40.51999999999953
2026-09-15 01:33:00+00:00,4284.56,4325.03,40.469999999999345
2026-09-15 01:34:00+00:00,4284.34,4324.93,40.590000000000146
2026-09-15 01:35:00+00:00,4284.34,4324.93,40.590000000000146
2026-09-15 01:36:00+00:00,4287.74,4328.23,40.48999999999978
2026-09-15 01:37:00+00:00,4287.25,4327.83,40.57999999999993
2026-09-15 01:38:00+00:00,4287.1,4327.73,40.6299999999992
2026-09-15 01:39:00+00:00,4290.15,4330.63,40.48000000000047
2026-09-15 01:40:00+00:00,4290.09,4330.73,40.63999999999942
2026-09-15 01:41:00+00:00,4291.7,4331.93,40.23000000000047
2026-09-15 01:42:00+00:00,4292.58,4332.88,40.30000000000018
2026-09-15 01:43:00+00:00,4293.04,4333.48,40.4399999999996
2026-09-15 01:44:00+00:00,4292.6,4333.18,40.57999999999993
2026-09-15 01:45:00+00:00,4292.98,4333.63,40.650000000000546
2026-09-15 01:46:00+00:00,4292.43,4332.83,40.399999999999636
2026-09-15 01:47:00+00:00,4292.6,4333.03,40.42999999999938
2026-09-15 01:48:00+00:00,4292.93,4333.43,40.5
2026-09-15 01:49:00+00:00,4294.37,4334.73,40.35999999999967
2026-09-15 01:50:00+00:00,4294.94,4335.48,40.539999999999964
2026-09-15 01:51:00+00:00,4293.87,4334.33,40.460000000000036
2026-09-15 01:52:00+00:00,4296.62,4336.98,40.35999999999967
2026-09-15 01:53:00+00:00,4295.88,4336.33,40.44999999999982
2026-09-15 01:54:00+00:00,4294.43,4334.83,40.399999999999636
2026-09-15 01:55:00+00:00,4293.97,4334.43,40.460000000000036
2026-09-15 01:56:00+00:00,4294.06,4334.53,40.469999999999345
2026-09-15 01:57:00+00:00,4293.82,4334.28,40.460000000000036
2026-09-15 01:58:00+00:00,4292.65,4333.08,40.43000000000029
2026-09-15 01:59:00+00:00,4293.05,4333.43,40.38000000000011
2026-09-15 02:00:00+00:00,4292.07,4332.53,40.460000000000036
2026-09-15 02:01:00+00:00,4290.76,4331.23,40.469999999999345
2026-09-15 02:02:00+00:00,4290.7,4330.83,40.13000000000011
2026-09-15 02:03:00+00:00,4293.54,4333.83,40.289999999999964
2026-09-15 02:04:00+00:00,4296.03,4336.23,40.19999999999982
2026-09-15 02:05:00+00:00,4296.98,4337.03,40.05000000000018
2026-09-15 02:06:00+00:00,4295.07,4335.43,40.36000000000058
2026-09-15 02:07:00+00:00,4297.18,4337.33,40.149999999999636
2026-09-15 02:08:00+00:00,4297.54,4337.73,40.1899999999996
2026-09-15 02:09:00+00:00,4293.9,4333.93,40.030000000000655
2026-09-15 02:10:00+00:00,4296.63,4336.63,40.0
2026-09-15 02:11:00+00:00,4297.67,4337.58,39.909999999999854
2026-09-15 02:12:00+00:00,4296.37,4336.33,39.960000000000036
2026-09-15 02:13:00+00:00,4298.7,4338.63,39.93000000000029
2026-09-15 02:14:00+00:00,4300.01,4339.83,39.81999999999971
2026-09-15 02:15:00+00:00,4300.38,4340.28,39.899999999999636
2026-09-15 02:16:00+00:00,4302.0,4341.78,39.779999999999745
2026-09-15 02:17:00+00:00,4301.48,4341.48,40.0
2026-09-15 02:18:00+00:00,4302.14,4342.03,39.88999999999942
2026-09-15 02:19:00+00:00,4304.24,4344.13,39.89000000000033
2026-09-15 02:20:00+00:00,4302.85,4342.73,39.8799999999992
2026-09-15 02:21:00+00:00,4304.37,4344.13,39.76000000000022
2026-09-15 02:22:00+00:00,4303.51,4343.33,39.81999999999971
2026-09-15 02:23:00+00:00,4302.37,4342.13,39.76000000000022
2026-09-15 02:24:00+00:00,4302.3,4342.03,39.72999999999956
2026-09-15 02:25:00+00:00,4302.01,4341.73,39.719999999999345
2026-09-15 02:26:00+00:00,4301.28,4341.13,39.850000000000364
2026-09-15 02:27:00+00:00,4301.18,4340.88,39.69999999999982
2026-09-15 02:28:00+00:00,4301.21,4340.83,39.61999999999989
2026-09-15 02:29:00+00:00,4301.79,4341.63,39.840000000000146
2026-09-15 02:30:00+00:00,4303.2,4342.83,39.63000000000011
2026-09-15 02:31:00+00:00,4304.23,4344.18,39.95000000000073
2026-09-15 02:32:00+00:00,4304.76,4344.63,39.86999999999989
2026-09-15 02:33:00+00:00,4304.88,4344.83,39.94999999999982
2026-09-15 02:34:00+00:00,4302.43,4342.38,39.94999999999982
2026-09-15 02:35:00+00:00,4300.74,4340.43,39.69000000000051
2026-09-15 02:36:00+00:00,4299.5,4339.33,39.82999999999993
2026-09-15 02:37:00+00:00,4297.68,4337.53,39.849999999999454
2026-09-15 02:38:00+00:00,4297.02,4336.83,39.80999999999949
2026-09-15 02:39:00+00:00,4297.53,4337.23,39.69999999999982
2026-09-15 02:40:00+00:00,4297.06,4336.73,39.66999999999916
2026-09-15 02:41:00+00:00,4296.53,4336.18,39.650000000000546
2026-09-15 02:42:00+00:00,4296.02,4335.68,39.659999999999854
2026-09-15 02:43:00+00:00,4298.7,4338.43,39.73000000000047
2026-09-15 02:44:00+00:00,4298.83,4338.43,39.600000000000364
2026-09-15 02:45:00+00:00,4298.33,4338.03,39.69999999999982
2026-09-15 02:46:00+00:00,4299.93,4339.43,39.5
2026-09-15 02:47:00+00:00,4300.23,4339.83,39.600000000000364
2026-09-15 02:48:00+00:00,4300.46,4340.03,39.56999999999971
2026-09-15 02:49:00+00:00,4300.29,4340.03,39.73999999999978
2026-09-15 02:50:00+00:00,4297.91,4337.38,39.470000000000255
2026-09-15 02:51:00+00:00,4296.11,4335.63,39.52000000000044
2026-09-15 02:52:00+00:00,4296.81,4336.28,39.469999999999345
2026-09-15 02:53:00+00:00,4298.63,4338.08,39.44999999999982
2026-09-15 02:54:00+00:00,4299.37,4339.03,39.659999999999854
2026-09-15 02:55:00+00:00,4302.57,4341.98,39.409999999999854
2026-09-15 02:56:00+00:00,4302.62,4342.23,39.60999999999967
2026-09-15 02:57:00+00:00,4301.25,4340.88,39.63000000000011
2026-09-15 02:58:00+00:00,4303.58,4343.33,39.75
2026-09-15 02:59:00+00:00,4304.41,4344.23,39.81999999999971
2026-09-15 03:00:00+00:00,4305.73,4345.38,39.650000000000546
2026-09-15 03:01:00+00:00,4310.69,4350.43,39.74000000000069
2026-09-15 03:02:00+00:00,4308.33,4348.28,39.94999999999982
2026-09-15 03:03:00+00:00,4306.94,4347.03,40.090000000000146
2026-09-15 03:04:00+00:00,4306.94,4346.83,39.89000000000033
2026-09-15 03:05:00+00:00,4306.38,4346.13,39.75
2026-09-15 03:06:00+00:00,4306.47,4346.38,39.909999999999854
2026-09-15 03:07:00+00:00,4308.66,4348.58,39.92000000000007
2026-09-15 03:08:00+00:00,4307.87,4347.78,39.909999999999854
2026-09-15 03:09:00+00:00,4307.64,4347.63,39.98999999999978
2026-09-15 03:10:00+00:00,4307.06,4346.98,39.91999999999916
2026-09-15 03:11:00+00:00,4305.16,4345.23,40.06999999999971
2026-09-15 03:12:00+00:00,4306.53,4346.48,39.94999999999982
2026-09-15 03:13:00+00:00,4306.83,4346.83,40.0
2026-09-15 03:14:00+00:00,4307.46,4347.33,39.86999999999989
2026-09-15 03:15:00+00:00,4307.26,4347.03,39.76999999999953
2026-09-15 03:16:00+00:00,4307.29,4347.33,40.039999999999964
2026-09-15 03:17:00+00:00,4306.13,4345.98,39.849999999999454
2026-09-15 03:18:00+00:00,4307.06,4347.03,39.969999999999345
2026-09-15 03:19:00+00:00,4306.48,4346.43,39.95000000000073
2026-09-15 03:20:00+00:00,4307.15,4347.18,40.030000000000655
2026-09-15 03:21:00+00:00,4306.2,4346.28,40.07999999999993
2026-09-15 03:22:00+00:00,4307.51,4347.58,40.06999999999971
2026-09-15 03:23:00+00:00,4308.19,4348.18,39.99000000000069
2026-09-15 03:24:00+00:00,4308.22,4348.28,40.05999999999949
2026-09-15 03:25:00+00:00,4309.09,4349.18,40.090000000000146
2026-09-15 03:26:00+00:00,4308.62,4348.93,40.3100000000004
2026-09-15 03:27:00+00:00,4309.09,4349.28,40.1899999999996
2026-09-15 03:28:00+00:00,4308.95,4349.18,40.23000000000047
2026-09-15 03:29:00+00:00,4310.11,4350.23,40.11999999999989
2026-09-15 03:30:00+00:00,4308.11,4348.43,40.32000000000062
2026-09-15 03:31:00+00:00,4310.66,4350.88,40.220000000000255
2026-09-15 03:32:00+00:00,4309.92,4350.23,40.30999999999949
2026-09-15 03:33:00+00:00,4310.85,4351.18,40.32999999999993
2026-09-15 03:34:00+00:00,4311.92,4352.18,40.26000000000022
2026-09-15 03:35:00+00:00,4311.45,4351.83,40.38000000000011
2026-09-15 03:36:00+00:00,4311.02,4351.23,40.20999999999913
2026-09-15 03:37:00+00:00,4312.76,4352.93,40.17000000000007
2026-09-15 03:38:00+00:00,4314.35,4354.63,40.279999999999745
2026-09-15 03:39:00+00:00,4315.1,4355.43,40.32999999999993
2026-09-15 03:40:00+00:00,4316.73,4357.18,40.45000000000073
2026-09-15 03:41:00+00:00,4314.31,4354.78,40.469999999999345
2026-09-15 03:42:00+00:00,4313.73,4354.03,40.30000000000018
2026-09-15 03:43:00+00:00,4312.79,4353.23,40.4399999999996
2026-09-15 03:44:00+00:00,4311.47,4351.88,40.409999999999854
2026-09-15 03:45:00+00:00,4312.33,4352.73,40.399999999999636
2026-09-15 03:46:00+00:00,4314.2,4354.68,40.48000000000047
2026-09-15 03:47:00+00:00,4313.52,4353.88,40.35999999999967
2026-09-15 03:48:00+00:00,4315.24,4355.68,40.44000000000051
2026-09-15 03:49:00+00:00,4316.75,4357.23,40.47999999999956
2026-09-15 03:50:00+00:00,4315.36,4355.68,40.32000000000062
2026-09-15 03:51:00+00:00,4313.78,4354.33,40.55000000000018
2026-09-15 03:52:00+00:00,4314.6,4355.18,40.57999999999993
2026-09-15 03:53:00+00:00,4313.43,4353.83,40.399999999999636
2026-09-15 03:54:00+00:00,4312.19,4352.73,40.539999999999964
2026-09-15 03:55:00+00:00,4312.65,4353.13,40.48000000000047
2026-09-15 03:56:00+00:00,4313.46,4353.78,40.31999999999971
2026-09-15 03:57:00+00:00,4313.49,4353.98,40.48999999999978
2026-09-15 03:58:00+00:00,4312.85,4353.43,40.57999999999993
2026-09-15 03:59:00+00:00,4314.14,4354.73,40.589999999999236
2026-09-15 04:00:00+00:00,4312.46,4352.88,40.42000000000007
2026-09-15 04:01:00+00:00,4310.67,4351.08,40.409999999999854
2026-09-15 04:02:00+00:00,4311.69,4352.13,40.44000000000051
2026-09-15 04:03:00+00:00,4311.98,4352.43,40.45000000000073
2026-09-15 04:04:00+00:00,4312.55,4352.93,40.38000000000011
2026-09-15 04:05:00+00:00,4312.73,4353.08,40.350000000000364
2026-09-15 04:06:00+00:00,4312.74,4353.13,40.39000000000033
2026-09-15 04:07:00+00:00,4312.98,4353.43,40.45000000000073
2026-09-15 04:08:00+00:00,4313.76,4354.08,40.31999999999971
2026-09-15 04:09:00+00:00,4313.85,4354.23,40.3799999999992
2026-09-15 04:10:00+00:00,4312.6,4352.83,40.22999999999956
2026-09-15 04:11:00+00:00,4311.79,4351.98,40.1899999999996
2026-09-15 04:12:00+00:00,4311.72,4352.03,40.30999999999949
2026-09-15 04:13:00+00:00,4311.33,4351.63,40.30000000000018
2026-09-15 04:14:00+00:00,4311.04,4351.28,40.23999999999978
2026-09-15 04:15:00+00:00,4312.25,4352.63,40.38000000000011
2026-09-15 04:16:00+00:00,4311.19,4351.33,40.14000000000033
2026-09-15 04:17:00+00:00,4310.97,4351.38,40.409999999999854
2026-09-15 04:18:00+00:00,4311.69,4351.98,40.289999999999964
2026-09-15 04:19:00+00:00,4311.84,4352.13,40.289999999999964
2026-09-15 04:20:00+00:00,4311.69,4352.03,40.340000000000146
2026-09-15 04:21:00+00:00,4312.52,4352.68,40.159999999999854
2026-09-15 04:22:00+00:00,4313.71,4354.08,40.36999999999989
2026-09-15 04:23:00+00:00,4313.1,4353.48,40.3799999999992
2026-09-15 04:24:00+00:00,4310.76,4351.23,40.469999999999345
2026-09-15 04:25:00+00:00,4310.55,4350.88,40.32999999999993
2026-09-15 04:26:00+00:00,4310.53,4350.98,40.44999999999982
2026-09-15 04:27:00+00:00,4311.43,4351.98,40.54999999999927
2026-09-15 04:28:00+00:00,4311.05,4351.58,40.529999999999745
2026-09-15 04:29:00+00:00,4310.74,4351.38,40.64000000000033
2026-09-15 04:30:00+00:00,4312.51,4353.18,40.67000000000007
2026-09-15 04:31:00+00:00,4311.27,4351.78,40.50999999999931
2026-09-15 04:32:00+00:00,4311.4,4351.93,40.530000000000655
2026-09-15 04:33:00+00:00,4311.76,4352.38,40.61999999999989
2026-09-15 04:34:00+00:00,4312.94,4353.33,40.39000000000033
2026-09-15 04:35:00+00:00,4312.87,4353.43,40.5600000000004
2026-09-15 04:36:00+00:00,4311.79,4352.48,40.6899999999996
2026-09-15 04:37:00+00:00,4310.61,4351.33,40.720000000000255
2026-09-15 04:38:00+00:00,4309.97,4350.63,40.659999999999854
2026-09-15 04:39:00+00:00,4309.16,4349.68,40.52000000000044
2026-09-15 04:40:00+00:00,4309.85,4350.23,40.3799999999992
2026-09-15 04:41:00+00:00,4309.09,4349.63,40.539999999999964
2026-09-15 04:42:00+00:00,4308.8,4349.33,40.529999999999745
2026-09-15 04:43:00+00:00,4308.3,4348.68,40.38000000000011
2026-09-15 04:44:00+00:00,4308.47,4349.08,40.60999999999967
2026-09-15 04:45:00+00:00,4308.86,4349.23,40.36999999999989
2026-09-15 04:46:00+00:00,4309.57,4350.08,40.51000000000022
2026-09-15 04:47:00+00:00,4309.16,4349.53,40.36999999999989
2026-09-15 04:48:00+00:00,4306.59,4346.93,40.340000000000146
2026-09-15 04:49:00+00:00,4305.62,4346.13,40.51000000000022
2026-09-15 04:50:00+00:00,4305.46,4345.73,40.26999999999953
2026-09-15 04:51:00+00:00,4304.64,4345.18,40.539999999999964
2026-09-15 04:52:00+00:00,4304.1,4344.53,40.42999999999938
2026-09-15 04:53:00+00:00,4304.24,4344.73,40.48999999999978
2026-09-15 04:54:00+00:00,4304.25,4344.73,40.47999999999956
2026-09-15 04:55:00+00:00,4304.15,4344.48,40.32999999999993
2026-09-15 04:56:00+00:00,4304.1,4344.38,40.279999999999745
2026-09-15 04:57:00+00:00,4303.93,4344.18,40.25
2026-09-15 04:58:00+00:00,4304.72,4345.03,40.30999999999949
2026-09-15 04:59:00+00:00,4303.71,4343.98,40.26999999999953
2026-09-15 05:00:00+00:00,4303.04,4343.48,40.4399999999996
2026-09-15 05:01:00+00:00,4302.89,4343.33,40.4399999999996
2026-09-15 05:02:00+00:00,4302.52,4343.08,40.55999999999949
2026-09-15 05:03:00+00:00,4302.65,4343.18,40.530000000000655
2026-09-15 05:04:00+00:00,4303.19,4343.68,40.49000000000069
2026-09-15 05:05:00+00:00,4303.97,4344.63,40.659999999999854
2026-09-15 05:06:00+00:00,4303.4,4343.88,40.48000000000047
2026-09-15 05:07:00+00:00,4303.57,4344.03,40.460000000000036
2026-09-15 05:08:00+00:00,4305.58,4346.08,40.5
2026-09-15 05:09:00+00:00,4305.66,4346.28,40.61999999999989
2026-09-15 05:10:00+00:00,4306.49,4346.98,40.48999999999978
2026-09-15 05:11:00+00:00,4304.92,4345.28,40.35999999999967
2026-09-15 05:12:00+00:00,4307.15,4347.63,40.48000000000047
2026-09-15 05:13:00+00:00,4309.07,4349.58,40.51000000000022
2026-09-15 05:14:00+00:00,4307.14,4347.98,40.839999999999236
2026-09-15 05:15:00+00:00,4308.08,4348.68,40.600000000000364
2026-09-15 05:16:00+00:00,4306.44,4347.08,40.64000000000033
2026-09-15 05:17:00+00:00,4305.96,4346.58,40.61999999999989
2026-09-15 05:18:00+00:00,4304.63,4345.18,40.55000000000018
2026-09-15 05:19:00+00:00,4304.09,4344.68,40.590000000000146
2026-09-15 05:20:00+00:00,4304.63,4345.28,40.649999999999636
2026-09-15 05:21:00+00:00,4303.92,4344.48,40.55999999999949
2026-09-15 05:22:00+00:00,4303.37,4343.93,40.5600000000004
2026-09-15 05:23:00+00:00,4303.17,4343.68,40.51000000000022
2026-09-15 05:24:00+00:00,4303.17,4343.53,40.35999999999967
2026-09-15 05:25:00+00:00,4303.29,4343.53,40.23999999999978
2026-09-15 05:26:00+00:00,4303.25,4343.58,40.32999999999993
2026-09-15 05:27:00+00:00,4303.45,4343.83,40.38000000000011
2026-09-15 05:28:00+00:00,4303.75,4343.98,40.22999999999956
2026-09-15 05:29:00+00:00,4303.72,4344.03,40.30999999999949
2026-09-15 05:30:00+00:00,4303.78,4343.98,40.19999999999982
2026-09-15 05:31:00+00:00,4303.36,4343.63,40.27000000000044
2026-09-15 05:32:00+00:00,4303.3,4343.78,40.47999999999956
2026-09-15 05:33:00+00:00,4303.03,4343.58,40.55000000000018
2026-09-15 05:34:00+00:00,4302.87,4343.28,40.409999999999854
2026-09-15 05:35:00+00:00,4302.83,4343.28,40.44999999999982
2026-09-15 05:36:00+00:00,4301.55,4341.98,40.42999999999938
2026-09-15 05:37:00+00:00,4301.11,4341.48,40.36999999999989
2026-09-15 05:38:00+00:00,4302.23,4342.78,40.55000000000018
2026-09-15 05:39:00+00:00,4304.71,4344.98,40.26999999999953
2026-09-15 05:40:00+00:00,4304.88,4344.93,40.05000000000018
2026-09-15 05:41:00+00:00,4305.96,4346.08,40.11999999999989
2026-09-15 05:42:00+00:00,4305.63,4345.88,40.25
2026-09-15 05:43:00+00:00,4305.11,4345.38,40.27000000000044
2026-09-15 05:44:00+00:00,4304.98,4345.13,40.150000000000546
2026-09-15 05:45:00+00:00,4304.78,4344.88,40.100000000000364
2026-09-15 05:46:00+00:00,4304.95,4345.08,40.13000000000011
2026-09-15 05:47:00+00:00,4306.07,4346.08,40.01000000000022
2026-09-15 05:48:00+00:00,4306.21,4346.13,39.92000000000007
2026-09-15 05:49:00+00:00,4305.57,4345.53,39.960000000000036
2026-09-15 05:50:00+00:00,4306.11,4345.83,39.720000000000255
2026-09-15 05:51:00+00:00,4305.28,4345.13,39.850000000000364
2026-09-15 05:52:00+00:00,4304.93,4344.93,40.0
2026-09-15 05:53:00+00:00,4304.79,4344.83,40.039999999999964
2026-09-15 05:54:00+00:00,4305.6,4345.73,40.1299999999992
2026-09-15 05:55:00+00:00,4306.38,4346.43,40.05000000000018
2026-09-15 05:56:00+00:00,4306.34,4346.28,39.9399999999996
2026-09-15 05:57:00+00:00,4307.02,4347.03,40.00999999999931
2026-09-15 05:58:00+00:00,4306.17,4346.13,39.960000000000036
2026-09-15 05:59:00+00:00,4304.92,4344.88,39.960000000000036
2026-09-15 06:00:00+00:00,4306.18,4346.23,40.04999999999927
2026-09-15 06:01:00+00:00,4306.26,4346.33,40.06999999999971
2026-09-15 06:02:00+00:00,4307.24,4347.28,40.039999999999964
2026-09-15 06:03:00+00:00,4304.32,4344.28,39.960000000000036
2026-09-15 06:04:00+00:00,4302.83,4342.73,39.899999999999636
2026-09-15 06:05:00+00:00,4303.03,4342.98,39.94999999999982
2026-09-15 06:06:00+00:00,4302.48,4342.43,39.95000000000073
2026-09-15 06:07:00+00:00,4301.68,4341.68,40.0
2026-09-15 06:08:00+00:00,4302.1,4341.93,39.82999999999993
2026-09-15 06:09:00+00:00,4302.24,4341.98,39.73999999999978
2026-09-15 06:10:00+00:00,4302.3,4342.03,39.72999999999956
2026-09-15 06:11:00+00:00,4301.11,4340.83,39.720000000000255
2026-09-15 06:12:00+00:00,4300.87,4340.63,39.76000000000022
2026-09-15 06:13:00+00:00,4300.89,4340.63,39.73999999999978
2026-09-15 06:14:00+00:00,4301.77,4341.43,39.659999999999854
2026-09-15 06:15:00+00:00,4299.7,4339.43,39.73000000000047
2026-09-15 06:16:00+00:00,4299.2,4338.98,39.779999999999745
2026-09-15 06:17:00+00:00,4299.06,4338.68,39.61999999999989
2026-09-15 06:18:00+00:00,4299.96,4339.73,39.76999999999953
2026-09-15 06:19:00+00:00,4300.24,4340.03,39.789999999999964
2026-09-15 06:20:00+00:00,4299.96,4339.73,39.76999999999953
2026-09-15 06:21:00+00:00,4297.85,4337.63,39.779999999999745
2026-09-15 06:22:00+00:00,4297.92,4337.73,39.80999999999949
2026-09-15 06:23:00+00:00,4297.84,4337.73,39.88999999999942
2026-09-15 06:24:00+00:00,4297.61,4337.58,39.970000000000255
2026-09-15 06:25:00+00:00,4297.08,4336.78,39.69999999999982
2026-09-15 06:26:00+00:00,4297.06,4336.73,39.66999999999916
2026-09-15 06:27:00+00:00,4296.99,4336.98,39.98999999999978
2026-09-15 06:28:00+00:00,4298.28,4338.13,39.850000000000364
2026-09-15 06:29:00+00:00,4297.42,4337.13,39.710000000000036
2026-09-15 06:30:00+00:00,4296.43,4336.23,39.79999999999927
2026-09-15 06:31:00+00:00,4296.49,4336.23,39.73999999999978
2026-09-15 06:32:00+00:00,4294.57,4334.43,39.86000000000058
2026-09-15 06:33:00+00:00,4294.45,4334.38,39.93000000000029
2026-09-15 06:34:00+00:00,4292.86,4332.63,39.77000000000044
2026-09-15 06:35:00+00:00,4293.27,4333.03,39.75999999999931
2026-09-15 06:36:00+00:00,4294.06,4333.93,39.86999999999989
2026-09-15 06:37:00+00:00,4292.42,4332.23,39.80999999999949
2026-09-15 06:38:00+00:00,4292.68,4332.63,39.94999999999982
2026-09-15 06:39:00+00:00,4294.02,4334.13,40.10999999999967
2026-09-15 06:40:00+00:00,4295.94,4336.13,40.19000000000051
2026-09-15 06:41:00+00:00,4295.93,4335.88,39.94999999999982
2026-09-15 06:42:00+00:00,4296.04,4336.08,40.039999999999964
2026-09-15 06:43:00+00:00,4295.08,4335.13,40.05000000000018
2026-09-15 06:44:00+00:00,4296.48,4336.33,39.850000000000364
2026-09-15 06:45:00+00:00,4299.04,4338.98,39.9399999999996
2026-09-15 06:46:00+00:00,4297.92,4337.93,40.01000000000022
2026-09-15 06:47:00+00:00,4297.05,4336.98,39.92999999999938
2026-09-15 06:48:00+00:00,4297.32,4337.43,40.11000000000058
2026-09-15 06:49:00+00:00,4294.98,4334.83,39.850000000000364
2026-09-15 06:50:00+00:00,4296.09,4336.08,39.98999999999978
2026-09-15 06:51:00+00:00,4296.88,4336.83,39.94999999999982
2026-09-15 06:52:00+00:00,4298.18,4338.33,40.149999999999636
2026-09-15 06:53:00+00:00,4296.08,4336.08,40.0
2026-09-15 06:54:00+00:00,4295.2,4335.23,40.029999999999745
2026-09-15 06:55:00+00:00,4293.53,4333.73,40.19999999999982
2026-09-15 06:56:00+00:00,4292.36,4332.43,40.07000000000062
2026-09-15 06:57:00+00:00,4292.35,4332.38,40.029999999999745
2026-09-15 06:58:00+00:00,4291.33,4331.43,40.100000000000364
2026-09-15 06:59:00+00:00,4291.17,4331.13,39.960000000000036
2026-09-15 07:00:00+00:00,4292.33,4332.33,40.0
2026-09-15 07:01:00+00:00,4292.81,4332.83,40.01999999999953
2026-09-15 07:02:00+00:00,4292.35,4332.48,40.1299999999992
2026-09-15 07:03:00+00:00,4292.23,4332.03,39.80000000000018
2026-09-15 07:04:00+00:00,4291.77,4331.83,40.05999999999949
2026-09-15 07:05:00+00:00,4288.38,4328.58,40.19999999999982
2026-09-15 07:06:00+00:00,4287.76,4327.63,39.86999999999989
2026-09-15 07:07:00+00:00,4287.41,4327.38,39.970000000000255
2026-09-15 07:08:00+00:00,4289.0,4329.13,40.13000000000011
2026-09-15 07:09:00+00:00,4288.8,4328.88,40.07999999999993
2026-09-15 07:10:00+00:00,4288.02,4328.23,40.20999999999913
2026-09-15 07:11:00+00:00,4286.44,4326.23,39.789999999999964
2026-09-15 07:12:00+00:00,4287.17,4327.28,40.10999999999967
2026-09-15 07:13:00+00:00,4290.09,4330.13,40.039999999999964
2026-09-15 07:14:00+00:00,4289.96,4329.98,40.01999999999953
2026-09-15 07:15:00+00:00,4289.89,4329.98,40.089999999999236
2026-09-15 07:16:00+00:00,4290.73,4330.63,39.900000000000546
2026-09-15 07:17:00+00:00,4292.0,4332.03,40.029999999999745
2026-09-15 07:18:00+00:00,4290.66,4330.73,40.06999999999971
2026-09-15 07:19:00+00:00,4289.95,4330.13,40.18000000000029
2026-09-15 07:20:00+00:00,4288.9,4328.93,40.030000000000655
2026-09-15 07:21:00+00:00,4289.6,4329.63,40.029999999999745
2026-09-15 07:22:00+00:00,4290.35,4330.18,39.82999999999993
2026-09-15 07:23:00+00:00,4290.09,4329.88,39.789999999999964
2026-09-15 07:24:00+00:00,4290.11,4329.73,39.61999999999989
2026-09-15 07:25:00+00:00,4288.02,4327.88,39.85999999999967
2026-09-15 07:26:00+00:00,4288.37,4328.38,40.01000000000022
2026-09-15 07:27:00+00:00,4287.66,4327.78,40.11999999999989
2026-09-15 07:28:00+00:00,4289.31,4329.28,39.969999999999345
2026-09-15 07:29:00+00:00,4289.58,4329.53,39.94999999999982
2026-09-15 07:30:00+00:00,4288.06,4327.98,39.91999999999916
2026-09-15 07:31:00+00:00,4287.65,4327.53,39.88000000000011
2026-09-15 07:32:00+00:00,4287.01,4326.83,39.81999999999971
2026-09-15 07:33:00+00:00,4287.13,4326.88,39.75
2026-09-15 07:34:00+00:00,4287.07,4326.93,39.86000000000058
2026-09-15 07:35:00+00:00,4288.02,4327.98,39.95999999999913
2026-09-15 07:36:00+00:00,4288.12,4327.88,39.76000000000022
2026-09-15 07:37:00+00:00,4288.58,4328.48,39.899999999999636
2026-09-15 07:38:00+00:00,4289.79,4329.58,39.789999999999964
2026-09-15 07:39:00+00:00,4291.19,4330.98,39.789999999999964
2026-09-15 07:40:00+00:00,4290.1,4329.88,39.779999999999745
2026-09-15 07:41:00+00:00,4290.3,4330.08,39.779999999999745
2026-09-15 07:42:00+00:00,4288.99,4328.88,39.89000000000033
2026-09-15 07:43:00+00:00,4290.38,4330.13,39.75
2026-09-15 07:44:00+00:00,4290.9,4330.78,39.88000000000011
2026-09-15 07:45:00+00:00,4292.12,4332.03,39.909999999999854
2026-09-15 07:46:00+00:00,4291.13,4331.18,40.05000000000018
2026-09-15 07:47:00+00:00,4291.75,4331.58,39.82999999999993
2026-09-15 07:48:00+00:00,4292.44,4332.33,39.89000000000033
2026-09-15 07:49:00+00:00,4292.68,4332.43,39.75
2026-09-15 07:50:00+00:00,4293.06,4332.93,39.86999999999989
2026-09-15 07:51:00+00:00,4293.24,4333.33,40.090000000000146
2026-09-15 07:52:00+00:00,4292.86,4332.58,39.720000000000255
2026-09-15 07:53:00+00:00,4293.0,4332.78,39.779999999999745
2026-09-15 07:54:00+00:00,4293.03,4332.73,39.69999999999982
2026-09-15 07:55:00+00:00,4292.93,4332.73,39.79999999999927
2026-09-15 07:56:00+00:00,4294.27,4334.03,39.75999999999931
2026-09-15 07:57:00+00:00,4295.25,4335.03,39.779999999999745
2026-09-15 07:58:00+00:00,4293.71,4333.68,39.970000000000255
2026-09-15 07:59:00+00:00,4293.44,4333.43,39.99000000000069
2026-09-15 08:00:00+00:00,4294.49,4334.63,40.14000000000033
2026-09-15 08:01:00+00:00,4292.36,4332.23,39.86999999999989
2026-09-15 08:02:00+00:00,4290.97,4330.93,39.960000000000036
2026-09-15 08:03:00+00:00,4291.98,4331.83,39.850000000000364
2026-09-15 08:04:00+00:00,4291.68,4331.53,39.849999999999454
2026-09-15 08:05:00+00:00,4289.54,4329.58,40.039999999999964
2026-09-15 08:06:00+00:00,4290.58,4330.68,40.100000000000364
2026-09-15 08:07:00+00:00,4290.26,4330.28,40.01999999999953
2026-09-15 08:08:00+00:00,4290.42,4330.38,39.960000000000036
2026-09-15 08:09:00+00:00,4290.86,4330.83,39.970000000000255
2026-09-15 08:10:00+00:00,4289.54,4329.53,39.98999999999978
2026-09-15 08:11:00+00:00,4288.03,4327.88,39.850000000000364
2026-09-15 08:12:00+00:00,4287.12,4327.13,40.01000000000022
2026-09-15 08:13:00+00:00,4287.51,4327.33,39.81999999999971
2026-09-15 08:14:00+00:00,4288.19,4328.23,40.039999999999964
2026-09-15 08:15:00+00:00,4288.81,4328.78,39.969999999999345
2026-09-15 08:16:00+00:00,4291.41,4331.63,40.220000000000255
2026-09-15 08:17:00+00:00,4290.62,4330.73,40.10999999999967
2026-09-15 08:18:00+00:00,4290.44,4330.43,39.99000000000069
2026-09-15 08:19:00+00:00,4291.67,4331.68,40.01000000000022
2026-09-15 08:20:00+00:00,4289.89,4329.88,39.98999999999978
2026-09-15 08:21:00+00:00,4289.48,4329.53,40.05000000000018
2026-09-15 08:22:00+00:00,4288.97,4328.83,39.85999999999967
2026-09-15 08:23:00+00:00,4288.55,4328.63,40.07999999999993
2026-09-15 08:24:00+00:00,4288.91,4328.98,40.06999999999971
2026-09-15 08:25:00+00:00,4287.97,4327.98,40.00999999999931
2026-09-15 08:26:00+00:00,4288.11,4328.13,40.02000000000044
2026-09-15 08:27:00+00:00,4290.05,4330.18,40.13000000000011
2026-09-15 08:28:00+00:00,4290.41,4330.58,40.17000000000007
2026-09-15 08:29:00+00:00,4291.94,4332.23,40.289999999999964
2026-09-15 08:30:00+00:00,4291.27,4331.38,40.10999999999967
2026-09-15 08:31:00+00:00,4292.43,4332.58,40.149999999999636
2026-09-15 08:32:00+00:00,4290.76,4330.88,40.11999999999989
2026-09-15 08:33:00+00:00,4291.07,4331.23,40.159999999999854
2026-09-15 08:34:00+00:00,4290.51,4330.58,40.06999999999971
2026-09-15 08:35:00+00:00,4289.0,4329.08,40.07999999999993
2026-09-15 08:36:00+00:00,4287.14,4327.28,40.13999999999942
2026-09-15 08:37:00+00:00,4285.72,4325.73,40.00999999999931
2026-09-15 08:38:00+00:00,4285.67,4325.73,40.05999999999949
2026-09-15 08:39:00+00:00,4285.81,4325.78,39.969999999999345
2026-09-15 08:40:00+00:00,4284.56,4324.48,39.91999999999916
2026-09-15 08:41:00+00:00,4282.75,4322.63,39.88000000000011
2026-09-15 08:42:00+00:00,4281.79,4321.83,40.039999999999964
2026-09-15 08:43:00+00:00,4282.71,4322.78,40.06999999999971
2026-09-15 08:44:00+00:00,4284.16,4324.08,39.92000000000007
2026-09-15 08:45:00+00:00,4286.8,4327.13,40.32999999999993
2026-09-15 08:46:00+00:00,4286.91,4327.43,40.52000000000044
2026-09-15 08:47:00+00:00,4286.31,4326.73,40.41999999999916
2026-09-15 08:48:00+00:00,4285.93,4326.43,40.5
2026-09-15 08:49:00+00:00,4284.95,4325.28,40.32999999999993
2026-09-15 08:50:00+00:00,4282.38,4322.73,40.349999999999454
2026-09-15 08:51:00+00:00,4280.31,4320.38,40.06999999999971
2026-09-15 08:52:00+00:00,4277.67,4318.08,40.409999999999854
2026-09-15 08:53:00+00:00,4277.29,4317.73,40.4399999999996
2026-09-15 08:54:00+00:00,4277.74,4318.03,40.289999999999964
2026-09-15 08:55:00+00:00,4278.12,4318.43,40.3100000000004
2026-09-15 08:56:00+00:00,4278.46,4318.63,40.17000000000007
2026-09-15 08:57:00+00:00,4278.42,4318.63,40.210000000000036
2026-09-15 08:58:00+00:00,4278.86,4320.13,41.27000000000044
2026-09-15 08:59:00+00:00,4280.71,4320.63,39.92000000000007
2026-09-15 09:00:00+00:00,4274.99,4315.33,40.340000000000146
2026-09-15 09:01:00+00:00,4273.61,4313.53,39.92000000000007
2026-09-15 09:02:00+00:00,4271.27,4311.28,40.00999999999931
2026-09-15 09:03:00+00:00,4269.47,4309.68,40.210000000000036
2026-09-15 09:04:00+00:00,4267.01,4307.13,40.11999999999989
2026-09-15 09:05:00+00:00,4268.5,4308.48,39.97999999999956
2026-09-15 09:06:00+00:00,4267.15,4307.83,40.68000000000029
2026-09-15 09:07:00+00:00,4267.51,4307.48,39.969999999999345
2026-09-15 09:08:00+00:00,4264.59,4304.63,40.039999999999964
2026-09-15 09:09:00+00:00,4264.77,4305.33,40.55999999999949
2026-09-15 09:10:00+00:00,4264.15,4304.43,40.280000000000655
2026-09-15 09:11:00+00:00,4264.61,4304.83,40.220000000000255
2026-09-15 09:12:00+00:00,4265.51,4305.78,40.26999999999953
2026-09-15 09:13:00+00:00,4267.16,4307.63,40.470000000000255
2026-09-15 09:14:00+00:00,4267.95,4308.33,40.38000000000011
2026-09-15 09:15:00+00:00,4269.92,4310.28,40.35999999999967
2026-09-15 09:16:00+00:00,4270.97,4311.38,40.409999999999854
2026-09-15 09:17:00+00:00,4270.9,4311.28,40.38000000000011
2026-09-15 09:18:00+00:00,4273.02,4313.73,40.70999999999913
2026-09-15 09:19:00+00:00,4273.84,4314.08,40.23999999999978
2026-09-15 09:20:00+00:00,4272.98,4313.38,40.400000000000546
2026-09-15 09:21:00+00:00,4273.27,4313.73,40.45999999999913
2026-09-15 09:22:00+00:00,4274.32,4314.78,40.460000000000036
2026-09-15 09:23:00+00:00,4272.94,4313.33,40.39000000000033
2026-09-15 09:24:00+00:00,4271.48,4311.93,40.45000000000073
2026-09-15 09:25:00+00:00,4271.39,4311.88,40.48999999999978
2026-09-15 09:26:00+00:00,4271.82,4312.33,40.51000000000022
2026-09-15 09:27:00+00:00,4272.32,4312.73,40.409999999999854
2026-09-15 09:28:00+00:00,4273.36,4313.63,40.27000000000044
2026-09-15 09:29:00+00:00,4273.3,4313.73,40.42999999999938
2026-09-15 09:30:00+00:00,4274.03,4314.43,40.400000000000546
2026-09-15 09:31:00+00:00,4273.49,4313.93,40.44000000000051
2026-09-15 09:32:00+00:00,4273.73,4314.08,40.350000000000364
2026-09-15 09:33:00+00:00,4274.48,4314.83,40.350000000000364
2026-09-15 09:34:00+00:00,4273.13,4313.53,40.399999999999636
2026-09-15 09:35:00+00:00,4274.2,4314.68,40.48000000000047
2026-09-15 09:36:00+00:00,4272.67,4312.93,40.26000000000022
2026-09-15 09:37:00+00:00,4271.73,4312.23,40.5
2026-09-15 09:38:00+00:00,4270.81,4311.13,40.31999999999971
2026-09-15 09:39:00+00:00,4270.87,4311.28,40.409999999999854
2026-09-15 09:40:00+00:00,4270.21,4310.63,40.42000000000007
2026-09-15 09:41:00+00:00,4269.61,4309.93,40.32000000000062
2026-09-15 09:42:00+00:00,4270.0,4310.43,40.43000000000029
2026-09-15 09:43:00+00:00,4268.65,4309.18,40.530000000000655
2026-09-15 09:44:00+00:00,4267.61,4308.03,40.42000000000007
2026-09-15 09:45:00+00:00,4268.66,4309.03,40.36999999999989
2026-09-15 09:46:00+00:00,4268.65,4309.13,40.48000000000047
2026-09-15 09:47:00+00:00,4268.55,4309.03,40.47999999999956
2026-09-15 09:48:00+00:00,4266.79,4307.18,40.39000000000033
2026-09-15 09:49:00+00:00,4266.61,4306.93,40.32000000000062
2026-09-15 09:50:00+00:00,4266.91,4307.33,40.42000000000007
2026-09-15 09:51:00+00:00,4266.69,4307.08,40.39000000000033
2026-09-15 09:52:00+00:00,4266.9,4307.23,40.32999999999993
2026-09-15 09:53:00+00:00,4266.81,4307.13,40.31999999999971
2026-09-15 09:54:00+00:00,4267.43,4307.68,40.25
2026-09-15 09:55:00+00:00,4266.49,4307.03,40.539999999999964
2026-09-15 09:56:00+00:00,4267.32,4307.73,40.409999999999854
2026-09-15 09:57:00+00:00,4267.19,4307.53,40.340000000000146
2026-09-15 09:58:00+00:00,4262.3,4302.53,40.22999999999956
2026-09-15 09:59:00+00:00,4262.64,4302.88,40.23999999999978
2026-09-15 10:00:00+00:00,4262.58,4302.83,40.25
2026-09-15 10:01:00+00:00,4263.33,4303.63,40.30000000000018
2026-09-15 10:02:00+00:00,4262.31,4302.78,40.469999999999345
2026-09-15 10:03:00+00:00,4263.68,4304.13,40.44999999999982
2026-09-15 10:04:00+00:00,4265.92,4306.48,40.55999999999949
2026-09-15 10:05:00+00:00,4266.6,4306.98,40.3799999999992
2026-09-15 10:06:00+00:00,4265.98,4306.28,40.30000000000018
2026-09-15 10:07:00+00:00,4265.05,4305.38,40.32999999999993
2026-09-15 10:08:00+00:00,4265.54,4305.78,40.23999999999978
2026-09-15 10:09:00+00:00,4265.73,4305.93,40.20000000000073
2026-09-15 10:10:00+00:00,4263.62,4303.78,40.159999999999854
2026-09-15 10:11:00+00:00,4265.76,4305.88,40.11999999999989
2026-09-15 10:12:00+00:00,4265.62,4305.63,40.01000000000022
2026-09-15 10:13:00+00:00,4264.43,4304.33,39.899999999999636
2026-09-15 10:14:00+00:00,4265.8,4305.63,39.82999999999993
2026-09-15 10:15:00+00:00,4266.55,4306.33,39.779999999999745
2026-09-15 10:16:00+00:00,4266.53,4306.33,39.80000000000018
2026-09-15 10:17:00+00:00,4264.04,4303.78,39.73999999999978
2026-09-15 10:18:00+00:00,4262.48,4302.23,39.75
2026-09-15 10:19:00+00:00,4262.8,4302.48,39.67999999999938
2026-09-15 10:20:00+00:00,4263.03,4302.73,39.69999999999982
2026-09-15 10:21:00+00:00,4262.98,4302.73,39.75
2026-09-15 10:22:00+00:00,4264.21,4304.08,39.86999999999989
2026-09-15 10:23:00+00:00,4264.74,4304.53,39.789999999999964
2026-09-15 10:24:00+00:00,4264.96,4304.78,39.81999999999971
2026-09-15 10:25:00+00:00,4264.26,4304.03,39.76999999999953
2026-09-15 10:26:00+00:00,4263.58,4303.33,39.75
2026-09-15 10:27:00+00:00,4267.9,4307.48,39.57999999999993
2026-09-15 10:28:00+00:00,4267.2,4306.83,39.63000000000011
2026-09-15 10:29:00+00:00,4266.95,4306.83,39.88000000000011
2026-09-15 10:30:00+00:00,4266.7,4306.48,39.779999999999745
2026-09-15 10:31:00+00:00,4266.84,4306.73,39.88999999999942
2026-09-15 10:32:00+00:00,4266.23,4306.03,39.80000000000018
2026-09-15 10:33:00+00:00,4265.19,4305.08,39.89000000000033
2026-09-15 10:34:00+00:00,4266.77,4306.63,39.85999999999967
2026-09-15 10:35:00+00:00,4267.43,4307.23,39.79999999999927
2026-09-15 10:36:00+00:00,4266.06,4305.73,39.66999999999916
2026-09-15 10:37:00+00:00,4269.0,4309.03,40.029999999999745
2026-09-15 10:38:00+00:00,4268.49,4308.48,39.98999999999978
2026-09-15 10:39:00+00:00,4268.85,4308.78,39.92999999999938
2026-09-15 10:40:00+00:00,4268.21,4308.23,40.01999999999953
2026-09-15 10:41:00+00:00,4270.53,4310.58,40.05000000000018
2026-09-15 10:42:00+00:00,4271.81,4311.88,40.06999999999971
2026-09-15 10:43:00+00:00,4270.58,4310.48,39.899999999999636
2026-09-15 10:44:00+00:00,4269.55,4309.48,39.92999999999938
2026-09-15 10:45:00+00:00,4269.56,4309.33,39.76999999999953
2026-09-15 10:46:00+00:00,4269.38,4309.23,39.849999999999454
2026-09-15 10:47:00+00:00,4270.08,4310.03,39.94999999999982
2026-09-15 10:48:00+00:00,4271.82,4311.73,39.909999999999854
2026-09-15 10:49:00+00:00,4270.57,4310.48,39.909999999999854
2026-09-15 10:50:00+00:00,4270.6,4310.58,39.97999999999956
2026-09-15 10:51:00+00:00,4270.15,4309.88,39.73000000000047
2026-09-15 10:52:00+00:00,4270.67,4310.58,39.909999999999854
2026-09-15 10:53:00+00:00,4268.89,4308.78,39.88999999999942
2026-09-15 10:54:00+00:00,4270.62,4310.58,39.960000000000036
2026-09-15 10:55:00+00:00,4270.14,4310.13,39.98999999999978
2026-09-15 10:56:00+00:00,4269.68,4309.63,39.94999999999982
2026-09-15 10:57:00+00:00,4268.49,4308.48,39.98999999999978
2026-09-15 10:58:00+00:00,4268.24,4308.23,39.98999999999978
2026-09-15 10:59:00+00:00,4268.39,4308.43,40.039999999999964
2026-09-15 11:00:00+00:00,4269.76,4309.98,40.219999999999345
2026-09-15 11:01:00+00:00,4270.08,4310.43,40.350000000000364
2026-09-15 11:02:00+00:00,4271.33,4311.53,40.19999999999982
2026-09-15 11:03:00+00:00,4273.27,4313.53,40.25999999999931
2026-09-15 11:04:00+00:00,4271.56,4311.68,40.11999999999989
2026-09-15 11:05:00+00:00,4272.94,4313.08,40.14000000000033
2026-09-15 11:06:00+00:00,4274.34,4314.73,40.38999999999942
2026-09-15 11:07:00+00:00,4273.73,4314.13,40.400000000000546
2026-09-15 11:08:00+00:00,4274.36,4314.63,40.27000000000044
2026-09-15 11:09:00+00:00,4274.15,4314.33,40.18000000000029
2026-09-15 11:10:00+00:00,4274.33,4314.73,40.399999999999636
2026-09-15 11:11:00+00:00,4273.83,4314.08,40.25
2026-09-15 11:12:00+00:00,4273.62,4313.88,40.26000000000022
2026-09-15 11:13:00+00:00,4272.69,4312.98,40.289999999999964
2026-09-15 11:14:00+00:00,4273.19,4313.43,40.24000000000069
2026-09-15 11:15:00+00:00,4272.55,4312.88,40.32999999999993
2026-09-15 11:16:00+00:00,4271.26,4311.48,40.219999999999345
2026-09-15 11:17:00+00:00,4270.36,4310.58,40.220000000000255
2026-09-15 11:18:00+00:00,4271.32,4311.48,40.159999999999854
2026-09-15 11:19:00+00:00,4271.74,4311.68,39.94000000000051
2026-09-15 11:20:00+00:00,4272.67,4312.68,40.01000000000022
2026-09-15 11:21:00+00:00,4271.85,4311.83,39.97999999999956
2026-09-15 11:22:00+00:00,4272.34,4312.38,40.039999999999964
2026-09-15 11:23:00+00:00,4274.49,4314.33,39.840000000000146
2026-09-15 11:24:00+00:00,4274.66,4314.53,39.86999999999989
2026-09-15 11:25:00+00:00,4274.22,4314.03,39.80999999999949
2026-09-15 11:26:00+00:00,4273.66,4313.63,39.970000000000255
2026-09-15 11:27:00+00:00,4273.33,4313.13,39.80000000000018
2026-09-15 11:28:00+00:00,4273.68,4313.33,39.649999999999636
2026-09-15 11:29:00+00:00,4274.59,4314.33,39.73999999999978
2026-09-15 11:30:00+00:00,4274.58,4314.18,39.600000000000364
2026-09-15 11:31:00+00:00,4274.39,4314.13,39.73999999999978
2026-09-15 11:32:00+00:00,4274.74,4314.53,39.789999999999964
2026-09-15 11:33:00+00:00,4275.76,4315.28,39.51999999999953
2026-09-15 11:34:00+00:00,4275.04,4314.98,39.9399999999996
2026-09-15 11:35:00+00:00,4275.24,4314.68,39.44000000000051
2026-09-15 11:36:00+00:00,4275.6,4315.38,39.779999999999745
2026-09-15 11:37:00+00:00,4274.5,4314.18,39.68000000000029
2026-09-15 11:38:00+00:00,4274.34,4314.18,39.840000000000146
2026-09-15 11:39:00+00:00,4274.19,4313.88,39.69000000000051
2026-09-15 11:40:00+00:00,4273.81,4313.63,39.81999999999971
2026-09-15 11:41:00+00:00,4275.12,4314.78,39.659999999999854
2026-09-15 11:42:00+00:00,4277.31,4317.03,39.719999999999345
2026-09-15 11:43:00+00:00,4275.26,4314.83,39.56999999999971
2026-09-15 11:44:00+00:00,4275.06,4314.73,39.66999999999916
2026-09-15 11:45:00+00:00,4277.0,4316.58,39.57999999999993
2026-09-15 11:46:00+00:00,4276.47,4316.18,39.710000000000036
2026-09-15 11:47:00+00:00,4275.68,4315.38,39.69999999999982
2026-09-15 11:48:00+00:00,4275.61,4315.38,39.77000000000044
2026-09-15 11:49:00+00:00,4277.15,4316.93,39.780000000000655
2026-09-15 11:50:00+00:00,4278.75,4318.58,39.82999999999993
2026-09-15 11:51:00+00:00,4279.68,4319.58,39.899999999999636
2026-09-15 11:52:00+00:00,4281.66,4321.48,39.81999999999971
2026-09-15 11:53:00+00:00,4281.88,4321.73,39.849999999999454
2026-09-15 11:54:00+00:00,4282.07,4321.98,39.909999999999854
2026-09-15 11:55:00+00:00,4283.35,4323.38,40.029999999999745
2026-09-15 11:56:00+00:00,4282.53,4322.68,40.150000000000546
2026-09-15 11:57:00+00:00,4282.5,4322.48,39.97999999999956
2026-09-15 11:58:00+00:00,4281.76,4321.78,40.01999999999953
2026-09-15 11:59:00+00:00,4281.48,4321.48,40.0
2026-09-15 12:00:00+00:00,4281.38,4321.28,39.899999999999636
2026-09-15 12:01:00+00:00,4281.27,4321.28,40.00999999999931
2026-09-15 12:02:00+00:00,4281.25,4321.23,39.97999999999956
2026-09-15 12:03:00+00:00,4280.61,4320.48,39.86999999999989
2026-09-15 12:04:00+00:00,4280.35,4320.33,39.97999999999956
2026-09-15 12:05:00+00:00,4279.43,4319.43,40.0
2026-09-15 12:06:00+00:00,4278.85,4318.78,39.92999999999938
2026-09-15 12:07:00+00:00,4279.9,4319.78,39.88000000000011
2026-09-15 12:08:00+00:00,4280.19,4320.18,39.99000000000069
2026-09-15 12:09:00+00:00,4282.27,4322.23,39.95999999999913
2026-09-15 12:10:00+00:00,4282.86,4322.98,40.11999999999989
2026-09-15 12:11:00+00:00,4282.14,4322.23,40.089999999999236
2026-09-15 12:12:00+00:00,4282.51,4322.58,40.06999999999971
2026-09-15 12:13:00+00:00,4283.41,4323.53,40.11999999999989
2026-09-15 12:14:00+00:00,4283.65,4323.68,40.030000000000655
2026-09-15 12:15:00+00:00,4283.86,4323.88,40.02000000000044
2026-09-15 12:16:00+00:00,4284.47,4324.48,40.00999999999931
2026-09-15 12:17:00+00:00,4285.58,4325.58,40.0
2026-09-15 12:18:00+00:00,4285.15,4325.13,39.98000000000047
2026-09-15 12:19:00+00:00,4283.52,4323.48,39.95999999999913
2026-09-15 12:20:00+00:00,4283.9,4323.88,39.98000000000047
2026-09-15 12:21:00+00:00,4284.11,4323.93,39.82000000000062
2026-09-15 12:22:00+00:00,4284.84,4324.83,39.98999999999978
2026-09-15 12:23:00+00:00,4284.03,4324.08,40.05000000000018
2026-09-15 12:24:00+00:00,4283.76,4323.78,40.01999999999953
2026-09-15 12:25:00+00:00,4283.8,4323.88,40.07999999999993
2026-09-15 12:26:00+00:00,4283.89,4323.88,39.98999999999978
2026-09-15 12:27:00+00:00,4283.58,4323.48,39.899999999999636
2026-09-15 12:28:00+00:00,4283.87,4323.93,40.0600000000004
2026-09-15 12:29:00+00:00,4283.15,4323.28,40.13000000000011
2026-09-15 12:30:00+00:00,4282.37,4322.33,39.960000000000036
2026-09-15 12:31:00+00:00,4282.39,4322.48,40.089999999999236
2026-09-15 12:32:00+00:00,4281.58,4321.58,40.0
2026-09-15 12:33:00+00:00,4283.49,4323.38,39.89000000000033
2026-09-15 12:34:00+00:00,4284.44,4324.08,39.64000000000033
2026-09-15 12:35:00+00:00,4284.57,4324.38,39.8100000000004
2026-09-15 12:36:00+00:00,4283.16,4322.93,39.77000000000044
2026-09-15 12:37:00+00:00,4282.29,4322.03,39.73999999999978
2026-09-15 12:38:00+00:00,4281.13,4320.83,39.69999999999982
2026-09-15 12:39:00+00:00,4281.08,4320.83,39.75
2026-09-15 12:40:00+00:00,4280.94,4320.63,39.69000000000051
2026-09-15 12:41:00+00:00,4281.05,4320.63,39.57999999999993
2026-09-15 12:42:00+00:00,4282.47,4322.08,39.60999999999967
2026-09-15 12:43:00+00:00,4283.19,4322.78,39.590000000000146
2026-09-15 12:44:00+00:00,4282.83,4322.48,39.649999999999636
2026-09-15 12:45:00+00:00,4284.92,4324.63,39.710000000000036
2026-09-15 12:46:00+00:00,4283.9,4323.68,39.780000000000655
2026-09-15 12:47:00+00:00,4284.46,4324.18,39.720000000000255
2026-09-15 12:48:00+00:00,4284.73,4324.38,39.650000000000546
2026-09-15 12:49:00+00:00,4283.84,4323.38,39.539999999999964
2026-09-15 12:50:00+00:00,4284.08,4323.78,39.69999999999982
2026-09-15 12:51:00+00:00,4285.01,4324.58,39.56999999999971
2026-09-15 12:52:00+00:00,4283.46,4323.13,39.67000000000007
2026-09-15 12:53:00+00:00,4283.03,4322.68,39.650000000000546
2026-09-15 12:54:00+00:00,4282.98,4322.68,39.70000000000073
2026-09-15 12:55:00+00:00,4283.43,4323.18,39.75
2026-09-15 12:56:00+00:00,4284.69,4324.38,39.69000000000051
2026-09-15 12:57:00+00:00,4285.45,4325.08,39.63000000000011
2026-09-15 12:58:00+00:00,4284.82,4324.48,39.659999999999854
2026-09-15 12:59:00+00:00,4284.65,4324.38,39.73000000000047
2026-09-15 13:00:00+00:00,4284.68,4324.43,39.75
2026-09-15 13:01:00+00:00,4282.85,4322.53,39.67999999999938
2026-09-15 13:02:00+00:00,4281.82,4321.53,39.710000000000036
2026-09-15 13:03:00+00:00,4282.0,4321.78,39.779999999999745
2026-09-15 13:04:00+00:00,4284.59,4324.33,39.73999999999978
2026-09-15 13:05:00+00:00,4283.06,4322.78,39.719999999999345
2026-09-15 13:06:00+00:00,4281.65,4321.23,39.57999999999993
2026-09-15 13:07:00+00:00,4279.98,4319.68,39.70000000000073
2026-09-15 13:08:00+00:00,4279.0,4318.68,39.68000000000029
2026-09-15 13:09:00+00:00,4277.81,4317.48,39.66999999999916
2026-09-15 13:10:00+00:00,4277.79,4317.33,39.539999999999964
2026-09-15 13:11:00+00:00,4277.83,4317.58,39.75
2026-09-15 13:12:00+00:00,4277.54,4317.28,39.73999999999978
2026-09-15 13:13:00+00:00,4278.02,4317.78,39.75999999999931
2026-09-15 13:14:00+00:00,4278.44,4318.23,39.789999999999964
2026-09-15 13:15:00+00:00,4277.71,4317.38,39.67000000000007
2026-09-15 13:16:00+00:00,4277.13,4316.73,39.599999999999454
2026-09-15 13:17:00+00:00,4274.27,4313.78,39.50999999999931
2026-09-15 13:18:00+00:00,4274.34,4313.93,39.590000000000146
2026-09-15 13:19:00+00:00,4274.1,4313.98,39.8799999999992
2026-09-15 13:20:00+00:00,4272.16,4311.63,39.470000000000255
2026-09-15 13:21:00+00:00,4272.4,4311.93,39.530000000000655
2026-09-15 13:22:00+00:00,4273.06,4312.63,39.56999999999971
2026-09-15 13:23:00+00:00,4272.1,4311.68,39.57999999999993
2026-09-15 13:24:00+00:00,4273.35,4312.83,39.47999999999956
2026-09-15 13:25:00+00:00,4274.69,4314.13,39.44000000000051
2026-09-15 13:26:00+00:00,4274.69,4314.33,39.64000000000033
2026-09-15 13:27:00+00:00,4275.55,4315.13,39.57999999999993
2026-09-15 13:28:00+00:00,4275.75,4315.33,39.57999999999993
2026-09-15 13:29:00+00:00,4277.83,4317.48,39.649999999999636
2026-09-15 13:30:00+00:00,4276.8,4316.23,39.42999999999938
2026-09-15 13:31:00+00:00,4278.26,4317.83,39.56999999999971
2026-09-15 13:32:00+00:00,4276.24,4315.58,39.340000000000146
2026-09-15 13:33:00+00:00,4277.67,4317.23,39.55999999999949
2026-09-15 13:34:00+00:00,4282.87,4322.48,39.60999999999967
2026-09-15 13:35:00+00:00,4284.54,4324.23,39.6899999999996
2026-09-15 13:36:00+00:00,4281.45,4321.03,39.57999999999993
2026-09-15 13:37:00+00:00,4280.2,4320.08,39.88000000000011
2026-09-15 13:38:00+00:00,4280.79,4320.33,39.539999999999964
2026-09-15 13:39:00+00:00,4279.38,4318.98,39.599999999999454
2026-09-15 13:40:00+00:00,4279.29,4318.83,39.539999999999964
2026-09-15 13:41:00+00:00,4279.82,4319.38,39.5600000000004
2026-09-15 13:42:00+00:00,4279.77,4319.03,39.25999999999931
2026-09-15 13:43:00+00:00,4280.26,4319.83,39.56999999999971
2026-09-15 13:44:00+00:00,4281.18,4320.88,39.69999999999982
2026-09-15 13:45:00+00:00,4282.87,4322.43,39.5600000000004
2026-09-15 13:46:00+00:00,4282.89,4322.58,39.6899999999996
2026-09-15 13:47:00+00:00,4283.55,4322.93,39.38000000000011
2026-09-15 13:48:00+00:00,4288.41,4328.13,39.720000000000255
2026-09-15 13:49:00+00:00,4290.66,4330.28,39.61999999999989
2026-09-15 13:50:00+00:00,4290.26,4329.83,39.56999999999971
2026-09-15 13:51:00+00:00,4290.25,4329.93,39.68000000000029
2026-09-15 13:52:00+00:00,4289.4,4329.38,39.98000000000047
2026-09-15 13:53:00+00:00,4291.63,4331.43,39.80000000000018
2026-09-15 13:54:00+00:00,4293.63,4333.43,39.80000000000018
2026-09-15 13:55:00+00:00,4292.24,4332.28,40.039999999999964
2026-09-15 13:56:00+00:00,4287.78,4327.63,39.850000000000364
2026-09-15 13:57:00+00:00,4287.12,4327.13,40.01000000000022
2026-09-15 13:58:00+00:00,4288.05,4328.03,39.97999999999956
2026-09-15 13:59:00+00:00,4290.62,4330.58,39.960000000000036
2026-09-15 14:00:00+00:00,4292.02,4332.03,40.00999999999931
2026-09-15 14:01:00+00:00,4292.9,4332.78,39.88000000000011
2026-09-15 14:02:00+00:00,4290.82,4330.93,40.11000000000058
2026-09-15 14:03:00+00:00,4290.39,4330.28,39.88999999999942
2026-09-15 14:04:00+00:00,4292.8,4332.83,40.029999999999745
2026-09-15 14:05:00+00:00,4288.7,4328.63,39.93000000000029
2026-09-15 14:06:00+00:00,4286.59,4326.48,39.88999999999942
2026-09-15 14:07:00+00:00,4284.21,4324.13,39.92000000000007
2026-09-15 14:08:00+00:00,4284.94,4324.68,39.74000000000069
2026-09-15 14:09:00+00:00,4285.34,4325.28,39.9399999999996
2026-09-15 14:10:00+00:00,4287.43,4327.38,39.94999999999982
2026-09-15 14:11:00+00:00,4287.34,4327.28,39.9399999999996
2026-09-15 14:12:00+00:00,4287.78,4327.63,39.850000000000364
2026-09-15 14:13:00+00:00,4287.56,4327.43,39.86999999999989
2026-09-15 14:14:00+00:00,4286.76,4326.68,39.92000000000007
2026-09-15 14:15:00+00:00,4286.16,4325.93,39.77000000000044
2026-09-15 14:16:00+00:00,4288.34,4328.23,39.88999999999942
2026-09-15 14:17:00+00:00,4289.56,4329.33,39.76999999999953
2026-09-15 14:18:00+00:00,4286.37,4326.13,39.76000000000022
2026-09-15 14:19:00+00:00,4287.51,4327.38,39.86999999999989
2026-09-15 14:20:00+00:00,4288.39,4328.23,39.839999999999236
2026-09-15 14:21:00+00:00,4288.07,4328.03,39.960000000000036
2026-09-15 14:22:00+00:00,4285.26,4325.18,39.92000000000007
2026-09-15 14:23:00+00:00,4289.07,4328.93,39.86000000000058
2026-09-15 14:24:00+00:00,4292.15,4332.13,39.98000000000047
2026-09-15 14:25:00+00:00,4292.09,4331.98,39.88999999999942
2026-09-15 14:26:00+00:00,4291.67,4331.78,40.10999999999967
2026-09-15 14:27:00+00:00,4289.92,4329.93,40.01000000000022
2026-09-15 14:28:00+00:00,4287.86,4327.73,39.86999999999989
2026-09-15 14:29:00+00:00,4287.24,4327.33,40.090000000000146
2026-09-15 14:30:00+00:00,4287.97,4327.93,39.960000000000036
2026-09-15 14:31:00+00:00,4289.38,4329.33,39.94999999999982
2026-09-15 14:32:00+00:00,4285.23,4324.93,39.70000000000073
2026-09-15 14:33:00+00:00,4284.32,4324.03,39.710000000000036
2026-09-15 14:34:00+00:00,4286.71,4326.53,39.81999999999971
2026-09-15 14:35:00+00:00,4289.88,4329.73,39.849999999999454
2026-09-15 14:36:00+00:00,4293.29,4333.13,39.840000000000146
2026-09-15 14:37:00+00:00,4292.32,4332.23,39.909999999999854
2026-09-15 14:38:00+00:00,4290.22,4329.93,39.710000000000036
2026-09-15 14:39:00+00:00,4286.62,4326.18,39.5600000000004
2026-09-15 14:40:00+00:00,4289.19,4328.88,39.69000000000051
2026-09-15 14:41:00+00:00,4288.84,4328.43,39.590000000000146
2026-09-15 14:42:00+00:00,4288.26,4327.63,39.36999999999989
2026-09-15 14:43:00+00:00,4287.83,4327.43,39.600000000000364
2026-09-15 14:44:00+00:00,4289.61,4329.33,39.720000000000255
2026-09-15 14:45:00+00:00,4291.15,4330.88,39.73000000000047
2026-09-15 14:46:00+00:00,4294.13,4333.83,39.69999999999982
2026-09-15 14:47:00+00:00,4292.54,4332.13,39.590000000000146
2026-09-15 14:48:00+00:00,4291.68,4331.38,39.69999999999982
2026-09-15 14:49:00+00:00,4294.88,4334.48,39.599999999999454
2026-09-15 14:50:00+00:00,4293.42,4333.18,39.76000000000022
2026-09-15 14:51:00+00:00,4294.95,4334.43,39.48000000000047
2026-09-15 14:52:00+00:00,4294.91,4334.73,39.81999999999971
2026-09-15 14:53:00+00:00,4295.84,4335.63,39.789999999999964
2026-09-15 14:54:00+00:00,4295.63,4335.23,39.599999999999454
2026-09-15 14:55:00+00:00,4294.88,4334.53,39.649999999999636
2026-09-15 14:56:00+00:00,4295.13,4334.73,39.599999999999454
2026-09-15 14:57:00+00:00,4295.09,4334.63,39.539999999999964
2026-09-15 14:58:00+00:00,4297.75,4337.38,39.63000000000011
2026-09-15 14:59:00+00:00,4294.71,4334.48,39.76999999999953
2026-09-15 15:00:00+00:00,4298.68,4338.48,39.79999999999927
2026-09-15 15:01:00+00:00,4296.95,4336.78,39.82999999999993
2026-09-15 15:02:00+00:00,4297.62,4337.53,39.909999999999854
2026-09-15 15:03:00+00:00,4296.6,4336.58,39.97999999999956
2026-09-15 15:04:00+00:00,4294.82,4334.58,39.76000000000022
2026-09-15 15:05:00+00:00,4295.88,4335.63,39.75
2026-09-15 15:06:00+00:00,4297.1,4336.88,39.779999999999745
2026-09-15 15:07:00+00:00,4298.48,4338.43,39.95000000000073
2026-09-15 15:08:00+00:00,4297.44,4339.58,42.14000000000033
2026-09-15 15:09:00+00:00,4298.04,4337.68,39.64000000000033
2026-09-15 15:10:00+00:00,4298.3,4337.93,39.63000000000011
2026-09-15 15:11:00+00:00,4295.98,4335.68,39.70000000000073
2026-09-15 15:12:00+00:00,4294.58,4334.58,40.0
2026-09-15 15:13:00+00:00,4295.26,4334.93,39.67000000000007
2026-09-15 15:14:00+00:00,4294.4,4334.43,40.030000000000655
2026-09-15 15:15:00+00:00,4295.29,4335.33,40.039999999999964
2026-09-15 15:16:00+00:00,4291.31,4331.18,39.86999999999989
2026-09-15 15:17:00+00:00,4291.79,4331.63,39.840000000000146
2026-09-15 15:18:00+00:00,4290.33,4330.18,39.850000000000364
2026-09-15 15:19:00+00:00,4293.91,4333.88,39.970000000000255
2026-09-15 15:20:00+00:00,4291.37,4331.38,40.01000000000022
2026-09-15 15:21:00+00:00,4287.58,4327.53,39.94999999999982
2026-09-15 15:22:00+00:00,4287.72,4327.58,39.85999999999967
2026-09-15 15:23:00+00:00,4286.76,4326.78,40.01999999999953
2026-09-15 15:24:00+00:00,4288.6,4328.53,39.92999999999938
2026-09-15 15:25:00+00:00,4288.88,4328.83,39.94999999999982
2026-09-15 15:26:00+00:00,4287.42,4327.23,39.80999999999949
2026-09-15 15:27:00+00:00,4284.26,4324.18,39.92000000000007
2026-09-15 15:28:00+00:00,4283.82,4323.73,39.909999999999854
2026-09-15 15:29:00+00:00,4284.15,4324.08,39.93000000000029
2026-09-15 15:30:00+00:00,4282.72,4322.68,39.960000000000036
2026-09-15 15:31:00+00:00,4283.2,4323.08,39.88000000000011
2026-09-15 15:32:00+00:00,4280.17,4320.23,40.05999999999949
2026-09-15 15:33:00+00:00,4284.26,4324.08,39.81999999999971
2026-09-15 15:34:00+00:00,4283.43,4323.08,39.649999999999636
2026-09-15 15:35:00+00:00,4284.05,4323.93,39.88000000000011
2026-09-15 15:36:00+00:00,4283.51,4323.53,40.01999999999953
2026-09-15 15:37:00+00:00,4280.61,4320.48,39.86999999999989
2026-09-15 15:38:00+00:00,4277.11,4316.93,39.82000000000062
2026-09-15 15:39:00+00:00,4278.19,4317.83,39.64000000000033
2026-09-15 15:40:00+00:00,4277.1,4316.78,39.67999999999938
2026-09-15 15:41:00+00:00,4277.23,4316.93,39.70000000000073
2026-09-15 15:42:00+00:00,4278.41,4318.13,39.720000000000255
2026-09-15 15:43:00+00:00,4278.24,4318.13,39.89000000000033
2026-09-15 15:44:00+00:00,4278.17,4317.93,39.76000000000022
2026-09-15 15:45:00+00:00,4281.91,4321.53,39.61999999999989
2026-09-15 15:46:00+00:00,4282.64,4322.33,39.6899999999996
2026-09-15 15:47:00+00:00,4281.45,4321.13,39.68000000000029
2026-09-15 15:48:00+00:00,4279.05,4318.78,39.72999999999956
2026-09-15 15:49:00+00:00,4278.45,4318.03,39.57999999999993
2026-09-15 15:50:00+00:00,4278.74,4318.33,39.590000000000146
2026-09-15 15:51:00+00:00,4275.44,4314.98,39.539999999999964
2026-09-15 15:52:00+00:00,4279.25,4318.98,39.72999999999956
2026-09-15 15:53:00+00:00,4277.7,4317.38,39.68000000000029
2026-09-15 15:54:00+00:00,4280.1,4319.73,39.6299999999992
2026-09-15 15:55:00+00:00,4279.08,4318.68,39.600000000000364
2026-09-15 15:56:00+00:00,4278.25,4317.83,39.57999999999993
2026-09-15 15:57:00+00:00,4279.14,4318.83,39.6899999999996
2026-09-15 15:58:00+00:00,4276.93,4316.53,39.599999999999454
2026-09-15 15:59:00+00:00,4277.16,4316.83,39.67000000000007
2026-09-15 16:00:00+00:00,4278.67,4318.43,39.76000000000022
2026-09-15 16:01:00+00:00,4279.45,4319.18,39.73000000000047
2026-09-15 16:02:00+00:00,4278.49,4318.33,39.840000000000146
2026-09-15 16:03:00+00:00,4282.24,4321.88,39.64000000000033
2026-09-15 16:04:00+00:00,4282.91,4322.63,39.720000000000255
2026-09-15 16:05:00+00:00,4282.2,4321.73,39.529999999999745
2026-09-15 16:06:00+00:00,4283.6,4323.43,39.82999999999993
2026-09-15 16:07:00+00:00,4282.62,4322.33,39.710000000000036
2026-09-15 16:08:00+00:00,4281.28,4321.03,39.75
2026-09-15 16:09:00+00:00,4282.49,4322.33,39.840000000000146
2026-09-15 16:10:00+00:00,4282.68,4322.43,39.75
2026-09-15 16:11:00+00:00,4285.52,4325.43,39.909999999999854
2026-09-15 16:12:00+00:00,4283.08,4322.78,39.69999999999982
2026-09-15 16:13:00+00:00,4283.27,4323.18,39.909999999999854
2026-09-15 16:14:00+00:00,4285.34,4325.33,39.98999999999978
2026-09-15 16:15:00+00:00,4284.84,4324.83,39.98999999999978
2026-09-15 16:16:00+00:00,4286.46,4326.43,39.970000000000255
2026-09-15 16:17:00+00:00,4286.52,4326.48,39.95999999999913
2026-09-15 16:18:00+00:00,4286.86,4326.78,39.92000000000007
2026-09-15 16:19:00+00:00,4286.29,4326.23,39.9399999999996
2026-09-15 16:20:00+00:00,4286.13,4326.23,40.099999999999454
2026-09-15 16:21:00+00:00,4285.32,4325.53,40.210000000000036
2026-09-15 16:22:00+00:00,4282.93,4322.78,39.849999999999454
2026-09-15 16:23:00+00:00,4282.97,4322.93,39.960000000000036
2026-09-15 16:24:00+00:00,4285.32,4325.43,40.11000000000058
2026-09-15 16:25:00+00:00,4285.53,4325.63,40.100000000000364
2026-09-15 16:26:00+00:00,4285.31,4325.33,40.01999999999953
2026-09-15 16:27:00+00:00,4285.72,4325.93,40.210000000000036
2026-09-15 16:28:00+00:00,4285.72,4325.68,39.960000000000036
2026-09-15 16:29:00+00:00,4283.79,4323.88,40.090000000000146
2026-09-15 16:30:00+00:00,4284.27,4324.43,40.159999999999854
2026-09-15 16:31:00+00:00,4284.46,4324.63,40.17000000000007
2026-09-15 16:32:00+00:00,4285.27,4325.38,40.10999999999967
2026-09-15 16:33:00+00:00,4283.34,4323.48,40.13999999999942
2026-09-15 16:34:00+00:00,4285.14,4325.13,39.98999999999978
2026-09-15 16:35:00+00:00,4284.92,4324.93,40.01000000000022
2026-09-15 16:36:00+00:00,4286.86,4326.83,39.970000000000255
2026-09-15 16:37:00+00:00,4286.21,4326.18,39.970000000000255
2026-09-15 16:38:00+00:00,4286.78,4326.73,39.94999999999982
2026-09-15 16:39:00+00:00,4287.74,4327.93,40.19000000000051
2026-09-15 16:40:00+00:00,4289.66,4330.33,40.67000000000007
2026-09-15 16:41:00+00:00,4288.7,4328.83,40.13000000000011
2026-09-15 16:42:00+00:00,4288.46,4328.48,40.01999999999953
2026-09-15 16:43:00+00:00,4288.1,4327.73,39.6299999999992
2026-09-15 16:44:00+00:00,4287.88,4327.83,39.94999999999982
2026-09-15 16:45:00+00:00,4285.91,4325.98,40.06999999999971
2026-09-15 16:46:00+00:00,4287.31,4327.33,40.01999999999953
2026-09-15 16:47:00+00:00,4285.81,4325.63,39.81999999999971
2026-09-15 16:48:00+00:00,4287.51,4327.48,39.969999999999345
2026-09-15 16:49:00+00:00,4286.83,4326.78,39.94999999999982
2026-09-15 16:50:00+00:00,4291.44,4331.38,39.94000000000051
2026-09-15 16:51:00+00:00,4290.68,4330.78,40.099999999999454
2026-09-15 16:52:00+00:00,4290.17,4330.23,40.05999999999949
2026-09-15 16:53:00+00:00,4291.23,4331.23,40.0
2026-09-15 16:54:00+00:00,4290.0,4330.03,40.029999999999745
2026-09-15 16:55:00+00:00,4294.2,4334.33,40.13000000000011
2026-09-15 16:56:00+00:00,4291.31,4331.28,39.969999999999345
2026-09-15 16:57:00+00:00,4289.98,4329.88,39.900000000000546
2026-09-15 16:58:00+00:00,4290.34,4330.28,39.9399999999996
2026-09-15 16:59:00+00:00,4289.44,4329.33,39.89000000000033
2026-09-15 17:00:00+00:00,4290.31,4330.23,39.91999999999916
2026-09-15 17:01:00+00:00,4290.63,4330.63,40.0
2026-09-15 17:02:00+00:00,4290.52,4330.43,39.909999999999854
2026-09-15 17:03:00+00:00,4289.97,4329.93,39.960000000000036
2026-09-15 17:04:00+00:00,4291.25,4331.28,40.029999999999745
2026-09-15 17:05:00+00:00,4290.09,4330.03,39.9399999999996
2026-09-15 17:06:00+00:00,4290.01,4329.88,39.86999999999989
2026-09-15 17:07:00+00:00,4290.52,4330.38,39.85999999999967
2026-09-15 17:08:00+00:00,4290.08,4329.98,39.899999999999636
2026-09-15 17:09:00+00:00,4290.67,4330.68,40.01000000000022
2026-09-15 17:10:00+00:00,4289.96,4329.93,39.970000000000255
2026-09-15 17:11:00+00:00,4289.36,4329.38,40.02000000000044
2026-09-15 17:12:00+00:00,4287.99,4327.83,39.840000000000146
2026-09-15 17:13:00+00:00,4287.1,4326.98,39.8799999999992
2026-09-15 17:14:00+00:00,4286.31,4326.13,39.81999999999971
2026-09-15 17:15:00+00:00,4286.93,4326.68,39.75
2026-09-15 17:16:00+00:00,4287.65,4327.43,39.780000000000655
2026-09-15 17:17:00+00:00,4287.96,4327.68,39.720000000000255
2026-09-15 17:18:00+00:00,4288.01,4327.78,39.76999999999953
2026-09-15 17:19:00+00:00,4288.79,4328.48,39.6899999999996
2026-09-15 17:20:00+00:00,4290.21,4329.98,39.76999999999953
2026-09-15 17:21:00+00:00,4293.87,4333.78,39.909999999999854
2026-09-15 17:22:00+00:00,4293.89,4333.88,39.98999999999978
2026-09-15 17:23:00+00:00,4294.64,4334.68,40.039999999999964
2026-09-15 17:24:00+00:00,4296.44,4336.43,39.99000000000069
2026-09-15 17:25:00+00:00,4296.56,4336.58,40.01999999999953
2026-09-15 17:26:00+00:00,4296.76,4336.83,40.06999999999971
2026-09-15 17:27:00+00:00,4295.06,4334.98,39.91999999999916
2026-09-15 17:28:00+00:00,4295.78,4335.78,40.0
2026-09-15 17:29:00+00:00,4295.57,4335.78,40.210000000000036
2026-09-15 17:30:00+00:00,4295.88,4335.78,39.899999999999636
2026-09-15 17:31:00+00:00,4295.34,4335.38,40.039999999999964
2026-09-15 17:32:00+00:00,4297.18,4337.18,40.0
2026-09-15 17:33:00+00:00,4294.78,4334.78,40.0
2026-09-15 17:34:00+00:00,4292.72,4333.08,40.35999999999967
2026-09-15 17:35:00+00:00,4291.66,4331.83,40.17000000000007
2026-09-15 17:36:00+00:00,4295.0,4335.23,40.22999999999956
2026-09-15 17:37:00+00:00,4295.67,4335.78,40.10999999999967
2026-09-15 17:38:00+00:00,4294.19,4334.28,40.090000000000146
2026-09-15 17:39:00+00:00,4295.01,4335.13,40.11999999999989
2026-09-15 17:40:00+00:00,4293.77,4333.78,40.00999999999931
2026-09-15 17:41:00+00:00,4294.12,4334.23,40.10999999999967
2026-09-15 17:42:00+00:00,4293.54,4333.58,40.039999999999964
2026-09-15 17:43:00+00:00,4296.3,4336.43,40.13000000000011
2026-09-15 17:44:00+00:00,4296.51,4336.68,40.17000000000007
2026-09-15 17:45:00+00:00,4296.06,4336.33,40.26999999999953
2026-09-15 17:46:00+00:00,4296.19,4336.28,40.090000000000146
2026-09-15 17:47:00+00:00,4295.84,4335.88,40.039999999999964
2026-09-15 17:48:00+00:00,4295.71,4335.83,40.11999999999989
2026-09-15 17:49:00+00:00,4295.44,4335.48,40.039999999999964
2026-09-15 17:50:00+00:00,4296.81,4336.88,40.06999999999971
2026-09-15 17:51:00+00:00,4297.07,4337.18,40.11000000000058
2026-09-15 17:52:00+00:00,4297.25,4337.38,40.13000000000011
2026-09-15 17:53:00+00:00,4297.69,4337.83,40.14000000000033
2026-09-15 17:54:00+00:00,4297.72,4337.73,40.00999999999931
2026-09-15 17:55:00+00:00,4296.76,4336.68,39.92000000000007
2026-09-15 17:56:00+00:00,4295.42,4335.48,40.05999999999949
2026-09-15 17:57:00+00:00,4296.04,4335.98,39.9399999999996
2026-09-15 17:58:00+00:00,4296.98,4337.08,40.100000000000364
2026-09-15 17:59:00+00:00,4295.6,4335.53,39.92999999999938
2026-09-15 18:00:00+00:00,4296.05,4336.18,40.13000000000011
2026-09-15 18:01:00+00:00,4296.41,4336.48,40.06999999999971
2026-09-15 18:02:00+00:00,4293.43,4333.58,40.149999999999636
2026-09-15 18:03:00+00:00,4291.83,4331.88,40.05000000000018
2026-09-15 18:04:00+00:00,4291.43,4331.48,40.04999999999927
2026-09-15 18:05:00+00:00,4291.35,4331.58,40.22999999999956
2026-09-15 18:06:00+00:00,4291.63,4331.68,40.05000000000018
2026-09-15 18:07:00+00:00,4292.68,4332.88,40.19999999999982
2026-09-15 18:08:00+00:00,4293.11,4333.38,40.27000000000044
2026-09-15 18:09:00+00:00,4292.6,4332.83,40.22999999999956
2026-09-15 18:10:00+00:00,4294.65,4334.88,40.23000000000047
2026-09-15 18:11:00+00:00,4294.2,4334.48,40.279999999999745
2026-09-15 18:12:00+00:00,4295.69,4335.78,40.090000000000146
2026-09-15 18:13:00+00:00,4297.5,4337.78,40.279999999999745
2026-09-15 18:14:00+00:00,4295.42,4335.58,40.159999999999854
2026-09-15 18:15:00+00:00,4293.89,4334.13,40.23999999999978
2026-09-15 18:16:00+00:00,4295.68,4336.03,40.349999999999454
2026-09-15 18:17:00+00:00,4295.57,4336.03,40.460000000000036
2026-09-15 18:18:00+00:00,4294.02,4334.38,40.35999999999967
2026-09-15 18:19:00+00:00,4295.83,4336.33,40.5
2026-09-15 18:20:00+00:00,4295.56,4335.98,40.41999999999916
2026-09-15 18:21:00+00:00,4294.41,4334.78,40.36999999999989
2026-09-15 18:22:00+00:00,4293.08,4333.33,40.25
2026-09-15 18:23:00+00:00,4293.62,4334.08,40.460000000000036
2026-09-15 18:24:00+00:00,4293.03,4333.38,40.350000000000364
2026-09-15 18:25:00+00:00,4293.28,4333.68,40.400000000000546
2026-09-15 18:26:00+00:00,4293.85,4334.18,40.32999999999993
2026-09-15 18:27:00+00:00,4294.63,4335.08,40.44999999999982
2026-09-15 18:28:00+00:00,4292.98,4333.38,40.400000000000546
2026-09-15 18:29:00+00:00,4293.31,4333.58,40.26999999999953
2026-09-15 18:30:00+00:00,4294.03,4334.38,40.350000000000364
2026-09-15 18:31:00+00:00,4297.11,4337.63,40.52000000000044
2026-09-15 18:32:00+00:00,4297.33,4337.83,40.5
2026-09-15 18:33:00+00:00,4296.75,4337.28,40.529999999999745
2026-09-15 18:34:00+00:00,4297.26,4337.68,40.42000000000007
2026-09-15 18:35:00+00:00,4297.72,4338.23,40.50999999999931
2026-09-15 18:36:00+00:00,4297.57,4338.18,40.61000000000058
2026-09-15 18:37:00+00:00,4297.93,4338.43,40.5
2026-09-15 18:38:00+00:00,4297.1,4337.63,40.529999999999745
2026-09-15 18:39:00+00:00,4295.7,4336.03,40.32999999999993
2026-09-15 18:40:00+00:00,4295.21,4335.53,40.31999999999971
2026-09-15 18:41:00+00:00,4293.09,4333.43,40.340000000000146
2026-09-15 18:42:00+00:00,4292.53,4332.78,40.25
2026-09-15 18:43:00+00:00,4293.31,4333.58,40.26999999999953
2026-09-15 18:44:00+00:00,4293.33,4333.68,40.350000000000364
2026-09-15 18:45:00+00:00,4294.1,4334.48,40.3799999999992
2026-09-15 18:46:00+00:00,4294.38,4334.88,40.5
2026-09-15 18:47:00+00:00,4295.37,4335.78,40.409999999999854
2026-09-15 18:48:00+00:00,4295.31,4335.78,40.469999999999345
2026-09-15 18:49:00+00:00,4295.11,4335.48,40.36999999999989
2026-09-15 18:50:00+00:00,4295.35,4335.88,40.529999999999745
2026-09-15 18:51:00+00:00,4295.95,4336.38,40.43000000000029
2026-09-15 18:52:00+00:00,4295.21,4335.68,40.470000000000255
2026-09-15 18:53:00+00:00,4294.96,4335.28,40.31999999999971
2026-09-15 18:54:00+00:00,4295.21,4335.63,40.42000000000007
2026-09-15 18:55:00+00:00,4295.21,4335.58,40.36999999999989
2026-09-15 18:56:00+00:00,4295.61,4335.98,40.36999999999989
2026-09-15 18:57:00+00:00,4295.27,4335.68,40.409999999999854
2026-09-15 18:58:00+00:00,4295.23,4335.58,40.350000000000364
2026-09-15 18:59:00+00:00,4294.95,4335.08,40.13000000000011
2026-09-15 19:00:00+00:00,4294.8,4334.98,40.17999999999938
2026-09-15 19:01:00+00:00,4293.32,4333.38,40.0600000000004
2026-09-15 19:02:00+00:00,4293.96,4334.08,40.11999999999989
2026-09-15 19:03:00+00:00,4293.13,4333.18,40.05000000000018
2026-09-15 19:04:00+00:00,4295.28,4335.28,40.0
2026-09-15 19:05:00+00:00,4296.26,4336.28,40.01999999999953
2026-09-15 19:06:00+00:00,4298.32,4338.58,40.26000000000022
2026-09-15 19:07:00+00:00,4298.44,4338.58,40.14000000000033
2026-09-15 19:08:00+00:00,4297.32,4337.53,40.210000000000036
2026-09-15 19:09:00+00:00,4296.76,4336.68,39.92000000000007
2026-09-15 19:10:00+00:00,4297.85,4337.68,39.82999999999993
2026-09-15 19:11:00+00:00,4299.17,4339.33,40.159999999999854
2026-09-15 19:12:00+00:00,4302.41,4342.63,40.220000000000255
2026-09-15 19:13:00+00:00,4303.18,4343.38,40.19999999999982
2026-09-15 19:14:00+00:00,4302.22,4342.33,40.10999999999967
2026-09-15 19:15:00+00:00,4304.69,4344.78,40.090000000000146
2026-09-15 19:16:00+00:00,4304.79,4344.78,39.98999999999978
2026-09-15 19:17:00+00:00,4306.11,4346.13,40.02000000000044
2026-09-15 19:18:00+00:00,4303.69,4343.73,40.039999999999964
2026-09-15 19:19:00+00:00,4305.3,4345.38,40.07999999999993
2026-09-15 19:20:00+00:00,4305.22,4345.18,39.960000000000036
2026-09-15 19:21:00+00:00,4304.4,4344.33,39.93000000000029
2026-09-15 19:22:00+00:00,4304.84,4344.83,39.98999999999978
2026-09-15 19:23:00+00:00,4305.2,4345.18,39.98000000000047
2026-09-15 19:24:00+00:00,4304.83,4344.83,40.0
2026-09-15 19:25:00+00:00,4305.87,4345.93,40.0600000000004
2026-09-15 19:26:00+00:00,4304.82,4344.98,40.159999999999854
2026-09-15 19:27:00+00:00,4303.54,4343.43,39.89000000000033
2026-09-15 19:28:00+00:00,4304.81,4344.83,40.01999999999953
2026-09-15 19:29:00+00:00,4304.84,4344.88,40.039999999999964
2026-09-15 19:30:00+00:00,4302.67,4342.63,39.960000000000036
2026-09-15 19:31:00+00:00,4303.31,4343.23,39.91999999999916
2026-09-15 19:32:00+00:00,4302.13,4342.28,40.149999999999636
2026-09-15 19:33:00+00:00,4302.95,4342.88,39.93000000000029
2026-09-15 19:34:00+00:00,4302.93,4343.03,40.099999999999454
2026-09-15 19:35:00+00:00,4303.33,4343.43,40.100000000000364
2026-09-15 19:36:00+00:00,4303.14,4343.23,40.089999999999236
2026-09-15 19:37:00+00:00,4302.0,4342.18,40.18000000000029
2026-09-15 19:38:00+00:00,4302.72,4342.73,40.00999999999931
2026-09-15 19:39:00+00:00,4303.66,4343.53,39.86999999999989
2026-09-15 19:40:00+00:00,4303.79,4343.78,39.98999999999978
2026-09-15 19:41:00+00:00,4308.32,4348.13,39.8100000000004
2026-09-15 19:42:00+00:00,4305.9,4345.83,39.93000000000029
2026-09-15 19:43:00+00:00,4305.3,4345.23,39.92999999999938
2026-09-15 19:44:00+00:00,4304.78,4344.78,40.0
2026-09-15 19:45:00+00:00,4305.35,4345.23,39.8799999999992
2026-09-15 19:46:00+00:00,4305.8,4345.53,39.72999999999956
2026-09-15 19:47:00+00:00,4307.84,4347.83,39.98999999999978
2026-09-15 19:48:00+00:00,4306.55,4346.63,40.07999999999993
2026-09-15 19:49:00+00:00,4307.11,4347.03,39.92000000000007
2026-09-15 19:50:00+00:00,4309.33,4349.18,39.850000000000364
2026-09-15 19:51:00+00:00,4309.49,4349.63,40.14000000000033
2026-09-15 19:52:00+00:00,4309.24,4349.18,39.94000000000051
2026-09-15 19:53:00+00:00,4308.45,4348.38,39.93000000000029
2026-09-15 19:54:00+00:00,4308.76,4348.68,39.92000000000007
2026-09-15 19:55:00+00:00,4307.7,4347.58,39.88000000000011
2026-09-15 19:56:00+00:00,4308.44,4348.13,39.69000000000051
2026-09-15 19:57:00+00:00,4307.55,4347.43,39.88000000000011
2026-09-15 19:58:00+00:00,4307.31,4346.98,39.66999999999916
2026-09-15 19:59:00+00:00,4308.69,4348.48,39.789999999999964
2026-09-15 20:00:00+00:00,4310.12,4349.83,39.710000000000036
2026-09-15 20:01:00+00:00,4308.83,4348.68,39.850000000000364
2026-09-15 20:02:00+00:00,4306.12,4346.03,39.909999999999854
2026-09-15 20:03:00+00:00,4305.69,4345.48,39.789999999999964
2026-09-15 20:04:00+00:00,4304.95,4344.73,39.779999999999745
2026-09-15 20:05:00+00:00,4303.45,4343.03,39.57999999999993
2026-09-15 20:06:00+00:00,4303.66,4343.28,39.61999999999989
2026-09-15 20:07:00+00:00,4304.98,4344.63,39.650000000000546
2026-09-15 20:08:00+00:00,4305.23,4344.93,39.70000000000073
2026-09-15 20:09:00+00:00,4304.32,4343.88,39.5600000000004
2026-09-15 20:10:00+00:00,4303.63,4343.23,39.599999999999454
2026-09-15 20:11:00+00:00,4304.07,4343.68,39.61000000000058
2026-09-15 20:12:00+00:00,4303.49,4343.03,39.539999999999964
2026-09-15 20:13:00+00:00,4301.65,4341.28,39.63000000000011
2026-09-15 20:14:00+00:00,4300.35,4339.83,39.47999999999956
2026-09-15 20:15:00+00:00,4301.0,4340.48,39.47999999999956
2026-09-15 20:16:00+00:00,4301.88,4341.43,39.55000000000018
2026-09-15 20:17:00+00:00,4301.64,4341.18,39.539999999999964
2026-09-15 20:18:00+00:00,4301.44,4341.13,39.69000000000051
2026-09-15 20:19:00+00:00,4300.13,4339.68,39.55000000000018
2026-09-15 20:20:00+00:00,4298.5,4338.08,39.57999999999993
2026-09-15 20:21:00+00:00,4299.15,4338.88,39.73000000000047
2026-09-15 20:22:00+00:00,4299.89,4339.63,39.73999999999978
2026-09-15 20:23:00+00:00,4300.95,4340.68,39.73000000000047
2026-09-15 20:24:00+00:00,4301.23,4340.83,39.600000000000364
2026-09-15 20:25:00+00:00,4300.35,4339.93,39.57999999999993
2026-09-15 20:26:00+00:00,4301.47,4340.98,39.50999999999931
2026-09-15 20:27:00+00:00,4301.42,4340.78,39.35999999999967
2026-09-15 20:28:00+00:00,4301.51,4340.88,39.36999999999989
2026-09-15 20:29:00+00:00,4301.13,4340.58,39.44999999999982
2026-09-15 20:30:00+00:00,4299.12,4338.48,39.35999999999967
2026-09-15 20:31:00+00:00,4300.37,4339.83,39.460000000000036
2026-09-15 20:32:00+00:00,4302.32,4341.68,39.36000000000058
2026-09-15 20:33:00+00:00,4300.67,4340.23,39.55999999999949
2026-09-15 20:34:00+00:00,4299.56,4338.98,39.41999999999916
2026-09-15 20:35:00+00:00,4299.53,4338.93,39.400000000000546
2026-09-15 20:36:00+00:00,4299.25,4338.63,39.38000000000011
2026-09-15 20:37:00+00:00,4299.25,4338.83,39.57999999999993
2026-09-15 20:38:00+00:00,4299.23,4338.63,39.400000000000546
2026-09-15 20:39:00+00:00,4299.02,4338.48,39.45999999999913
2026-09-15 20:40:00+00:00,4298.65,4338.08,39.43000000000029
2026-09-15 20:41:00+00:00,4298.2,4337.63,39.43000000000029
2026-09-15 20:42:00+00:00,4297.56,4336.98,39.41999999999916
2026-09-15 20:43:00+00:00,4297.43,4336.93,39.5
2026-09-15 20:44:00+00:00,4296.79,4336.28,39.48999999999978
2026-09-15 20:45:00+00:00,4296.66,4336.08,39.42000000000007
2026-09-15 20:46:00+00:00,4297.83,4337.18,39.350000000000364
2026-09-15 20:47:00+00:00,4298.27,4337.58,39.30999999999949
2026-09-15 20:48:00+00:00,4299.07,4338.38,39.3100000000004
2026-09-15 20:49:00+00:00,4299.1,4338.38,39.279999999999745
2026-09-15 20:50:00+00:00,4298.68,4338.08,39.399999999999636
2026-09-15 20:51:00+00:00,4297.63,4337.08,39.44999999999982
2026-09-15 20:52:00+00:00,4296.53,4335.88,39.350000000000364
2026-09-15 20:53:00+00:00,4296.33,4335.68,39.350000000000364
2026-09-15 20:54:00+00:00,4296.56,4336.08,39.51999999999953
2026-09-15 20:55:00+00:00,4295.05,4334.63,39.57999999999993
2026-09-15 20:56:00+00:00,4295.15,4334.68,39.530000000000655
2026-09-15 20:57:00+00:00,4294.87,4334.23,39.35999999999967
2026-09-15 20:58:00+00:00,4296.9,4336.18,39.280000000000655
2026-09-15 20:59:00+00:00,4297.67,4337.28,39.60999999999967
2026-09-15 21:00:00+00:00,4299.06,4338.53,39.469999999999345
2026-09-15 21:01:00+00:00,4298.94,4338.43,39.49000000000069
2026-09-15 21:02:00+00:00,4296.82,4336.38,39.5600000000004
2026-09-15 21:03:00+00:00,4297.57,4337.03,39.460000000000036
2026-09-15 21:04:00+00:00,4296.57,4336.03,39.460000000000036
2026-09-15 21:05:00+00:00,4297.02,4336.53,39.50999999999931
2026-09-15 21:06:00+00:00,4297.59,4337.18,39.590000000000146
2026-09-15 21:07:00+00:00,4297.4,4336.93,39.530000000000655
2026-09-15 21:08:00+00:00,4297.47,4337.08,39.60999999999967
2026-09-15 21:09:00+00:00,4297.77,4337.43,39.659999999999854
2026-09-15 21:10:00+00:00,4297.27,4336.78,39.50999999999931
2026-09-15 21:11:00+00:00,4297.25,4336.93,39.68000000000029
2026-09-15 21:12:00+00:00,4295.89,4335.63,39.73999999999978
2026-09-15 21:13:00+00:00,4296.21,4335.93,39.720000000000255
2026-09-15 21:14:00+00:00,4296.29,4335.93,39.64000000000033
2026-09-15 21:15:00+00:00,4296.15,4335.73,39.57999999999993
2026-09-15 21:16:00+00:00,4295.71,4335.33,39.61999999999989
2026-09-15 21:17:00+00:00,4295.71,4335.43,39.720000000000255
2026-09-15 21:18:00+00:00,4296.28,4335.83,39.55000000000018
2026-09-15 21:19:00+00:00,4296.14,4335.73,39.589999999999236
2026-09-15 21:20:00+00:00,4296.46,4336.03,39.56999999999971
2026-09-15 21:21:00+00:00,4296.44,4336.08,39.64000000000033
2026-09-15 21:22:00+00:00,4295.77,4335.28,39.50999999999931
2026-09-15 21:23:00+00:00,4295.52,4335.03,39.50999999999931
2026-09-15 21:24:00+00:00,4295.07,4334.63,39.5600000000004
2026-09-15 21:25:00+00:00,4295.02,4334.63,39.60999999999967
2026-09-15 21:26:00+00:00,4295.05,4334.63,39.57999999999993
2026-09-15 21:27:00+00:00,4294.57,4333.98,39.409999999999854
2026-09-15 21:28:00+00:00,4294.61,4334.13,39.52000000000044
2026-09-15 21:29:00+00:00,4294.35,4334.03,39.67999999999938
2026-09-15 21:30:00+00:00,4294.96,4334.63,39.67000000000007
2026-09-15 21:31:00+00:00,4295.7,4335.48,39.779999999999745
2026-09-15 21:32:00+00:00,4295.24,4334.68,39.44000000000051
2026-09-15 21:33:00+00:00,4294.09,4332.83,38.73999999999978
2026-09-15 21:34:00+00:00,4292.71,4332.23,39.51999999999953
2026-09-15 21:35:00+00:00,4292.31,4331.93,39.61999999999989
2026-09-15 21:36:00+00:00,4292.59,4332.18,39.590000000000146
2026-09-15 21:37:00+00:00,4292.87,4332.38,39.51000000000022
2026-09-15 21:38:00+00:00,4292.85,4332.43,39.57999999999993
2026-09-15 21:39:00+00:00,4292.83,4332.43,39.600000000000364
2026-09-15 21:40:00+00:00,4292.65,4332.33,39.68000000000029
2026-09-15 21:41:00+00:00,4292.99,4332.48,39.48999999999978
2026-09-15 21:42:00+00:00,4292.94,4332.48,39.539999999999964
2026-09-15 21:43:00+00:00,4293.04,4332.58,39.539999999999964
2026-09-15 21:44:00+00:00,4293.17,4332.73,39.55999999999949
2026-09-15 21:45:00+00:00,4292.81,4332.38,39.56999999999971
2026-09-15 21:46:00+00:00,4292.77,4332.53,39.75999999999931
2026-09-15 21:47:00+00:00,4292.96,4332.68,39.720000000000255
2026-09-15 21:48:00+00:00,4292.45,4332.23,39.779999999999745
2026-09-15 21:49:00+00:00,4292.64,4332.43,39.789999999999964
2026-09-15 21:50:00+00:00,4293.07,4332.83,39.76000000000022
2026-09-15 21:51:00+00:00,4293.52,4333.28,39.75999999999931
2026-09-15 21:52:00+00:00,4293.58,4333.33,39.75
2026-09-15 21:53:00+00:00,4292.98,4332.73,39.75
2026-09-15 21:54:00+00:00,4292.8,4332.53,39.72999999999956
2026-09-15 21:55:00+00:00,4293.33,4333.03,39.69999999999982
2026-09-15 21:56:00+00:00,4293.35,4332.98,39.6299999999992
2026-09-15 21:57:00+00:00,4293.43,4333.18,39.75
2026-09-15 23:01:00+00:00,4294.14,4333.83,39.6899999999996
2026-09-15 23:02:00+00:00,4294.7,4334.28,39.57999999999993
2026-09-15 23:03:00+00:00,4294.85,4334.48,39.6299999999992
2026-09-15 23:04:00+00:00,4295.18,4334.83,39.649999999999636
2026-09-15 23:05:00+00:00,4295.28,4334.88,39.600000000000364
2026-09-15 23:06:00+00:00,4295.65,4335.03,39.38000000000011
2026-09-15 23:07:00+00:00,4295.4,4334.78,39.38000000000011
2026-09-15 23:08:00+00:00,4295.04,4334.48,39.4399999999996
2026-09-15 23:09:00+00:00,4295.61,4334.98,39.36999999999989
2026-09-15 23:10:00+00:00,4295.74,4335.03,39.289999999999964
2026-09-15 23:11:00+00:00,4295.38,4334.83,39.44999999999982
2026-09-15 23:12:00+00:00,4294.78,4334.13,39.350000000000364
2026-09-15 23:13:00+00:00,4293.59,4333.08,39.48999999999978
2026-09-15 23:14:00+00:00,4293.02,4332.28,39.25999999999931
2026-09-15 23:15:00+00:00,4293.12,4332.43,39.3100000000004
2026-09-15 23:16:00+00:00,4293.62,4333.03,39.409999999999854
2026-09-15 23:17:00+00:00,4292.67,4331.78,39.10999999999967
2026-09-15 23:18:00+00:00,4292.66,4331.93,39.27000000000044
2026-09-15 23:19:00+00:00,4292.27,4331.53,39.25999999999931
2026-09-15 23:20:00+00:00,4292.57,4331.88,39.3100000000004
2026-09-15 23:21:00+00:00,4292.58,4331.68,39.100000000000364
2026-09-15 23:22:00+00:00,4292.82,4331.85,39.030000000000655
2026-09-15 23:23:00+00:00,4294.26,4333.53,39.26999999999953
2026-09-15 23:24:00+00:00,4294.58,4334.03,39.44999999999982
2026-09-15 23:25:00+00:00,4296.83,4336.33,39.5
2026-09-15 23:26:00+00:00,4298.15,4337.98,39.82999999999993
2026-09-15 23:27:00+00:00,4298.52,4338.43,39.909999999999854
2026-09-15 23:28:00+00:00,4298.2,4338.33,40.13000000000011
2026-09-15 23:29:00+00:00,4298.85,4339.03,40.17999999999938
2026-09-15 23:30:00+00:00,4297.56,4337.88,40.31999999999971
2026-09-15 23:31:00+00:00,4296.09,4336.28,40.1899999999996
2026-09-15 23:32:00+00:00,4297.47,4337.73,40.25999999999931
2026-09-15 23:33:00+00:00,4297.11,4337.33,40.220000000000255
2026-09-15 23:34:00+00:00,4297.58,4337.68,40.100000000000364
2026-09-15 23:35:00+00:00,4297.38,4337.63,40.25
2026-09-15 23:36:00+00:00,4297.71,4337.93,40.220000000000255
2026-09-15 23:37:00+00:00,4297.64,4337.73,40.089999999999236
2026-09-15 23:38:00+00:00,4298.31,4338.48,40.16999999999916
2026-09-15 23:39:00+00:00,4297.81,4338.08,40.26999999999953
2026-09-15 23:40:00+00:00,4296.71,4337.08,40.36999999999989
2026-09-15 23:41:00+00:00,4296.29,4336.73,40.4399999999996
2026-09-15 23:42:00+00:00,4295.98,4336.33,40.350000000000364
2026-09-15 23:43:00+00:00,4294.93,4335.33,40.399999999999636
2026-09-15 23:44:00+00:00,4294.72,4335.08,40.35999999999967
2026-09-15 23:45:00+00:00,4295.29,4335.63,40.340000000000146
2026-09-15 23:46:00+00:00,4294.98,4335.33,40.350000000000364
2026-09-15 23:47:00+00:00,4294.47,4334.88,40.409999999999854
2026-09-15 23:48:00+00:00,4294.44,4334.73,40.289999999999964
2026-09-15 23:49:00+00:00,4294.16,4334.43,40.27000000000044
2026-09-15 23:50:00+00:00,4293.79,4334.18,40.39000000000033
2026-09-15 23:51:00+00:00,4294.16,4334.43,40.27000000000044
2026-09-15 23:52:00+00:00,4293.66,4334.13,40.470000000000255
2026-09-15 23:53:00+00:00,4293.76,4334.13,40.36999999999989
2026-09-15 23:54:00+00:00,4293.08,4333.43,40.350000000000364
2026-09-15 23:55:00+00:00,4292.69,4332.93,40.24000000000069
2026-09-15 23:56:00+00:00,4292.09,4332.33,40.23999999999978
2026-09-15 23:57:00+00:00,4290.88,4331.28,40.399999999999636
2026-09-15 23:58:00+00:00,4290.26,4330.43,40.17000000000007
2026-09-15 23:59:00+00:00,4288.9,4329.13,40.23000000000047
2026-09-16 00:00:00+00:00,4288.67,4328.73,40.05999999999949
2026-09-16 00:01:00+00:00,4287.82,4327.88,40.0600000000004
2026-09-16 00:02:00+00:00,4286.32,4326.33,40.01000000000022
2026-09-16 00:03:00+00:00,4286.58,4326.43,39.850000000000364
2026-09-16 00:04:00+00:00,4285.12,4325.03,39.909999999999854
2026-09-16 00:05:00+00:00,4287.0,4326.83,39.82999999999993
2026-09-16 00:06:00+00:00,4286.91,4326.73,39.81999999999971
2026-09-16 00:07:00+00:00,4287.34,4327.23,39.88999999999942
2026-09-16 00:08:00+00:00,4286.63,4326.53,39.899999999999636
2026-09-16 00:09:00+00:00,4285.95,4325.83,39.88000000000011
2026-09-16 00:10:00+00:00,4286.38,4326.23,39.849999999999454
2026-09-16 00:11:00+00:00,4287.69,4327.58,39.89000000000033
2026-09-16 00:12:00+00:00,4288.18,4328.08,39.899999999999636
2026-09-16 00:13:00+00:00,4286.93,4326.83,39.899999999999636
2026-09-16 00:14:00+00:00,4286.21,4326.18,39.970000000000255
2026-09-16 00:15:00+00:00,4287.06,4326.98,39.91999999999916
2026-09-16 00:16:00+00:00,4286.34,4326.23,39.88999999999942
2026-09-16 00:17:00+00:00,4286.66,4326.53,39.86999999999989
2026-09-16 00:18:00+00:00,4286.91,4326.73,39.81999999999971
2026-09-16 00:19:00+00:00,4287.01,4326.83,39.81999999999971
2026-09-16 00:20:00+00:00,4287.21,4327.08,39.86999999999989
2026-09-16 00:21:00+00:00,4286.76,4326.63,39.86999999999989
2026-09-16 00:22:00+00:00,4286.58,4326.53,39.94999999999982
2026-09-16 00:23:00+00:00,4286.81,4326.73,39.91999999999916
2026-09-16 00:24:00+00:00,4284.96,4324.83,39.86999999999989
2026-09-16 00:25:00+00:00,4284.47,4324.23,39.75999999999931
2026-09-16 00:26:00+00:00,4284.6,4324.43,39.82999999999993
2026-09-16 00:27:00+00:00,4283.38,4323.23,39.849999999999454
2026-09-16 00:28:00+00:00,4283.84,4323.48,39.63999999999942
2026-09-16 00:29:00+00:00,4284.57,4324.23,39.659999999999854
2026-09-16 00:30:00+00:00,4283.88,4323.58,39.69999999999982
2026-09-16 00:31:00+00:00,4283.88,4323.63,39.75
2026-09-16 00:32:00+00:00,4286.07,4325.93,39.86000000000058
2026-09-16 00:33:00+00:00,4287.12,4327.13,40.01000000000022
2026-09-16 00:34:00+00:00,4286.98,4327.13,40.150000000000546
2026-09-16 00:35:00+00:00,4287.48,4327.53,40.05000000000018
2026-09-16 00:36:00+00:00,4287.07,4327.38,40.3100000000004
2026-09-16 00:37:00+00:00,4286.59,4327.03,40.4399999999996
2026-09-16 00:38:00+00:00,4284.78,4325.23,40.44999999999982
2026-09-16 00:39:00+00:00,4285.05,4325.43,40.38000000000011
2026-09-16 00:40:00+00:00,4284.75,4325.23,40.47999999999956
2026-09-16 00:41:00+00:00,4284.32,4324.83,40.51000000000022
2026-09-16 00:42:00+00:00,4284.1,4324.63,40.529999999999745
2026-09-16 00:43:00+00:00,4284.55,4325.13,40.57999999999993
2026-09-16 00:44:00+00:00,4284.73,4325.23,40.5
2026-09-16 00:45:00+00:00,4285.19,4325.73,40.539999999999964
2026-09-16 00:46:00+00:00,4285.7,4326.23,40.529999999999745
2026-09-16 00:47:00+00:00,4286.18,4326.68,40.5
2026-09-16 00:48:00+00:00,4285.56,4326.08,40.51999999999953
2026-09-16 00:49:00+00:00,4283.9,4323.93,40.030000000000655
2026-09-16 00:50:00+00:00,4284.66,4325.23,40.56999999999971
2026-09-16 00:51:00+00:00,4284.11,4324.43,40.32000000000062
2026-09-16 00:52:00+00:00,4283.65,4323.98,40.32999999999993
2026-09-16 00:53:00+00:00,4283.57,4323.83,40.26000000000022
2026-09-16 00:54:00+00:00,4283.75,4323.98,40.22999999999956
2026-09-16 00:55:00+00:00,4282.21,4322.43,40.220000000000255
2026-09-16 00:56:00+00:00,4281.8,4321.93,40.13000000000011
2026-09-16 00:57:00+00:00,4281.86,4321.83,39.970000000000255
2026-09-16 00:58:00+00:00,4281.79,4321.73,39.9399999999996
2026-09-16 00:59:00+00:00,4283.52,4323.63,40.10999999999967
2026-09-16 01:00:00+00:00,4281.76,4322.03,40.26999999999953
2026-09-16 01:01:00+00:00,4281.63,4321.63,40.0
2026-09-16 01:02:00+00:00,4281.65,4321.63,39.98000000000047
2026-09-16 01:03:00+00:00,4281.19,4321.13,39.94000000000051
2026-09-16 01:04:00+00:00,4280.8,4320.93,40.13000000000011
2026-09-16 01:05:00+00:00,4282.06,4322.03,39.969999999999345
2026-09-16 01:06:00+00:00,4282.29,4322.33,40.039999999999964
2026-09-16 01:07:00+00:00,4283.79,4323.93,40.14000000000033
2026-09-16 01:08:00+00:00,4282.22,4322.33,40.10999999999967
2026-09-16 01:09:00+00:00,4281.72,4321.83,40.10999999999967
2026-09-16 01:10:00+00:00,4281.44,4321.43,39.99000000000069
2026-09-16 01:11:00+00:00,4281.89,4321.93,40.039999999999964
2026-09-16 01:12:00+00:00,4282.78,4322.83,40.05000000000018
2026-09-16 01:13:00+00:00,4282.58,4322.63,40.05000000000018
2026-09-16 01:14:00+00:00,4282.57,4322.78,40.210000000000036
2026-09-16 01:15:00+00:00,4282.42,4322.63,40.210000000000036
2026-09-16 01:16:00+00:00,4283.48,4323.63,40.150000000000546
2026-09-16 01:17:00+00:00,4283.53,4323.73,40.19999999999982
2026-09-16 01:18:00+00:00,4285.38,4325.53,40.149999999999636
2026-09-16 01:19:00+00:00,4285.64,4325.83,40.1899999999996
2026-09-16 01:20:00+00:00,4285.02,4325.13,40.10999999999967
2026-09-16 01:21:00+00:00,4284.74,4324.88,40.14000000000033
2026-09-16 01:22:00+00:00,4284.47,4324.53,40.05999999999949
2026-09-16 01:23:00+00:00,4285.0,4325.18,40.18000000000029
2026-09-16 01:24:00+00:00,4285.15,4325.48,40.32999999999993
2026-09-16 01:25:00+00:00,4284.2,4324.38,40.18000000000029
2026-09-16 01:26:00+00:00,4285.11,4325.23,40.11999999999989
2026-09-16 01:27:00+00:00,4283.78,4324.03,40.25
2026-09-16 01:28:00+00:00,4283.75,4323.98,40.22999999999956
2026-09-16 01:29:00+00:00,4284.09,4324.33,40.23999999999978
2026-09-16 01:30:00+00:00,4284.41,4324.63,40.220000000000255
2026-09-16 01:31:00+00:00,4283.36,4323.43,40.07000000000062
2026-09-16 01:32:00+00:00,4281.85,4321.88,40.029999999999745
2026-09-16 01:33:00+00:00,4280.84,4320.73,39.88999999999942
2026-09-16 01:34:00+00:00,4281.52,4321.53,40.00999999999931
2026-09-16 01:35:00+00:00,4280.18,4320.13,39.94999999999982
2026-09-16 01:36:00+00:00,4280.37,4320.33,39.960000000000036
2026-09-16 01:37:00+00:00,4280.65,4320.58,39.93000000000029
2026-09-16 01:38:00+00:00,4280.93,4320.83,39.899999999999636
2026-09-16 01:39:00+00:00,4281.39,4321.13,39.73999999999978
2026-09-16 01:40:00+00:00,4284.03,4323.83,39.80000000000018
2026-09-16 01:41:00+00:00,4285.16,4325.03,39.86999999999989
2026-09-16 01:42:00+00:00,4284.2,4324.18,39.98000000000047
2026-09-16 01:43:00+00:00,4284.61,4324.53,39.92000000000007
2026-09-16 01:44:00+00:00,4283.62,4323.63,40.01000000000022
2026-09-16 01:45:00+00:00,4283.86,4323.83,39.970000000000255
2026-09-16 01:46:00+00:00,4284.22,4324.08,39.85999999999967
2026-09-16 01:47:00+00:00,4282.68,4322.63,39.94999999999982
2026-09-16 01:48:00+00:00,4283.59,4323.58,39.98999999999978
2026-09-16 01:49:00+00:00,4282.98,4322.93,39.95000000000073
2026-09-16 01:50:00+00:00,4281.14,4321.03,39.88999999999942
2026-09-16 01:51:00+00:00,4280.73,4320.53,39.80000000000018
2026-09-16 01:52:00+00:00,4280.68,4320.53,39.849999999999454
2026-09-16 01:53:00+00:00,4279.59,4319.33,39.73999999999978
2026-09-16 01:54:00+00:00,4278.13,4317.73,39.599999999999454
2026-09-16 01:55:00+00:00,4276.04,4315.63,39.590000000000146
2026-09-16 01:56:00+00:00,4277.37,4316.93,39.5600000000004
2026-09-16 01:57:00+00:00,4277.88,4317.58,39.69999999999982
2026-09-16 01:58:00+00:00,4276.46,4316.03,39.56999999999971
2026-09-16 01:59:00+00:00,4277.58,4317.13,39.55000000000018
2026-09-16 02:00:00+00:00,4283.29,4322.93,39.64000000000033
2026-09-16 02:01:00+00:00,4283.21,4322.93,39.720000000000255
2026-09-16 02:02:00+00:00,4283.21,4322.78,39.56999999999971
2026-09-16 02:03:00+00:00,4281.49,4321.03,39.539999999999964
2026-09-16 02:04:00+00:00,4280.14,4319.48,39.339999999999236
2026-09-16 02:05:00+00:00,4279.97,4319.38,39.409999999999854
2026-09-16 02:06:00+00:00,4281.44,4320.88,39.44000000000051
2026-09-16 02:07:00+00:00,4279.42,4318.83,39.409999999999854
2026-09-16 02:08:00+00:00,4280.94,4320.28,39.340000000000146
2026-09-16 02:09:00+00:00,4281.4,4320.93,39.530000000000655
2026-09-16 02:10:00+00:00,4281.24,4320.78,39.539999999999964
2026-09-16 02:11:00+00:00,4282.83,4322.28,39.44999999999982
2026-09-16 02:12:00+00:00,4284.68,4324.23,39.54999999999927
2026-09-16 02:13:00+00:00,4285.79,4325.38,39.590000000000146
2026-09-16 02:14:00+00:00,4287.31,4326.78,39.469999999999345
2026-09-16 02:15:00+00:00,4288.04,4327.53,39.48999999999978
2026-09-16 02:16:00+00:00,4288.67,4328.13,39.460000000000036
2026-09-16 02:17:00+00:00,4285.99,4325.48,39.48999999999978
2026-09-16 02:18:00+00:00,4285.99,4325.48,39.48999999999978
2026-09-16 02:19:00+00:00,4287.48,4327.03,39.55000000000018
2026-09-16 02:20:00+00:00,4289.99,4329.53,39.539999999999964
2026-09-16 02:21:00+00:00,4288.89,4328.43,39.539999999999964
2026-09-16 02:22:00+00:00,4288.86,4328.48,39.61999999999989
2026-09-16 02:23:00+00:00,4289.92,4329.53,39.60999999999967
2026-09-16 02:24:00+00:00,4290.5,4330.13,39.63000000000011
2026-09-16 02:25:00+00:00,4292.03,4331.53,39.5
2026-09-16 02:26:00+00:00,4292.13,4331.73,39.599999999999454
2026-09-16 02:27:00+00:00,4292.52,4332.03,39.50999999999931
2026-09-16 02:28:00+00:00,4292.49,4332.03,39.539999999999964
2026-09-16 02:29:00+00:00,4290.73,4330.23,39.5
2026-09-16 02:30:00+00:00,4290.08,4329.63,39.55000000000018
2026-09-16 02:31:00+00:00,4288.55,4328.13,39.57999999999993
2026-09-16 02:32:00+00:00,4289.03,4328.53,39.5
2026-09-16 02:33:00+00:00,4288.94,4328.33,39.39000000000033
2026-09-16 02:34:00+00:00,4289.36,4328.83,39.470000000000255
2026-09-16 02:35:00+00:00,4287.87,4327.33,39.460000000000036
2026-09-16 02:36:00+00:00,4289.01,4328.48,39.469999999999345
2026-09-16 02:37:00+00:00,4289.12,4328.63,39.51000000000022
2026-09-16 02:38:00+00:00,4288.26,4327.73,39.469999999999345
2026-09-16 02:39:00+00:00,4286.28,4325.63,39.350000000000364
2026-09-16 02:40:00+00:00,4288.54,4327.98,39.4399999999996
2026-09-16 02:41:00+00:00,4290.57,4329.93,39.36000000000058
2026-09-16 02:42:00+00:00,4289.66,4329.03,39.36999999999989
2026-09-16 02:43:00+00:00,4288.46,4327.63,39.17000000000007
2026-09-16 02:44:00+00:00,4288.7,4327.98,39.279999999999745
2026-09-16 02:45:00+00:00,4288.42,4327.63,39.210000000000036
2026-09-16 02:46:00+00:00,4286.35,4325.48,39.1299999999992
2026-09-16 02:47:00+00:00,4287.4,4326.63,39.23000000000047
2026-09-16 02:48:00+00:00,4286.01,4325.13,39.11999999999989
2026-09-16 02:49:00+00:00,4287.88,4327.23,39.349999999999454
2026-09-16 02:50:00+00:00,4285.51,4324.83,39.31999999999971
2026-09-16 02:51:00+00:00,4286.57,4325.63,39.0600000000004
2026-09-16 02:52:00+00:00,4287.07,4326.18,39.11000000000058
2026-09-16 02:53:00+00:00,4287.53,4326.68,39.150000000000546
2026-09-16 02:54:00+00:00,4285.57,4324.73,39.159999999999854
2026-09-16 02:55:00+00:00,4285.58,4324.83,39.25
2026-09-16 02:56:00+00:00,4283.47,4322.73,39.25999999999931
2026-09-16 02:57:00+00:00,4280.53,4319.53,39.0
2026-09-16 02:58:00+00:00,4282.27,4321.28,39.00999999999931
2026-09-16 02:59:00+00:00,4282.46,4321.73,39.26999999999953
2026-09-16 03:00:00+00:00,4283.69,4322.83,39.14000000000033
2026-09-16 03:01:00+00:00,4285.33,4324.53,39.19999999999982
2026-09-16 03:02:00+00:00,4286.8,4325.93,39.13000000000011
2026-09-16 03:03:00+00:00,4286.91,4326.23,39.31999999999971
2026-09-16 03:04:00+00:00,4287.55,4326.93,39.38000000000011
2026-09-16 03:05:00+00:00,4286.11,4325.33,39.220000000000255
2026-09-16 03:06:00+00:00,4285.56,4324.58,39.01999999999953
2026-09-16 03:07:00+00:00,4286.9,4325.88,38.98000000000047
2026-09-16 03:08:00+00:00,4287.54,4326.83,39.289999999999964
2026-09-16 03:09:00+00:00,4289.3,4328.53,39.22999999999956
2026-09-16 03:10:00+00:00,4290.72,4330.03,39.30999999999949
2026-09-16 03:11:00+00:00,4293.58,4333.03,39.44999999999982
2026-09-16 03:12:00+00:00,4293.9,4333.53,39.63000000000011
2026-09-16 03:13:00+00:00,4292.62,4332.33,39.710000000000036
2026-09-16 03:14:00+00:00,4292.14,4331.83,39.6899999999996
2026-09-16 03:15:00+00:00,4290.88,4330.48,39.599999999999454
2026-09-16 03:16:00+00:00,4291.27,4330.73,39.45999999999913
2026-09-16 03:17:00+00:00,4291.63,4331.13,39.5
2026-09-16 03:18:00+00:00,4292.49,4331.83,39.340000000000146
2026-09-16 03:19:00+00:00,4291.9,4331.13,39.23000000000047
2026-09-16 03:20:00+00:00,4291.67,4331.03,39.35999999999967
2026-09-16 03:21:00+00:00,4293.75,4333.08,39.32999999999993
2026-09-16 03:22:00+00:00,4293.92,4333.43,39.51000000000022
2026-09-16 03:23:00+00:00,4294.01,4333.33,39.31999999999971
2026-09-16 03:24:00+00:00,4295.59,4335.18,39.590000000000146
2026-09-16 03:25:00+00:00,4295.78,4335.53,39.75
2026-09-16 03:26:00+00:00,4297.78,4337.43,39.650000000000546
2026-09-16 03:27:00+00:00,4300.12,4339.88,39.76000000000022
2026-09-16 03:28:00+00:00,4298.1,4337.73,39.6299999999992
2026-09-16 03:29:00+00:00,4298.83,4338.63,39.80000000000018
2026-09-16 03:30:00+00:00,4304.02,4343.83,39.80999999999949
2026-09-16 03:31:00+00:00,4309.95,4349.93,39.98000000000047
2026-09-16 03:32:00+00:00,4305.55,4345.98,40.42999999999938
2026-09-16 03:33:00+00:00,4305.57,4345.83,40.26000000000022
2026-09-16 03:34:00+00:00,4310.02,4350.38,40.35999999999967
2026-09-16 03:35:00+00:00,4312.85,4353.53,40.67999999999938
2026-09-16 03:36:00+00:00,4313.04,4353.43,40.39000000000033
2026-09-16 03:37:00+00:00,4310.48,4350.93,40.45000000000073
2026-09-16 03:38:00+00:00,4309.94,4350.23,40.289999999999964
2026-09-16 03:39:00+00:00,4311.3,4351.53,40.22999999999956
2026-09-16 03:40:00+00:00,4310.97,4351.38,40.409999999999854
2026-09-16 03:41:00+00:00,4312.53,4352.58,40.05000000000018
2026-09-16 03:42:00+00:00,4311.71,4351.88,40.17000000000007
2026-09-16 03:43:00+00:00,4312.7,4352.93,40.23000000000047
2026-09-16 03:44:00+00:00,4311.14,4351.23,40.089999999999236
2026-09-16 03:45:00+00:00,4311.44,4351.78,40.340000000000146
2026-09-16 03:46:00+00:00,4314.09,4354.08,39.98999999999978
2026-09-16 03:47:00+00:00,4313.51,4353.73,40.219999999999345
2026-09-16 03:48:00+00:00,4314.22,4354.48,40.25999999999931
2026-09-16 03:49:00+00:00,4315.35,4355.48,40.1299999999992
2026-09-16 03:50:00+00:00,4315.72,4356.03,40.30999999999949
2026-09-16 03:51:00+00:00,4316.64,4356.83,40.1899999999996
2026-09-16 03:52:00+00:00,4314.68,4354.83,40.149999999999636
2026-09-16 03:53:00+00:00,4314.68,4354.93,40.25
2026-09-16 03:54:00+00:00,4316.52,4356.83,40.30999999999949
2026-09-16 03:55:00+00:00,4316.91,4357.08,40.17000000000007
2026-09-16 03:56:00+00:00,4321.27,4361.53,40.25999999999931
2026-09-16 03:57:00+00:00,4321.3,4361.53,40.22999999999956
2026-09-16 03:58:00+00:00,4320.06,4360.38,40.31999999999971
2026-09-16 03:59:00+00:00,4321.62,4362.13,40.51000000000022
2026-09-16 04:00:00+00:00,4324.0,4364.48,40.47999999999956
2026-09-16 04:01:00+00:00,4326.35,4366.78,40.42999999999938
2026-09-16 04:02:00+00:00,4327.73,4368.18,40.45000000000073
2026-09-16 04:03:00+00:00,4328.01,4368.53,40.51999999999953
2026-09-16 04:04:00+00:00,4328.1,4368.83,40.72999999999956
2026-09-16 04:05:00+00:00,4328.59,4369.28,40.6899999999996
2026-09-16 04:06:00+00:00,4328.61,4369.33,40.720000000000255
2026-09-16 04:07:00+00:00,4329.72,4370.43,40.710000000000036
2026-09-16 04:08:00+00:00,4326.61,4367.23,40.61999999999989
2026-09-16 04:09:00+00:00,4326.81,4367.53,40.719999999999345
2026-09-16 04:10:00+00:00,4326.94,4367.73,40.789999999999964
2026-09-16 04:11:00+00:00,4330.01,4370.68,40.67000000000007
2026-09-16 04:12:00+00:00,4333.57,4374.18,40.61000000000058
2026-09-16 04:13:00+00:00,4337.21,4377.93,40.720000000000255
2026-09-16 04:14:00+00:00,4337.01,4377.83,40.81999999999971
2026-09-16 04:15:00+00:00,4338.05,4378.78,40.72999999999956
2026-09-16 04:16:00+00:00,4338.3,4378.88,40.57999999999993
2026-09-16 04:17:00+00:00,4338.55,4379.23,40.67999999999938
2026-09-16 04:18:00+00:00,4337.09,4377.83,40.73999999999978
2026-09-16 04:19:00+00:00,4335.65,4376.43,40.780000000000655
2026-09-16 04:20:00+00:00,4338.22,4378.88,40.659999999999854
2026-09-16 04:21:00+00:00,4340.06,4380.68,40.61999999999989
2026-09-16 04:22:00+00:00,4337.82,4378.53,40.710000000000036
2026-09-16 04:23:00+00:00,4338.07,4378.83,40.76000000000022
2026-09-16 04:24:00+00:00,4336.71,4377.23,40.51999999999953
2026-09-16 04:25:00+00:00,4335.02,4375.78,40.75999999999931
2026-09-16 04:26:00+00:00,4335.61,4376.23,40.61999999999989
2026-09-16 04:27:00+00:00,4334.96,4375.48,40.51999999999953
2026-09-16 04:28:00+00:00,4333.47,4374.13,40.659999999999854
2026-09-16 04:29:00+00:00,4331.85,4372.58,40.72999999999956
2026-09-16 04:30:00+00:00,4330.65,4371.28,40.63000000000011
2026-09-16 04:31:00+00:00,4329.75,4370.58,40.82999999999993
2026-09-16 04:32:00+00:00,4329.35,4370.13,40.779999999999745
2026-09-16 04:33:00+00:00,4329.62,4370.23,40.60999999999967
2026-09-16 04:34:00+00:00,4329.58,4370.18,40.600000000000364
2026-09-16 04:35:00+00:00,4328.51,4369.13,40.61999999999989
2026-09-16 04:36:00+00:00,4327.49,4368.03,40.539999999999964
2026-09-16 04:37:00+00:00,4327.14,4367.63,40.48999999999978
2026-09-16 04:38:00+00:00,4327.4,4368.03,40.63000000000011
2026-09-16 04:39:00+00:00,4327.53,4368.18,40.650000000000546
2026-09-16 04:40:00+00:00,4328.69,4369.33,40.64000000000033
2026-09-16 04:41:00+00:00,4327.44,4368.13,40.69000000000051
2026-09-16 04:42:00+00:00,4327.31,4367.93,40.61999999999989
2026-09-16 04:43:00+00:00,4326.4,4367.23,40.82999999999993
2026-09-16 04:44:00+00:00,4327.15,4367.73,40.57999999999993
2026-09-16 04:45:00+00:00,4327.46,4368.03,40.56999999999971
2026-09-16 04:46:00+00:00,4327.43,4368.13,40.69999999999982
2026-09-16 04:47:00+00:00,4326.92,4367.63,40.710000000000036
2026-09-16 04:48:00+00:00,4325.05,4365.63,40.57999999999993
2026-09-16 04:49:00+00:00,4323.56,4364.23,40.66999999999916
2026-09-16 04:50:00+00:00,4323.49,4363.98,40.48999999999978
2026-09-16 04:51:00+00:00,4323.48,4363.93,40.45000000000073
2026-09-16 04:52:00+00:00,4326.3,4366.73,40.42999999999938
2026-09-16 04:53:00+00:00,4326.02,4366.43,40.409999999999854
2026-09-16 04:54:00+00:00,4326.73,4367.28,40.55000000000018
2026-09-16 04:55:00+00:00,4326.7,4367.18,40.48000000000047
2026-09-16 04:56:00+00:00,4326.99,4367.48,40.48999999999978
2026-09-16 04:57:00+00:00,4326.72,4367.13,40.409999999999854
2026-09-16 04:58:00+00:00,4326.35,4366.88,40.529999999999745
2026-09-16 04:59:00+00:00,4327.05,4367.63,40.57999999999993
2026-09-16 05:00:00+00:00,4327.3,4367.88,40.57999999999993
2026-09-16 05:01:00+00:00,4327.13,4367.63,40.5
2026-09-16 05:02:00+00:00,4327.08,4367.68,40.600000000000364
2026-09-16 05:03:00+00:00,4327.21,4367.73,40.51999999999953
2026-09-16 05:04:00+00:00,4327.74,4368.43,40.69000000000051
2026-09-16 05:05:00+00:00,4326.55,4367.23,40.67999999999938
2026-09-16 05:06:00+00:00,4326.84,4367.53,40.6899999999996
2026-09-16 05:07:00+00:00,4326.9,4367.48,40.57999999999993
2026-09-16 05:08:00+00:00,4326.7,4367.13,40.43000000000029
2026-09-16 05:09:00+00:00,4326.35,4367.13,40.779999999999745
2026-09-16 05:10:00+00:00,4327.04,4367.73,40.6899999999996
2026-09-16 05:11:00+00:00,4327.74,4368.23,40.48999999999978
2026-09-16 05:12:00+00:00,4327.08,4367.73,40.649999999999636
2026-09-16 05:13:00+00:00,4326.89,4367.63,40.73999999999978
2026-09-16 05:14:00+00:00,4326.74,4367.53,40.789999999999964
2026-09-16 05:15:00+00:00,4326.61,4367.33,40.720000000000255
2026-09-16 05:16:00+00:00,4326.25,4366.98,40.72999999999956
2026-09-16 05:17:00+00:00,4325.53,4366.13,40.600000000000364
2026-09-16 05:18:00+00:00,4324.07,4364.73,40.659999999999854
2026-09-16 05:19:00+00:00,4323.93,4364.38,40.44999999999982
2026-09-16 05:20:00+00:00,4326.55,4367.13,40.57999999999993
2026-09-16 05:21:00+00:00,4326.66,4367.33,40.67000000000007
2026-09-16 05:22:00+00:00,4328.35,4368.83,40.47999999999956
2026-09-16 05:23:00+00:00,4327.59,4368.23,40.63999999999942
2026-09-16 05:24:00+00:00,4326.52,4367.28,40.75999999999931
2026-09-16 05:25:00+00:00,4326.75,4367.43,40.68000000000029
2026-09-16 05:26:00+00:00,4326.99,4367.63,40.64000000000033
2026-09-16 05:27:00+00:00,4326.33,4366.93,40.600000000000364
2026-09-16 05:28:00+00:00,4325.91,4366.48,40.56999999999971
2026-09-16 05:29:00+00:00,4325.62,4366.28,40.659999999999854
2026-09-16 05:30:00+00:00,4327.34,4367.98,40.63999999999942
2026-09-16 05:31:00+00:00,4327.73,4368.23,40.5
2026-09-16 05:32:00+00:00,4327.13,4367.58,40.44999999999982
2026-09-16 05:33:00+00:00,4325.49,4365.98,40.48999999999978
2026-09-16 05:34:00+00:00,4325.14,4365.83,40.6899999999996
2026-09-16 05:35:00+00:00,4325.37,4366.03,40.659999999999854
2026-09-16 05:36:00+00:00,4325.25,4365.93,40.68000000000029
2026-09-16 05:37:00+00:00,4325.8,4366.43,40.63000000000011
2026-09-16 05:38:00+00:00,4325.26,4366.03,40.76999999999953
2026-09-16 05:39:00+00:00,4325.93,4366.53,40.599999999999454
2026-09-16 05:40:00+00:00,4325.73,4366.33,40.600000000000364
2026-09-16 05:41:00+00:00,4325.29,4365.93,40.64000000000033
2026-09-16 05:42:00+00:00,4325.16,4365.83,40.67000000000007
2026-09-16 05:43:00+00:00,4323.31,4363.98,40.66999999999916
2026-09-16 05:44:00+00:00,4323.06,4363.53,40.469999999999345
2026-09-16 05:45:00+00:00,4322.97,4363.53,40.55999999999949
2026-09-16 05:46:00+00:00,4323.01,4363.63,40.61999999999989
2026-09-16 05:47:00+00:00,4322.76,4363.43,40.67000000000007
2026-09-16 05:48:00+00:00,4321.23,4361.93,40.70000000000073
2026-09-16 05:49:00+00:00,4321.05,4361.78,40.72999999999956
2026-09-16 05:50:00+00:00,4321.62,4362.33,40.710000000000036
2026-09-16 05:51:00+00:00,4321.27,4361.88,40.60999999999967
2026-09-16 05:52:00+00:00,4321.67,4362.43,40.76000000000022
2026-09-16 05:53:00+00:00,4321.65,4362.33,40.68000000000029
2026-09-16 05:54:00+00:00,4321.35,4362.13,40.779999999999745
2026-09-16 05:55:00+00:00,4321.7,4362.43,40.73000000000047
2026-09-16 05:56:00+00:00,4321.22,4361.83,40.60999999999967
2026-09-16 05:57:00+00:00,4321.82,4362.73,40.909999999999854
2026-09-16 05:58:00+00:00,4322.09,4362.83,40.73999999999978
2026-09-16 05:59:00+00:00,4321.82,4362.58,40.76000000000022
2026-09-16 06:00:00+00:00,4322.68,4363.23,40.54999999999927
2026-09-16 06:01:00+00:00,4321.83,4362.33,40.5
2026-09-16 06:02:00+00:00,4322.07,4362.63,40.5600000000004
2026-09-16 06:03:00+00:00,4322.12,4362.73,40.60999999999967
2026-09-16 06:04:00+00:00,4323.08,4363.58,40.5
2026-09-16 06:05:00+00:00,4323.34,4363.93,40.590000000000146
2026-09-16 06:06:00+00:00,4322.6,4363.28,40.67999999999938
2026-09-16 06:07:00+00:00,4323.77,4364.43,40.659999999999854
2026-09-16 06:08:00+00:00,4323.15,4363.83,40.68000000000029
2026-09-16 06:09:00+00:00,4323.54,4364.23,40.6899999999996
2026-09-16 06:10:00+00:00,4321.7,4362.23,40.529999999999745
2026-09-16 06:11:00+00:00,4321.58,4362.28,40.69999999999982
2026-09-16 06:12:00+00:00,4322.5,4363.23,40.72999999999956
2026-09-16 06:13:00+00:00,4324.1,4364.73,40.6299999999992
2026-09-16 06:14:00+00:00,4321.55,4362.23,40.67999999999938
2026-09-16 06:15:00+00:00,4323.47,4364.13,40.659999999999854
2026-09-16 06:16:00+00:00,4323.26,4363.93,40.67000000000007
2026-09-16 06:17:00+00:00,4323.64,4364.33,40.6899999999996
2026-09-16 06:18:00+00:00,4324.69,4365.13,40.44000000000051
2026-09-16 06:19:00+00:00,4325.8,4366.43,40.63000000000011
2026-09-16 06:20:00+00:00,4324.78,4365.33,40.55000000000018
2026-09-16 06:21:00+00:00,4324.88,4365.43,40.55000000000018
2026-09-16 06:22:00+00:00,4324.08,4364.48,40.399999999999636
2026-09-16 06:23:00+00:00,4324.33,4364.68,40.350000000000364
2026-09-16 06:24:00+00:00,4323.54,4364.13,40.590000000000146
2026-09-16 06:25:00+00:00,4325.71,4366.38,40.67000000000007
2026-09-16 06:26:00+00:00,4325.5,4366.13,40.63000000000011
2026-09-16 06:27:00+00:00,4326.55,4367.08,40.529999999999745
2026-09-16 06:28:00+00:00,4324.46,4364.93,40.470000000000255
2026-09-16 06:29:00+00:00,4324.89,4365.53,40.63999999999942
2026-09-16 06:30:00+00:00,4325.69,4366.18,40.49000000000069
2026-09-16 06:31:00+00:00,4326.47,4366.93,40.460000000000036
2026-09-16 06:32:00+00:00,4327.28,4367.68,40.400000000000546
2026-09-16 06:33:00+00:00,4328.57,4368.83,40.26000000000022
2026-09-16 06:34:00+00:00,4328.63,4368.98,40.349999999999454
2026-09-16 06:35:00+00:00,4328.98,4369.43,40.45000000000073
2026-09-16 06:36:00+00:00,4327.1,4367.53,40.42999999999938
2026-09-16 06:37:00+00:00,4328.86,4369.23,40.36999999999989
2026-09-16 06:38:00+00:00,4330.06,4370.33,40.26999999999953
2026-09-16 06:39:00+00:00,4328.98,4369.33,40.350000000000364
2026-09-16 06:40:00+00:00,4329.88,4370.28,40.399999999999636
2026-09-16 06:41:00+00:00,4329.19,4369.43,40.24000000000069
2026-09-16 06:42:00+00:00,4331.11,4371.48,40.36999999999989
2026-09-16 06:43:00+00:00,4330.18,4370.53,40.349999999999454
2026-09-16 06:44:00+00:00,4332.9,4373.13,40.23000000000047
2026-09-16 06:45:00+00:00,4332.61,4373.03,40.42000000000007
2026-09-16 06:46:00+00:00,4332.81,4372.98,40.16999999999916
2026-09-16 06:47:00+00:00,4330.49,4370.78,40.289999999999964
2026-09-16 06:48:00+00:00,4328.82,4369.08,40.26000000000022
2026-09-16 06:49:00+00:00,4329.09,4369.23,40.13999999999942
2026-09-16 06:50:00+00:00,4329.47,4369.58,40.10999999999967
2026-09-16 06:51:00+00:00,4330.77,4370.93,40.159999999999854
2026-09-16 06:52:00+00:00,4331.56,4371.63,40.06999999999971
2026-09-16 06:53:00+00:00,4329.74,4369.83,40.090000000000146
2026-09-16 06:54:00+00:00,4329.82,4369.93,40.11000000000058
2026-09-16 06:55:00+00:00,4330.4,4370.63,40.23000000000047
2026-09-16 06:56:00+00:00,4330.64,4370.73,40.089999999999236
2026-09-16 06:57:00+00:00,4329.57,4369.68,40.11000000000058
2026-09-16 06:58:00+00:00,4328.23,4368.18,39.95000000000073
2026-09-16 06:59:00+00:00,4326.48,4366.63,40.150000000000546
2026-09-16 07:00:00+00:00,4330.16,4370.53,40.36999999999989
2026-09-16 07:01:00+00:00,4328.61,4368.73,40.11999999999989
2026-09-16 07:02:00+00:00,4326.16,4366.23,40.06999999999971
2026-09-16 07:03:00+00:00,4324.29,4364.33,40.039999999999964
2026-09-16 07:04:00+00:00,4322.72,4362.58,39.85999999999967
2026-09-16 07:05:00+00:00,4323.17,4363.13,39.960000000000036
2026-09-16 07:06:00+00:00,4322.62,4362.63,40.01000000000022
2026-09-16 07:07:00+00:00,4322.2,4362.28,40.07999999999993
2026-09-16 07:08:00+00:00,4324.05,4363.93,39.88000000000011
2026-09-16 07:09:00+00:00,4324.59,4364.43,39.840000000000146
2026-09-16 07:10:00+00:00,4325.94,4365.93,39.99000000000069
2026-09-16 07:11:00+00:00,4325.9,4365.83,39.93000000000029
2026-09-16 07:12:00+00:00,4327.24,4367.33,40.090000000000146
2026-09-16 07:13:00+00:00,4327.17,4367.03,39.85999999999967
2026-09-16 07:14:00+00:00,4325.9,4365.83,39.93000000000029
2026-09-16 07:15:00+00:00,4325.1,4365.08,39.97999999999956
2026-09-16 07:16:00+00:00,4326.35,4366.38,40.029999999999745
2026-09-16 07:17:00+00:00,4325.27,4365.38,40.10999999999967
2026-09-16 07:18:00+00:00,4326.43,4366.48,40.04999999999927
2026-09-16 07:19:00+00:00,4327.24,4367.23,39.98999999999978
2026-09-16 07:20:00+00:00,4327.51,4367.43,39.92000000000007
2026-09-16 07:21:00+00:00,4327.68,4367.63,39.94999999999982
2026-09-16 07:22:00+00:00,4329.41,4369.23,39.81999999999971
2026-09-16 07:23:00+00:00,4328.4,4368.43,40.030000000000655
2026-09-16 07:24:00+00:00,4328.07,4368.03,39.960000000000036
2026-09-16 07:25:00+00:00,4326.88,4366.73,39.849999999999454
2026-09-16 07:26:00+00:00,4327.28,4367.03,39.75
2026-09-16 07:27:00+00:00,4326.0,4366.03,40.029999999999745
2026-09-16 07:28:00+00:00,4326.15,4366.03,39.88000000000011
2026-09-16 07:29:00+00:00,4326.9,4366.88,39.98000000000047
2026-09-16 07:30:00+00:00,4326.05,4366.33,40.279999999999745
2026-09-16 07:31:00+00:00,4325.15,4365.38,40.23000000000047
2026-09-16 07:32:00+00:00,4325.92,4366.03,40.10999999999967
2026-09-16 07:33:00+00:00,4325.6,4365.73,40.1299999999992
2026-09-16 07:34:00+00:00,4324.87,4364.93,40.0600000000004
2026-09-16 07:35:00+00:00,4325.07,4365.18,40.11000000000058
2026-09-16 07:36:00+00:00,4324.52,4364.73,40.20999999999913
2026-09-16 07:37:00+00:00,4325.82,4365.68,39.86000000000058
2026-09-16 07:38:00+00:00,4326.65,4366.33,39.68000000000029
2026-09-16 07:39:00+00:00,4325.69,4365.68,39.99000000000069
2026-09-16 07:40:00+00:00,4325.84,4365.93,40.090000000000146
2026-09-16 07:41:00+00:00,4325.97,4365.73,39.75999999999931
2026-09-16 07:42:00+00:00,4325.21,4364.98,39.76999999999953
2026-09-16 07:43:00+00:00,4326.77,4366.78,40.00999999999931
2026-09-16 07:44:00+00:00,4328.11,4367.98,39.86999999999989
2026-09-16 07:45:00+00:00,4327.8,4367.63,39.82999999999993
2026-09-16 07:46:00+00:00,4327.49,4367.23,39.73999999999978
2026-09-16 07:47:00+00:00,4326.37,4366.13,39.76000000000022
2026-09-16 07:48:00+00:00,4327.86,4367.58,39.720000000000255
2026-09-16 07:49:00+00:00,4328.1,4367.93,39.82999999999993
2026-09-16 07:50:00+00:00,4326.89,4366.68,39.789999999999964
2026-09-16 07:51:00+00:00,4329.69,4369.63,39.94000000000051
2026-09-16 07:52:00+00:00,4328.99,4368.73,39.73999999999978
2026-09-16 07:53:00+00:00,4328.25,4368.18,39.93000000000029
2026-09-16 07:54:00+00:00,4328.02,4368.13,40.10999999999967
2026-09-16 07:55:00+00:00,4329.74,4369.68,39.94000000000051
2026-09-16 07:56:00+00:00,4329.86,4369.78,39.92000000000007
2026-09-16 07:57:00+00:00,4330.94,4370.88,39.94000000000051
2026-09-16 07:58:00+00:00,4331.47,4371.48,40.00999999999931
2026-09-16 07:59:00+00:00,4332.98,4372.93,39.95000000000073
2026-09-16 08:00:00+00:00,4333.91,4373.83,39.92000000000007
2026-09-16 08:01:00+00:00,4333.3,4373.33,40.029999999999745
2026-09-16 08:02:00+00:00,4333.68,4373.73,40.04999999999927
2026-09-16 08:03:00+00:00,4335.51,4375.73,40.219999999999345
2026-09-16 08:04:00+00:00,4334.65,4374.83,40.18000000000029
2026-09-16 08:05:00+00:00,4332.59,4372.83,40.23999999999978
2026-09-16 08:06:00+00:00,4332.23,4372.48,40.25
2026-09-16 08:07:00+00:00,4333.53,4373.68,40.150000000000546
2026-09-16 08:08:00+00:00,4333.47,4373.53,40.05999999999949
2026-09-16 08:09:00+00:00,4333.45,4373.38,39.93000000000029
2026-09-16 08:10:00+00:00,4332.6,4372.53,39.92999999999938
2026-09-16 08:11:00+00:00,4331.87,4372.13,40.26000000000022
2026-09-16 08:12:00+00:00,4332.08,4372.18,40.100000000000364
2026-09-16 08:13:00+00:00,4332.27,4372.23,39.95999999999913
2026-09-16 08:14:00+00:00,4335.53,4375.43,39.900000000000546
2026-09-16 08:15:00+00:00,4334.56,4374.73,40.16999999999916
2026-09-16 08:16:00+00:00,4335.08,4375.13,40.05000000000018
2026-09-16 08:17:00+00:00,4336.95,4377.03,40.07999999999993
2026-09-16 08:18:00+00:00,4334.03,4374.03,40.0
2026-09-16 08:19:00+00:00,4333.18,4373.03,39.849999999999454
2026-09-16 08:20:00+00:00,4333.5,4373.53,40.029999999999745
2026-09-16 08:21:00+00:00,4332.57,4372.63,40.0600000000004
2026-09-16 08:22:00+00:00,4333.92,4373.83,39.909999999999854
2026-09-16 08:23:00+00:00,4335.48,4375.28,39.80000000000018
2026-09-16 08:24:00+00:00,4334.39,4374.43,40.039999999999964
2026-09-16 08:25:00+00:00,4334.58,4374.48,39.899999999999636
2026-09-16 08:26:00+00:00,4333.21,4373.13,39.92000000000007
2026-09-16 08:27:00+00:00,4333.46,4373.63,40.17000000000007
2026-09-16 08:28:00+00:00,4335.7,4375.63,39.93000000000029
2026-09-16 08:29:00+00:00,4335.59,4375.73,40.13999999999942
2026-09-16 08:30:00+00:00,4336.26,4376.23,39.969999999999345
2026-09-16 08:31:00+00:00,4335.55,4375.58,40.029999999999745
2026-09-16 08:32:00+00:00,4334.09,4374.08,39.98999999999978
2026-09-16 08:33:00+00:00,4334.97,4374.88,39.909999999999854
2026-09-16 08:34:00+00:00,4335.61,4375.63,40.02000000000044
2026-09-16 08:35:00+00:00,4337.61,4377.43,39.82000000000062
2026-09-16 08:36:00+00:00,4338.7,4378.53,39.82999999999993
2026-09-16 08:37:00+00:00,4337.8,4377.63,39.82999999999993
2026-09-16 08:38:00+00:00,4337.98,4377.73,39.75
2026-09-16 08:39:00+00:00,4338.44,4377.98,39.539999999999964
2026-09-16 08:40:00+00:00,4337.69,4377.43,39.74000000000069
2026-09-16 08:41:00+00:00,4336.62,4376.33,39.710000000000036
2026-09-16 08:42:00+00:00,4336.23,4375.83,39.600000000000364
2026-09-16 08:43:00+00:00,4336.8,4376.38,39.57999999999993
2026-09-16 08:44:00+00:00,4336.33,4375.83,39.5
2026-09-16 08:45:00+00:00,4336.1,4375.63,39.529999999999745
2026-09-16 08:46:00+00:00,4336.7,4376.13,39.43000000000029
2026-09-16 08:47:00+00:00,4335.59,4375.18,39.590000000000146
2026-09-16 08:48:00+00:00,4335.02,4374.53,39.50999999999931
2026-09-16 08:49:00+00:00,4333.94,4373.48,39.539999999999964
2026-09-16 08:50:00+00:00,4332.65,4372.23,39.57999999999993
2026-09-16 08:51:00+00:00,4331.64,4371.43,39.789999999999964
2026-09-16 08:52:00+00:00,4331.03,4370.58,39.55000000000018
2026-09-16 08:53:00+00:00,4330.01,4369.68,39.67000000000007
2026-09-16 08:54:00+00:00,4329.04,4368.73,39.6899999999996
2026-09-16 08:55:00+00:00,4330.12,4369.58,39.460000000000036
2026-09-16 08:56:00+00:00,4330.49,4369.98,39.48999999999978
2026-09-16 08:57:00+00:00,4329.86,4369.48,39.61999999999989
2026-09-16 08:58:00+00:00,4328.86,4368.33,39.470000000000255
2026-09-16 08:59:00+00:00,4329.38,4368.88,39.5
2026-09-16 09:00:00+00:00,4326.64,4365.98,39.339999999999236
2026-09-16 09:01:00+00:00,4327.9,4367.53,39.63000000000011
2026-09-16 09:02:00+00:00,4327.2,4366.83,39.63000000000011
2026-09-16 09:03:00+00:00,4327.23,4366.73,39.5
2026-09-16 09:04:00+00:00,4326.0,4365.58,39.57999999999993
2026-09-16 09:05:00+00:00,4326.05,4365.53,39.47999999999956
2026-09-16 09:06:00+00:00,4325.02,4364.63,39.60999999999967
2026-09-16 09:07:00+00:00,4325.14,4364.68,39.539999999999964
2026-09-16 09:08:00+00:00,4324.65,4364.38,39.73000000000047
2026-09-16 09:09:00+00:00,4324.99,4364.63,39.64000000000033
2026-09-16 09:10:00+00:00,4325.03,4364.63,39.600000000000364
2026-09-16 09:11:00+00:00,4325.52,4365.33,39.80999999999949
2026-09-16 09:12:00+00:00,4325.21,4364.73,39.51999999999953
2026-09-16 09:13:00+00:00,4327.59,4367.08,39.48999999999978
2026-09-16 09:14:00+00:00,4327.68,4367.13,39.44999999999982
2026-09-16 09:15:00+00:00,4327.26,4366.98,39.719999999999345
2026-09-16 09:16:00+00:00,4330.33,4369.88,39.55000000000018
2026-09-16 09:17:00+00:00,4331.78,4371.38,39.600000000000364
2026-09-16 09:18:00+00:00,4332.31,4372.18,39.86999999999989
2026-09-16 09:19:00+00:00,4332.41,4372.18,39.77000000000044
2026-09-16 09:20:00+00:00,4332.82,4372.58,39.76000000000022
2026-09-16 09:21:00+00:00,4334.56,4374.43,39.86999999999989
2026-09-16 09:22:00+00:00,4336.58,4376.48,39.899999999999636
2026-09-16 09:23:00+00:00,4334.63,4374.43,39.80000000000018
2026-09-16 09:24:00+00:00,4334.67,4374.68,40.01000000000022
2026-09-16 09:25:00+00:00,4333.98,4373.98,40.0
2026-09-16 09:26:00+00:00,4333.89,4373.83,39.9399999999996
2026-09-16 09:27:00+00:00,4333.6,4373.58,39.97999999999956
2026-09-16 09:28:00+00:00,4333.41,4373.33,39.92000000000007
2026-09-16 09:29:00+00:00,4334.12,4374.13,40.01000000000022
2026-09-16 09:30:00+00:00,4330.21,4370.43,40.220000000000255
2026-09-16 09:31:00+00:00,4329.87,4369.98,40.10999999999967
2026-09-16 09:32:00+00:00,4329.93,4369.98,40.04999999999927
2026-09-16 09:33:00+00:00,4328.4,4368.43,40.030000000000655
2026-09-16 09:34:00+00:00,4328.63,4368.63,40.0
2026-09-16 09:35:00+00:00,4327.94,4367.93,39.99000000000069
2026-09-16 09:36:00+00:00,4326.98,4366.98,40.0
2026-09-16 09:37:00+00:00,4326.02,4366.08,40.05999999999949
2026-09-16 09:38:00+00:00,4324.66,4364.83,40.17000000000007
2026-09-16 09:39:00+00:00,4325.03,4365.03,40.0
2026-09-16 09:40:00+00:00,4323.92,4364.03,40.10999999999967
2026-09-16 09:41:00+00:00,4325.1,4365.03,39.92999999999938
2026-09-16 09:42:00+00:00,4325.35,4365.38,40.029999999999745
2026-09-16 09:43:00+00:00,4327.73,4367.88,40.150000000000546
2026-09-16 09:44:00+00:00,4328.38,4368.63,40.25
2026-09-16 09:45:00+00:00,4328.17,4368.46,40.289999999999964
2026-09-16 09:46:00+00:00,4328.13,4368.41,40.279999999999745
2026-09-16 09:47:00+00:00,4327.15,4367.41,40.26000000000022
2026-09-16 09:48:00+00:00,4328.08,4368.66,40.57999999999993
2026-09-16 09:49:00+00:00,4326.85,4367.46,40.60999999999967
2026-09-16 09:50:00+00:00,4326.51,4366.96,40.44999999999982
2026-09-16 09:51:00+00:00,4326.81,4367.17,40.35999999999967
2026-09-16 09:52:00+00:00,4328.66,4369.37,40.710000000000036
2026-09-16 09:53:00+00:00,4329.13,4369.71,40.57999999999993
2026-09-16 09:54:00+00:00,4329.13,4369.62,40.48999999999978
2026-09-16 09:55:00+00:00,4329.34,4370.06,40.720000000000255
2026-09-16 09:56:00+00:00,4329.46,4370.16,40.69999999999982
2026-09-16 09:57:00+00:00,4330.68,4371.31,40.63000000000011
2026-09-16 09:58:00+00:00,4330.14,4370.96,40.81999999999971
2026-09-16 09:59:00+00:00,4330.32,4370.96,40.64000000000033
2026-09-16 10:00:00+00:00,4331.01,4371.56,40.55000000000018
2026-09-16 10:01:00+00:00,4332.21,4372.87,40.659999999999854
2026-09-16 10:02:00+00:00,4331.09,4371.71,40.61999999999989
2026-09-16 10:03:00+00:00,4331.09,4371.77,40.68000000000029
2026-09-16 10:04:00+00:00,4330.73,4371.26,40.530000000000655
2026-09-16 10:05:00+00:00,4330.6,4371.17,40.56999999999971
2026-09-16 10:06:00+00:00,4331.81,4372.66,40.849999999999454
2026-09-16 10:07:00+00:00,4331.09,4371.71,40.61999999999989
2026-09-16 10:08:00+00:00,4330.81,4371.46,40.649999999999636
2026-09-16 10:09:00+00:00,4331.36,4372.21,40.850000000000364
2026-09-16 10:10:00+00:00,4331.72,4372.36,40.63999999999942
2026-09-16 10:11:00+00:00,4332.1,4372.71,40.60999999999967
2026-09-16 10:12:00+00:00,4331.64,4372.31,40.67000000000007
2026-09-16 10:13:00+00:00,4331.6,4372.37,40.76999999999953
2026-09-16 10:14:00+00:00,4331.98,4372.81,40.83000000000084
2026-09-16 10:15:00+00:00,4332.75,4373.31,40.5600000000004
2026-09-16 10:16:00+00:00,4332.47,4373.06,40.590000000000146
2026-09-16 10:17:00+00:00,4331.63,4372.31,40.68000000000029
2026-09-16 10:18:00+00:00,4330.14,4370.87,40.72999999999956
2026-09-16 10:19:00+00:00,4330.35,4371.01,40.659999999999854
2026-09-16 10:20:00+00:00,4329.82,4370.57,40.75
2026-09-16 10:21:00+00:00,4329.81,4370.66,40.849999999999454
2026-09-16 10:22:00+00:00,4329.03,4369.66,40.63000000000011
2026-09-16 10:23:00+00:00,4328.17,4368.71,40.539999999999964
2026-09-16 10:24:00+00:00,4327.85,4368.36,40.50999999999931
2026-09-16 10:25:00+00:00,4331.16,4371.66,40.5
2026-09-16 10:26:00+00:00,4331.52,4372.16,40.63999999999942
2026-09-16 10:27:00+00:00,4331.39,4372.16,40.76999999999953
2026-09-16 10:28:00+00:00,4331.12,4371.86,40.73999999999978
2026-09-16 10:29:00+00:00,4329.72,4370.36,40.63999999999942
2026-09-16 10:30:00+00:00,4332.9,4373.56,40.660000000000764
2026-09-16 10:31:00+00:00,4333.64,4374.56,40.92000000000007
2026-09-16 10:32:00+00:00,4334.55,4375.56,41.01000000000022
2026-09-16 10:33:00+00:00,4333.95,4375.01,41.0600000000004
2026-09-16 10:34:00+00:00,4333.93,4374.66,40.72999999999956
2026-09-16 10:35:00+00:00,4335.16,4376.21,41.05000000000018
2026-09-16 10:36:00+00:00,4333.74,4374.77,41.030000000000655
2026-09-16 10:37:00+00:00,4334.36,4375.21,40.850000000000364
2026-09-16 10:38:00+00:00,4333.34,4374.21,40.86999999999989
2026-09-16 10:39:00+00:00,4334.73,4375.57,40.840000000000146
2026-09-16 10:40:00+00:00,4334.35,4375.32,40.969999999999345
2026-09-16 10:41:00+00:00,4334.46,4375.21,40.75
2026-09-16 10:42:00+00:00,4335.19,4376.32,41.13000000000011
2026-09-16 10:43:00+00:00,4336.54,4377.61,41.06999999999971
2026-09-16 10:44:00+00:00,4335.13,4375.86,40.72999999999956
2026-09-16 10:45:00+00:00,4334.03,4374.91,40.88000000000011
2026-09-16 10:46:00+00:00,4332.62,4373.32,40.69999999999982
2026-09-16 10:47:00+00:00,4331.99,4372.77,40.780000000000655
2026-09-16 10:48:00+00:00,4333.3,4374.16,40.85999999999967
2026-09-16 10:49:00+00:00,4334.77,4375.46,40.6899999999996
2026-09-16 10:50:00+00:00,4334.56,4375.46,40.899999999999636
2026-09-16 10:51:00+00:00,4334.69,4375.46,40.77000000000044
2026-09-16 10:52:00+00:00,4335.02,4375.92,40.899999999999636
2026-09-16 10:53:00+00:00,4335.41,4376.17,40.76000000000022
2026-09-16 10:54:00+00:00,4335.55,4376.41,40.85999999999967
2026-09-16 10:55:00+00:00,4336.07,4376.81,40.74000000000069
2026-09-16 10:56:00+00:00,4337.64,4378.42,40.779999999999745
2026-09-16 10:57:00+00:00,4338.83,4379.76,40.93000000000029
2026-09-16 10:58:00+00:00,4338.86,4379.91,41.05000000000018
2026-09-16 10:59:00+00:00,4338.12,4379.06,40.94000000000051
2026-09-16 11:00:00+00:00,4338.89,4379.81,40.92000000000007
2026-09-16 11:01:00+00:00,4340.29,4381.16,40.86999999999989
2026-09-16 11:02:00+00:00,4340.69,4381.71,41.02000000000044
2026-09-16 11:03:00+00:00,4341.57,4382.61,41.039999999999964
2026-09-16 11:04:00+00:00,4338.82,4379.81,40.99000000000069
2026-09-16 11:05:00+00:00,4338.8,4380.01,41.210000000000036
2026-09-16 11:06:00+00:00,4339.42,4380.51,41.090000000000146
2026-09-16 11:07:00+00:00,4339.8,4380.81,41.01000000000022
2026-09-16 11:08:00+00:00,4342.74,4383.71,40.970000000000255
2026-09-16 11:09:00+00:00,4345.15,4386.21,41.0600000000004
2026-09-16 11:10:00+00:00,4346.78,4387.91,41.13000000000011
2026-09-16 11:11:00+00:00,4347.36,4388.51,41.150000000000546
2026-09-16 11:12:00+00:00,4345.12,4386.11,40.98999999999978
2026-09-16 11:13:00+00:00,4342.74,4383.71,40.970000000000255
2026-09-16 11:14:00+00:00,4342.77,4383.81,41.039999999999964
2026-09-16 11:15:00+00:00,4343.36,4384.51,41.150000000000546
2026-09-16 11:16:00+00:00,4342.42,4383.51,41.090000000000146
2026-09-16 11:17:00+00:00,4341.79,4382.92,41.13000000000011
2026-09-16 11:18:00+00:00,4344.23,4385.17,40.94000000000051
2026-09-16 11:19:00+00:00,4342.82,4383.92,41.100000000000364
2026-09-16 11:20:00+00:00,4346.0,4386.96,40.960000000000036
2026-09-16 11:21:00+00:00,4344.87,4385.82,40.94999999999982
2026-09-16 11:22:00+00:00,4343.86,4384.91,41.05000000000018
2026-09-16 11:23:00+00:00,4342.54,4383.46,40.92000000000007
2026-09-16 11:24:00+00:00,4342.08,4383.21,41.13000000000011
2026-09-16 11:25:00+00:00,4342.31,4383.31,41.0
2026-09-16 11:26:00+00:00,4346.1,4387.17,41.06999999999971
2026-09-16 11:27:00+00:00,4348.07,4389.31,41.24000000000069
2026-09-16 11:28:00+00:00,4347.12,4388.11,40.98999999999978
2026-09-16 11:29:00+00:00,4348.1,4389.16,41.05999999999949
2026-09-16 11:30:00+00:00,4346.37,4387.51,41.14000000000033
2026-09-16 11:31:00+00:00,4348.0,4389.01,41.01000000000022
2026-09-16 11:32:00+00:00,4348.32,4389.26,40.94000000000051
2026-09-16 11:33:00+00:00,4347.72,4388.66,40.9399999999996
2026-09-16 11:34:00+00:00,4348.01,4388.87,40.85999999999967
2026-09-16 11:35:00+00:00,4347.14,4388.31,41.17000000000007
2026-09-16 11:36:00+00:00,4347.42,4388.41,40.98999999999978
2026-09-16 11:37:00+00:00,4348.44,4389.56,41.1200000000008
2026-09-16 11:38:00+00:00,4347.43,4388.52,41.090000000000146
2026-09-16 11:39:00+00:00,4347.66,4388.71,41.05000000000018
2026-09-16 11:40:00+00:00,4348.45,4389.62,41.17000000000007
2026-09-16 11:41:00+00:00,4347.9,4389.02,41.1200000000008
2026-09-16 11:42:00+00:00,4348.53,4389.67,41.14000000000033
2026-09-16 11:43:00+00:00,4348.48,4389.56,41.08000000000084
2026-09-16 11:44:00+00:00,4348.95,4390.11,41.159999999999854
2026-09-16 11:45:00+00:00,4349.14,4390.16,41.01999999999953
2026-09-16 11:46:00+00:00,4347.87,4388.96,41.090000000000146
2026-09-16 11:47:00+00:00,4348.67,4389.81,41.14000000000033
2026-09-16 11:48:00+00:00,4348.43,4389.52,41.090000000000146
2026-09-16 11:49:00+00:00,4348.74,4389.81,41.07000000000062
2026-09-16 11:50:00+00:00,4347.71,4388.71,41.0
2026-09-16 11:51:00+00:00,4347.45,4388.46,41.01000000000022
2026-09-16 11:52:00+00:00,4347.36,4388.41,41.05000000000018
2026-09-16 11:53:00+00:00,4346.34,4387.46,41.11999999999989
2026-09-16 11:54:00+00:00,4345.87,4386.96,41.090000000000146
2026-09-16 11:55:00+00:00,4346.07,4387.11,41.039999999999964
2026-09-16 11:56:00+00:00,4347.04,4388.06,41.02000000000044
2026-09-16 11:57:00+00:00,4347.94,4389.01,41.07000000000062
2026-09-16 11:58:00+00:00,4348.43,4389.62,41.1899999999996
2026-09-16 11:59:00+00:00,4350.68,4390.81,40.13000000000011
2026-09-16 12:00:00+00:00,4350.71,4391.46,40.75
2026-09-16 12:01:00+00:00,4349.17,4390.26,41.090000000000146
2026-09-16 12:02:00+00:00,4350.48,4391.61,41.13000000000011
2026-09-16 12:03:00+00:00,4349.56,4390.66,41.099999999999454
2026-09-16 12:04:00+00:00,4350.05,4391.26,41.210000000000036
2026-09-16 12:05:00+00:00,4349.81,4390.86,41.04999999999927
2026-09-16 12:06:00+00:00,4350.2,4391.21,41.01000000000022
2026-09-16 12:07:00+00:00,4350.73,4391.76,41.030000000000655
2026-09-16 12:08:00+00:00,4349.14,4390.06,40.92000000000007
2026-09-16 12:09:00+00:00,4349.76,4390.77,41.01000000000022
2026-09-16 12:10:00+00:00,4350.6,4391.71,41.10999999999967
2026-09-16 12:11:00+00:00,4350.06,4391.26,41.19999999999982
2026-09-16 12:12:00+00:00,4349.2,4390.17,40.970000000000255
2026-09-16 12:13:00+00:00,4348.33,4389.27,40.94000000000051
2026-09-16 12:14:00+00:00,4346.99,4388.02,41.030000000000655
2026-09-16 12:15:00+00:00,4347.54,4388.41,40.86999999999989
2026-09-16 12:16:00+00:00,4347.63,4388.46,40.82999999999993
2026-09-16 12:17:00+00:00,4347.85,4388.77,40.92000000000007
2026-09-16 12:18:00+00:00,4346.58,4387.46,40.88000000000011
2026-09-16 12:19:00+00:00,4347.71,4388.62,40.909999999999854
2026-09-16 12:20:00+00:00,4347.37,4388.21,40.840000000000146
2026-09-16 12:21:00+00:00,4346.78,4387.71,40.93000000000029
2026-09-16 12:22:00+00:00,4347.38,4388.31,40.93000000000029
2026-09-16 12:23:00+00:00,4348.28,4389.12,40.840000000000146
2026-09-16 12:24:00+00:00,4348.65,4389.56,40.910000000000764
2026-09-16 12:25:00+00:00,4349.45,4390.46,41.01000000000022
2026-09-16 12:26:00+00:00,4348.95,4389.81,40.86000000000058
2026-09-16 12:27:00+00:00,4349.55,4390.42,40.86999999999989
2026-09-16 12:28:00+00:00,4353.27,4394.02,40.75
2026-09-16 12:29:00+00:00,4350.68,4391.51,40.82999999999993
2026-09-16 12:30:00+00:00,4349.97,4390.91,40.9399999999996
2026-09-16 12:31:00+00:00,4349.5,4390.36,40.85999999999967
2026-09-16 12:32:00+00:00,4348.9,4389.92,41.02000000000044
2026-09-16 12:33:00+00:00,4351.01,4391.91,40.899999999999636
2026-09-16 12:34:00+00:00,4350.77,4391.81,41.039999999999964
2026-09-16 12:35:00+00:00,4349.96,4390.96,41.0
2026-09-16 12:36:00+00:00,4351.54,4392.52,40.98000000000047
2026-09-16 12:37:00+00:00,4349.63,4390.66,41.029999999999745
2026-09-16 12:38:00+00:00,4350.59,4391.56,40.970000000000255
2026-09-16 12:39:00+00:00,4350.61,4391.67,41.0600000000004
2026-09-16 12:40:00+00:00,4348.84,4389.86,41.01999999999953
2026-09-16 12:41:00+00:00,4349.03,4390.01,40.98000000000047
2026-09-16 12:42:00+00:00,4349.74,4390.76,41.02000000000044
2026-09-16 12:43:00+00:00,4350.76,4391.86,41.099999999999454
2026-09-16 12:44:00+00:00,4349.82,4390.66,40.840000000000146
2026-09-16 12:45:00+00:00,4349.92,4391.06,41.14000000000033
2026-09-16 12:46:00+00:00,4349.65,4390.71,41.0600000000004
2026-09-16 12:47:00+00:00,4349.09,4390.16,41.06999999999971
2026-09-16 12:48:00+00:00,4347.56,4388.56,41.0
2026-09-16 12:49:00+00:00,4347.24,4388.21,40.970000000000255
2026-09-16 12:50:00+00:00,4346.64,4387.71,41.06999999999971
2026-09-16 12:51:00+00:00,4347.41,4388.41,41.0
2026-09-16 12:52:00+00:00,4347.11,4388.12,41.01000000000022
2026-09-16 12:53:00+00:00,4346.54,4387.51,40.970000000000255
2026-09-16 12:54:00+00:00,4347.24,4388.26,41.02000000000044
2026-09-16 12:55:00+00:00,4344.69,4385.81,41.1200000000008
2026-09-16 12:56:00+00:00,4343.93,4384.96,41.029999999999745
2026-09-16 12:57:00+00:00,4343.06,4384.02,40.960000000000036
2026-09-16 12:58:00+00:00,4342.68,4383.61,40.92999999999938
2026-09-16 12:59:00+00:00,4341.68,4382.71,41.029999999999745
2026-09-16 13:00:00+00:00,4341.36,4382.31,40.95000000000073
2026-09-16 13:01:00+00:00,4341.51,4382.31,40.80000000000018
2026-09-16 13:02:00+00:00,4342.7,4383.46,40.76000000000022
2026-09-16 13:03:00+00:00,4342.49,4383.36,40.86999999999989
2026-09-16 13:04:00+00:00,4343.28,4384.02,40.74000000000069
2026-09-16 13:05:00+00:00,4343.56,4384.36,40.79999999999927
2026-09-16 13:06:00+00:00,4347.08,4388.07,40.98999999999978
2026-09-16 13:07:00+00:00,4347.68,4388.66,40.97999999999956
2026-09-16 13:08:00+00:00,4347.11,4388.21,41.100000000000364
2026-09-16 13:09:00+00:00,4347.83,4388.86,41.029999999999745
2026-09-16 13:10:00+00:00,4345.23,4386.21,40.98000000000047
2026-09-16 13:11:00+00:00,4345.8,4386.51,40.710000000000036
2026-09-16 13:12:00+00:00,4344.02,4384.92,40.899999999999636
2026-09-16 13:13:00+00:00,4344.4,4385.21,40.8100000000004
2026-09-16 13:14:00+00:00,4343.45,4384.32,40.86999999999989
2026-09-16 13:15:00+00:00,4345.17,4386.06,40.89000000000033
2026-09-16 13:16:00+00:00,4345.32,4386.11,40.789999999999964
2026-09-16 13:17:00+00:00,4343.4,4384.21,40.8100000000004
2026-09-16 13:18:00+00:00,4340.71,4381.51,40.80000000000018
2026-09-16 13:19:00+00:00,4342.39,4383.16,40.76999999999953
2026-09-16 13:20:00+00:00,4340.3,4380.91,40.60999999999967
2026-09-16 13:21:00+00:00,4339.35,4379.86,40.50999999999931
2026-09-16 13:22:00+00:00,4339.93,4380.41,40.47999999999956
2026-09-16 13:23:00+00:00,4339.56,4380.31,40.75
2026-09-16 13:24:00+00:00,4338.59,4379.41,40.81999999999971
2026-09-16 13:25:00+00:00,4340.23,4380.91,40.68000000000029
2026-09-16 13:26:00+00:00,4340.14,4380.91,40.76999999999953
2026-09-16 13:27:00+00:00,4339.68,4380.36,40.67999999999938
2026-09-16 13:28:00+00:00,4339.0,4379.71,40.710000000000036
2026-09-16 13:29:00+00:00,4339.65,4380.66,41.01000000000022
2026-09-16 13:30:00+00:00,4341.64,4382.41,40.76999999999953
2026-09-16 13:31:00+00:00,4341.8,4382.71,40.909999999999854
2026-09-16 13:32:00+00:00,4340.38,4381.26,40.88000000000011
2026-09-16 13:33:00+00:00,4341.17,4381.91,40.73999999999978
2026-09-16 13:34:00+00:00,4341.57,4382.26,40.69000000000051
2026-09-16 13:35:00+00:00,4342.49,4383.11,40.61999999999989
2026-09-16 13:36:00+00:00,4340.48,4381.32,40.840000000000146
2026-09-16 13:37:00+00:00,4340.69,4381.51,40.82000000000062
2026-09-16 13:38:00+00:00,4341.06,4381.87,40.80999999999949
2026-09-16 13:39:00+00:00,4343.72,4384.62,40.899999999999636
2026-09-16 13:40:00+00:00,4342.85,4383.61,40.75999999999931
2026-09-16 13:41:00+00:00,4343.07,4383.91,40.840000000000146
2026-09-16 13:42:00+00:00,4344.44,4385.36,40.92000000000007
2026-09-16 13:43:00+00:00,4344.08,4384.91,40.82999999999993
2026-09-16 13:44:00+00:00,4343.8,4384.81,41.01000000000022
2026-09-16 13:45:00+00:00,4343.77,4384.71,40.9399999999996
2026-09-16 13:46:00+00:00,4342.9,4383.91,41.01000000000022
2026-09-16 13:47:00+00:00,4343.32,4384.31,40.99000000000069
2026-09-16 13:48:00+00:00,4346.72,4387.71,40.98999999999978
2026-09-16 13:49:00+00:00,4346.11,4387.21,41.100000000000364
2026-09-16 13:50:00+00:00,4347.43,4388.37,40.9399999999996
2026-09-16 13:51:00+00:00,4345.83,4386.96,41.13000000000011
2026-09-16 13:52:00+00:00,4343.98,4385.02,41.04000000000087
2026-09-16 13:53:00+00:00,4345.97,4387.06,41.090000000000146
2026-09-16 13:54:00+00:00,4345.09,4386.21,41.11999999999989
2026-09-16 13:55:00+00:00,4347.36,4388.31,40.95000000000073
2026-09-16 13:56:00+00:00,4345.95,4386.71,40.76000000000022
2026-09-16 13:57:00+00:00,4346.01,4386.96,40.94999999999982
2026-09-16 13:58:00+00:00,4345.93,4386.91,40.97999999999956
2026-09-16 13:59:00+00:00,4347.75,4388.71,40.960000000000036
2026-09-16 14:00:00+00:00,4348.81,4389.86,41.04999999999927
2026-09-16 14:01:00+00:00,4347.14,4388.16,41.01999999999953
2026-09-16 14:02:00+00:00,4347.25,4388.26,41.01000000000022
2026-09-16 14:03:00+00:00,4346.35,4387.56,41.210000000000036
2026-09-16 14:04:00+00:00,4346.51,4387.56,41.05000000000018
2026-09-16 14:05:00+00:00,4344.9,4386.06,41.160000000000764
2026-09-16 14:06:00+00:00,4345.12,4386.11,40.98999999999978
2026-09-16 14:07:00+00:00,4347.19,4388.26,41.07000000000062
2026-09-16 14:08:00+00:00,4349.41,4390.51,41.100000000000364
2026-09-16 14:09:00+00:00,4348.43,4389.56,41.13000000000011
2026-09-16 14:10:00+00:00,4350.23,4391.46,41.23000000000047
2026-09-16 14:11:00+00:00,4350.13,4391.26,41.13000000000011
2026-09-16 14:12:00+00:00,4352.35,4393.66,41.30999999999949
2026-09-16 14:13:00+00:00,4354.69,4396.06,41.3700000000008
2026-09-16 14:14:00+00:00,4356.37,4397.71,41.340000000000146
2026-09-16 14:15:00+00:00,4359.9,4401.11,41.210000000000036
2026-09-16 14:16:00+00:00,4356.54,4397.76,41.220000000000255
2026-09-16 14:17:00+00:00,4354.56,4395.76,41.19999999999982
2026-09-16 14:18:00+00:00,4354.78,4395.76,40.98000000000047
2026-09-16 14:19:00+00:00,4353.51,4394.76,41.25
2026-09-16 14:20:00+00:00,4349.55,4390.81,41.26000000000022
2026-09-16 14:21:00+00:00,4352.4,4393.51,41.11000000000058
2026-09-16 14:22:00+00:00,4353.85,4394.96,41.10999999999967
2026-09-16 14:23:00+00:00,4352.99,4394.26,41.27000000000044
2026-09-16 14:24:00+00:00,4353.47,4394.66,41.1899999999996
2026-09-16 14:25:00+00:00,4353.39,4394.46,41.06999999999971
2026-09-16 14:26:00+00:00,4354.42,4395.56,41.14000000000033
2026-09-16 14:27:00+00:00,4354.61,4395.67,41.0600000000004
2026-09-16 14:28:00+00:00,4354.94,4396.11,41.17000000000007
2026-09-16 14:29:00+00:00,4351.96,4393.07,41.10999999999967
2026-09-16 14:30:00+00:00,4352.37,4393.06,40.69000000000051
2026-09-16 14:31:00+00:00,4351.66,4392.61,40.94999999999982
2026-09-16 14:32:00+00:00,4351.63,4392.76,41.13000000000011
2026-09-16 14:33:00+00:00,4351.32,4392.31,40.99000000000069
2026-09-16 14:34:00+00:00,4348.63,4389.66,41.029999999999745
2026-09-16 14:35:00+00:00,4349.28,4390.46,41.18000000000029
2026-09-16 14:36:00+00:00,4347.62,4388.81,41.19000000000051
2026-09-16 14:37:00+00:00,4347.58,4388.76,41.18000000000029
2026-09-16 14:38:00+00:00,4347.47,4388.31,40.840000000000146
2026-09-16 14:39:00+00:00,4345.91,4386.96,41.05000000000018
2026-09-16 14:40:00+00:00,4344.88,4386.06,41.18000000000029
2026-09-16 14:41:00+00:00,4345.16,4386.31,41.150000000000546
2026-09-16 14:42:00+00:00,4343.34,4384.31,40.970000000000255
2026-09-16 14:43:00+00:00,4343.59,4384.76,41.17000000000007
2026-09-16 14:44:00+00:00,4340.52,4381.71,41.1899999999996
2026-09-16 14:45:00+00:00,4343.19,4385.11,41.92000000000007
2026-09-16 14:46:00+00:00,4344.94,4386.11,41.17000000000007
2026-09-16 14:47:00+00:00,4344.87,4386.06,41.19000000000051
2026-09-16 14:48:00+00:00,4343.22,4384.46,41.23999999999978
2026-09-16 14:49:00+00:00,4342.64,4383.96,41.31999999999971
2026-09-16 14:50:00+00:00,4343.59,4384.96,41.36999999999989
2026-09-16 14:51:00+00:00,4340.79,4381.96,41.17000000000007
2026-09-16 14:52:00+00:00,4337.92,4379.16,41.23999999999978
2026-09-16 14:53:00+00:00,4338.86,4380.07,41.210000000000036
2026-09-16 14:54:00+00:00,4338.58,4379.77,41.19000000000051
2026-09-16 14:55:00+00:00,4337.42,4378.67,41.25
2026-09-16 14:56:00+00:00,4336.54,4377.82,41.279999999999745
2026-09-16 14:57:00+00:00,4337.36,4378.61,41.25
2026-09-16 14:58:00+00:00,4337.0,4378.21,41.210000000000036
2026-09-16 14:59:00+00:00,4338.59,4379.91,41.31999999999971
2026-09-16 15:00:00+00:00,4337.11,4378.31,41.20000000000073
2026-09-16 15:01:00+00:00,4336.25,4377.56,41.3100000000004
2026-09-16 15:02:00+00:00,4332.22,4373.46,41.23999999999978
2026-09-16 15:03:00+00:00,4330.59,4371.91,41.31999999999971
2026-09-16 15:04:00+00:00,4328.68,4370.01,41.32999999999993
2026-09-16 15:05:00+00:00,4326.62,4367.76,41.14000000000033
2026-09-16 15:06:00+00:00,4325.6,4366.86,41.25999999999931
2026-09-16 15:07:00+00:00,4326.24,4367.46,41.220000000000255
2026-09-16 15:08:00+00:00,4329.6,4370.91,41.30999999999949
2026-09-16 15:09:00+00:00,4329.5,4371.01,41.51000000000022
2026-09-16 15:10:00+00:00,4334.74,4376.26,41.52000000000044
2026-09-16 15:11:00+00:00,4335.18,4376.61,41.42999999999938
2026-09-16 15:12:00+00:00,4337.73,4379.51,41.780000000000655
2026-09-16 15:13:00+00:00,4337.04,4378.61,41.56999999999971
2026-09-16 15:14:00+00:00,4339.91,4381.71,41.80000000000018
2026-09-16 15:15:00+00:00,4339.36,4381.01,41.650000000000546
2026-09-16 15:16:00+00:00,4336.93,4378.66,41.72999999999956
2026-09-16 15:17:00+00:00,4336.02,4377.71,41.6899999999996
2026-09-16 15:18:00+00:00,4333.88,4375.41,41.529999999999745
2026-09-16 15:19:00+00:00,4332.78,4374.21,41.43000000000029
2026-09-16 15:20:00+00:00,4333.13,4374.61,41.47999999999956
2026-09-16 15:21:00+00:00,4334.86,4376.66,41.80000000000018
2026-09-16 15:22:00+00:00,4334.57,4376.06,41.49000000000069
2026-09-16 15:23:00+00:00,4333.23,4374.71,41.48000000000047
2026-09-16 15:24:00+00:00,4332.83,4374.46,41.63000000000011
2026-09-16 15:25:00+00:00,4332.44,4373.96,41.52000000000044
2026-09-16 15:26:00+00:00,4334.6,4376.01,41.409999999999854
2026-09-16 15:27:00+00:00,4335.92,4377.21,41.289999999999964
2026-09-16 15:28:00+00:00,4335.84,4377.51,41.67000000000007
2026-09-16 15:29:00+00:00,4337.96,4379.66,41.69999999999982
2026-09-16 15:30:00+00:00,4336.54,4378.21,41.67000000000007
2026-09-16 15:31:00+00:00,4334.85,4376.46,41.60999999999967
2026-09-16 15:32:00+00:00,4336.46,4378.01,41.55000000000018
2026-09-16 15:33:00+00:00,4334.9,4376.52,41.6200000000008
2026-09-16 15:34:00+00:00,4336.67,4378.26,41.590000000000146
2026-09-16 15:35:00+00:00,4337.66,4379.36,41.69999999999982
2026-09-16 15:36:00+00:00,4337.56,4379.06,41.5
2026-09-16 15:37:00+00:00,4340.3,4381.81,41.51000000000022
2026-09-16 15:38:00+00:00,4342.06,4383.71,41.649999999999636
2026-09-16 15:39:00+00:00,4340.94,4382.66,41.720000000000255
2026-09-16 15:40:00+00:00,4342.05,4383.57,41.51999999999953
2026-09-16 15:41:00+00:00,4341.46,4383.01,41.55000000000018
2026-09-16 15:42:00+00:00,4341.73,4383.21,41.48000000000047
2026-09-16 15:43:00+00:00,4342.39,4384.16,41.76999999999953
2026-09-16 15:44:00+00:00,4345.54,4387.52,41.98000000000047
2026-09-16 15:45:00+00:00,4347.31,4389.12,41.80999999999949
2026-09-16 15:46:00+00:00,4347.97,4389.82,41.849999999999454
2026-09-16 15:47:00+00:00,4347.53,4389.12,41.590000000000146
2026-09-16 15:48:00+00:00,4348.66,4390.41,41.75
2026-09-16 15:49:00+00:00,4350.18,4392.11,41.92999999999938
2026-09-16 15:50:00+00:00,4352.99,4395.11,42.11999999999989
2026-09-16 15:51:00+00:00,4352.65,4394.61,41.960000000000036
2026-09-16 15:52:00+00:00,4352.41,4394.36,41.94999999999982
2026-09-16 15:53:00+00:00,4351.26,4393.11,41.849999999999454
2026-09-16 15:54:00+00:00,4348.38,4390.21,41.82999999999993
2026-09-16 15:55:00+00:00,4348.02,4389.62,41.599999999999454
2026-09-16 15:56:00+00:00,4349.13,4390.82,41.6899999999996
2026-09-16 15:57:00+00:00,4351.05,4392.96,41.909999999999854
2026-09-16 15:58:00+00:00,4353.67,4395.76,42.090000000000146
2026-09-16 15:59:00+00:00,4354.87,4397.01,42.14000000000033
2026-09-16 16:00:00+00:00,4357.02,4398.96,41.9399999999996
2026-09-16 16:01:00+00:00,4353.88,4395.71,41.82999999999993
2026-09-16 16:02:00+00:00,4351.39,4393.36,41.969999999999345
2026-09-16 16:03:00+00:00,4353.33,4395.16,41.82999999999993
2026-09-16 16:04:00+00:00,4350.82,4392.76,41.94000000000051
2026-09-16 16:05:00+00:00,4351.52,4393.36,41.839999999999236
2026-09-16 16:06:00+00:00,4351.53,4393.32,41.789999999999964
2026-09-16 16:07:00+00:00,4354.03,4395.91,41.88000000000011
2026-09-16 16:08:00+00:00,4354.57,4396.41,41.840000000000146
2026-09-16 16:09:00+00:00,4357.36,4399.26,41.900000000000546
2026-09-16 16:10:00+00:00,4356.1,4397.96,41.85999999999967
2026-09-16 16:11:00+00:00,4354.33,4396.16,41.82999999999993
2026-09-16 16:12:00+00:00,4353.32,4395.06,41.74000000000069
2026-09-16 16:13:00+00:00,4354.99,4396.96,41.970000000000255
2026-09-16 16:14:00+00:00,4353.54,4395.16,41.61999999999989
2026-09-16 16:15:00+00:00,4353.18,4395.11,41.92999999999938
2026-09-16 16:16:00+00:00,4353.81,4395.71,41.899999999999636
2026-09-16 16:17:00+00:00,4352.22,4394.07,41.849999999999454
2026-09-16 16:18:00+00:00,4353.68,4395.72,42.039999999999964
2026-09-16 16:19:00+00:00,4353.75,4395.67,41.92000000000007
2026-09-16 16:20:00+00:00,4351.1,4392.66,41.55999999999949
2026-09-16 16:21:00+00:00,4351.53,4393.37,41.840000000000146
2026-09-16 16:22:00+00:00,4351.62,4393.46,41.840000000000146
2026-09-16 16:23:00+00:00,4351.2,4392.91,41.710000000000036
2026-09-16 16:24:00+00:00,4350.1,4391.91,41.80999999999949
2026-09-16 16:25:00+00:00,4347.89,4389.61,41.719999999999345
2026-09-16 16:26:00+00:00,4346.11,4388.07,41.960000000000036
2026-09-16 16:27:00+00:00,4347.5,4389.16,41.659999999999854
2026-09-16 16:28:00+00:00,4345.91,4387.61,41.69999999999982
2026-09-16 16:29:00+00:00,4344.29,4385.96,41.67000000000007
2026-09-16 16:30:00+00:00,4344.73,4386.46,41.73000000000047
2026-09-16 16:31:00+00:00,4345.77,4387.51,41.73999999999978
2026-09-16 16:32:00+00:00,4344.77,4386.31,41.539999999999964
2026-09-16 16:33:00+00:00,4346.75,4388.57,41.81999999999971
2026-09-16 16:34:00+00:00,4347.99,4389.67,41.68000000000029
2026-09-16 16:35:00+00:00,4348.88,4390.66,41.779999999999745
2026-09-16 16:36:00+00:00,4351.53,4393.57,42.039999999999964
2026-09-16 16:37:00+00:00,4351.48,4393.37,41.89000000000033
2026-09-16 16:38:00+00:00,4351.78,4393.66,41.88000000000011
2026-09-16 16:39:00+00:00,4350.15,4392.06,41.910000000000764
2026-09-16 16:40:00+00:00,4350.29,4392.12,41.82999999999993
2026-09-16 16:41:00+00:00,4350.46,4392.31,41.850000000000364
2026-09-16 16:42:00+00:00,4350.23,4392.01,41.780000000000655
2026-09-16 16:43:00+00:00,4349.85,4391.67,41.81999999999971
2026-09-16 16:44:00+00:00,4350.7,4392.52,41.82000000000062
2026-09-16 16:45:00+00:00,4350.56,4392.37,41.80999999999949
2026-09-16 16:46:00+00:00,4351.19,4393.01,41.82000000000062
2026-09-16 16:47:00+00:00,4355.13,4397.46,42.32999999999993
2026-09-16 16:48:00+00:00,4354.18,4396.26,42.07999999999993
2026-09-16 16:49:00+00:00,4353.13,4395.06,41.93000000000029
2026-09-16 16:50:00+00:00,4351.56,4393.51,41.94999999999982
2026-09-16 16:51:00+00:00,4352.83,4394.86,42.029999999999745
2026-09-16 16:52:00+00:00,4354.71,4396.86,42.149999999999636
2026-09-16 16:53:00+00:00,4351.52,4393.56,42.039999999999964
2026-09-16 16:54:00+00:00,4351.63,4393.66,42.029999999999745
2026-09-16 16:55:00+00:00,4351.9,4394.07,42.17000000000007
2026-09-16 16:56:00+00:00,4350.73,4392.67,41.94000000000051
2026-09-16 16:57:00+00:00,4352.0,4393.96,41.960000000000036
2026-09-16 16:58:00+00:00,4352.69,4394.56,41.8700000000008
2026-09-16 16:59:00+00:00,4352.8,4394.51,41.710000000000036
2026-09-16 17:00:00+00:00,4351.54,4393.46,41.92000000000007
2026-09-16 17:01:00+00:00,4351.91,4393.87,41.960000000000036
2026-09-16 17:02:00+00:00,4350.73,4392.62,41.89000000000033
2026-09-16 17:03:00+00:00,4349.14,4390.96,41.81999999999971
2026-09-16 17:04:00+00:00,4348.05,4389.91,41.85999999999967
2026-09-16 17:05:00+00:00,4347.52,4389.36,41.839999999999236
2026-09-16 17:06:00+00:00,4347.04,4388.87,41.82999999999993
2026-09-16 17:07:00+00:00,4348.43,4390.26,41.82999999999993
2026-09-16 17:08:00+00:00,4349.04,4390.96,41.92000000000007
2026-09-16 17:09:00+00:00,4349.72,4391.51,41.789999999999964
2026-09-16 17:10:00+00:00,4349.56,4391.36,41.79999999999927
2026-09-16 17:11:00+00:00,4350.39,4392.02,41.63000000000011
2026-09-16 17:12:00+00:00,4349.86,4391.66,41.80000000000018
2026-09-16 17:13:00+00:00,4351.04,4392.87,41.82999999999993
2026-09-16 17:14:00+00:00,4350.05,4391.86,41.80999999999949
2026-09-16 17:15:00+00:00,4351.73,4393.57,41.840000000000146
2026-09-16 17:16:00+00:00,4351.64,4393.46,41.81999999999971
2026-09-16 17:17:00+00:00,4350.49,4392.26,41.77000000000044
2026-09-16 17:18:00+00:00,4350.1,4391.81,41.710000000000036
2026-09-16 17:19:00+00:00,4349.66,4391.42,41.76000000000022
2026-09-16 17:20:00+00:00,4349.51,4391.31,41.80000000000018
2026-09-16 17:21:00+00:00,4347.3,4389.06,41.76000000000022
2026-09-16 17:22:00+00:00,4347.34,4389.26,41.92000000000007
2026-09-16 17:23:00+00:00,4347.38,4389.31,41.93000000000029
2026-09-16 17:24:00+00:00,4347.67,4389.46,41.789999999999964
2026-09-16 17:25:00+00:00,4347.89,4389.71,41.81999999999971
2026-09-16 17:26:00+00:00,4346.71,4388.52,41.8100000000004
2026-09-16 17:27:00+00:00,4345.41,4387.21,41.80000000000018
2026-09-16 17:28:00+00:00,4344.8,4386.46,41.659999999999854
2026-09-16 17:29:00+00:00,4345.98,4387.61,41.63000000000011
2026-09-16 17:30:00+00:00,4345.33,4386.96,41.63000000000011
2026-09-16 17:31:00+00:00,4347.69,4389.41,41.720000000000255
2026-09-16 17:32:00+00:00,4346.72,4388.36,41.63999999999942
2026-09-16 17:33:00+00:00,4347.84,4389.52,41.68000000000029
2026-09-16 17:34:00+00:00,4347.85,4389.56,41.710000000000036
2026-09-16 17:35:00+00:00,4347.61,4389.31,41.70000000000073
2026-09-16 17:36:00+00:00,4346.31,4388.06,41.75
2026-09-16 17:37:00+00:00,4346.43,4388.17,41.73999999999978
2026-09-16 17:38:00+00:00,4346.43,4388.12,41.6899999999996
2026-09-16 17:39:00+00:00,4347.33,4389.02,41.69000000000051
2026-09-16 17:40:00+00:00,4348.26,4390.01,41.75
2026-09-16 17:41:00+00:00,4347.54,4389.21,41.67000000000007
2026-09-16 17:42:00+00:00,4347.37,4389.02,41.650000000000546
2026-09-16 17:43:00+00:00,4347.38,4389.06,41.68000000000029
2026-09-16 17:44:00+00:00,4347.56,4389.16,41.599999999999454
2026-09-16 17:45:00+00:00,4347.77,4389.52,41.75
2026-09-16 17:46:00+00:00,4347.87,4389.56,41.69000000000051
2026-09-16 17:47:00+00:00,4348.01,4389.66,41.649999999999636
2026-09-16 17:48:00+00:00,4347.79,4389.41,41.61999999999989
2026-09-16 17:49:00+00:00,4346.09,4387.71,41.61999999999989
2026-09-16 17:50:00+00:00,4344.62,4386.02,41.400000000000546
2026-09-16 17:51:00+00:00,4344.31,4386.02,41.710000000000036
2026-09-16 17:52:00+00:00,4344.64,4386.21,41.56999999999971
2026-09-16 17:53:00+00:00,4345.43,4387.02,41.590000000000146
2026-09-16 17:54:00+00:00,4345.92,4387.46,41.539999999999964
2026-09-16 17:55:00+00:00,4347.3,4388.91,41.60999999999967
2026-09-16 17:56:00+00:00,4345.62,4387.21,41.590000000000146
2026-09-16 17:57:00+00:00,4346.82,4388.41,41.590000000000146
2026-09-16 17:58:00+00:00,4347.14,4388.71,41.56999999999971
2026-09-16 17:59:00+00:00,4346.7,4388.31,41.61000000000058
2026-09-16 18:00:00+00:00,4345.42,4387.01,41.590000000000146
2026-09-16 18:01:00+00:00,4343.92,4385.52,41.600000000000364
2026-09-16 18:02:00+00:00,4343.99,4385.52,41.530000000000655
2026-09-16 18:03:00+00:00,4344.46,4386.02,41.5600000000004
2026-09-16 18:04:00+00:00,4344.91,4386.52,41.61000000000058
2026-09-16 18:05:00+00:00,4345.54,4387.17,41.63000000000011
2026-09-16 18:06:00+00:00,4344.44,4386.01,41.57000000000062
2026-09-16 18:07:00+00:00,4343.42,4385.02,41.600000000000364
2026-09-16 18:08:00+00:00,4343.74,4385.31,41.57000000000062
2026-09-16 18:09:00+00:00,4343.33,4384.91,41.57999999999993
2026-09-16 18:10:00+00:00,4343.35,4384.91,41.55999999999949
2026-09-16 18:11:00+00:00,4342.42,4384.01,41.590000000000146
2026-09-16 18:12:00+00:00,4342.07,4383.61,41.539999999999964
2026-09-16 18:13:00+00:00,4342.31,4383.81,41.5
2026-09-16 18:14:00+00:00,4343.59,4385.11,41.51999999999953
2026-09-16 18:15:00+00:00,4343.86,4385.36,41.5
2026-09-16 18:16:00+00:00,4344.76,4386.31,41.55000000000018
2026-09-16 18:17:00+00:00,4343.72,4385.21,41.48999999999978
2026-09-16 18:18:00+00:00,4344.09,4385.51,41.42000000000007
2026-09-16 18:19:00+00:00,4344.72,4386.11,41.38999999999942
2026-09-16 18:20:00+00:00,4344.25,4385.61,41.35999999999967
2026-09-16 18:21:00+00:00,4343.32,4384.71,41.39000000000033
2026-09-16 18:22:00+00:00,4342.99,4384.31,41.32000000000062
2026-09-16 18:23:00+00:00,4343.55,4384.81,41.26000000000022
2026-09-16 18:24:00+00:00,4344.6,4385.86,41.25999999999931
2026-09-16 18:25:00+00:00,4345.88,4387.21,41.32999999999993
2026-09-16 18:26:00+00:00,4346.24,4387.51,41.27000000000044
2026-09-16 18:27:00+00:00,4346.63,4387.81,41.18000000000029
2026-09-16 18:28:00+00:00,4345.73,4387.01,41.280000000000655
2026-09-16 18:29:00+00:00,4346.93,4388.21,41.279999999999745
2026-09-16 18:30:00+00:00,4347.74,4389.01,41.27000000000044
2026-09-16 18:31:00+00:00,4346.99,4388.31,41.32000000000062
2026-09-16 18:32:00+00:00,4348.51,4389.86,41.349999999999454
2026-09-16 18:33:00+00:00,4349.72,4391.12,41.399999999999636
2026-09-16 18:34:00+00:00,4349.04,4390.42,41.38000000000011
2026-09-16 18:35:00+00:00,4348.7,4390.21,41.51000000000022
2026-09-16 18:36:00+00:00,4347.07,4388.46,41.39000000000033
2026-09-16 18:37:00+00:00,4346.86,4388.31,41.45000000000073
2026-09-16 18:38:00+00:00,4345.64,4387.02,41.38000000000011
2026-09-16 18:39:00+00:00,4343.91,4385.36,41.44999999999982
2026-09-16 18:40:00+00:00,4344.56,4385.91,41.349999999999454
2026-09-16 18:41:00+00:00,4344.82,4386.21,41.39000000000033
2026-09-16 18:42:00+00:00,4345.14,4386.62,41.47999999999956
2026-09-16 18:43:00+00:00,4344.15,4385.67,41.52000000000044
2026-09-16 18:44:00+00:00,4344.13,4385.46,41.32999999999993
2026-09-16 18:45:00+00:00,4343.57,4384.91,41.340000000000146
2026-09-16 18:46:00+00:00,4344.48,4385.96,41.48000000000047
2026-09-16 18:47:00+00:00,4342.8,4384.26,41.460000000000036
2026-09-16 18:48:00+00:00,4344.83,4386.36,41.529999999999745
2026-09-16 18:49:00+00:00,4344.6,4386.12,41.51999999999953
2026-09-16 18:50:00+00:00,4344.68,4386.16,41.47999999999956
2026-09-16 18:51:00+00:00,4346.42,4388.02,41.600000000000364
2026-09-16 18:52:00+00:00,4346.66,4388.31,41.650000000000546
2026-09-16 18:53:00+00:00,4348.63,4390.26,41.63000000000011
2026-09-16 18:54:00+00:00,4347.96,4389.57,41.60999999999967
2026-09-16 18:55:00+00:00,4347.96,4389.57,41.60999999999967
2026-09-16 18:56:00+00:00,4350.97,4392.61,41.63999999999942
2026-09-16 18:57:00+00:00,4353.87,4395.51,41.64000000000033
2026-09-16 18:58:00+00:00,4353.63,4395.66,42.029999999999745
2026-09-16 18:59:00+00:00,4358.9,4404.71,45.8100000000004
2026-09-16 19:00:00+00:00,4338.51,4380.36,41.849999999999454
2026-09-16 19:01:00+00:00,4317.57,4359.26,41.69000000000051
2026-09-16 19:02:00+00:00,4331.98,4373.31,41.33000000000084
2026-09-16 19:03:00+00:00,4329.7,4372.61,42.909999999999854
2026-09-16 19:04:00+00:00,4324.98,4366.81,41.83000000000084
2026-09-16 19:05:00+00:00,4332.9,4374.51,41.61000000000058
2026-09-16 19:06:00+00:00,4332.02,4373.61,41.589999999999236
2026-09-16 19:07:00+00:00,4342.22,4383.86,41.63999999999942
2026-09-16 19:08:00+00:00,4339.16,4381.01,41.850000000000364
2026-09-16 19:09:00+00:00,4331.28,4372.76,41.48000000000047
2026-09-16 19:10:00+00:00,4328.5,4370.21,41.710000000000036
2026-09-16 19:11:00+00:00,4315.91,4357.26,41.350000000000364
2026-09-16 19:12:00+00:00,4312.89,4354.81,41.92000000000007
2026-09-16 19:13:00+00:00,4310.9,4352.61,41.710000000000036
2026-09-16 19:14:00+00:00,4310.41,4352.11,41.69999999999982
2026-09-16 19:15:00+00:00,4309.09,4350.36,41.26999999999953
2026-09-16 19:16:00+00:00,4308.5,4349.61,41.10999999999967
2026-09-16 19:17:00+00:00,4313.03,4354.51,41.48000000000047
2026-09-16 19:18:00+00:00,4309.57,4350.91,41.340000000000146
2026-09-16 19:19:00+00:00,4318.67,4360.61,41.9399999999996
2026-09-16 19:20:00+00:00,4320.6,4362.11,41.50999999999931
2026-09-16 19:21:00+00:00,4321.5,4363.06,41.5600000000004
2026-09-16 19:22:00+00:00,4316.03,4357.71,41.68000000000029
2026-09-16 19:23:00+00:00,4320.1,4361.61,41.50999999999931
2026-09-16 19:24:00+00:00,4314.97,4356.36,41.38999999999942
2026-09-16 19:25:00+00:00,4313.22,4354.31,41.090000000000146
2026-09-16 19:26:00+00:00,4315.7,4357.31,41.61000000000058
2026-09-16 19:27:00+00:00,4314.54,4355.81,41.27000000000044
2026-09-16 19:28:00+00:00,4316.17,4357.21,41.039999999999964
2026-09-16 19:29:00+00:00,4322.33,4363.21,40.88000000000011
2026-09-16 19:30:00+00:00,4312.82,4354.41,41.590000000000146
2026-09-16 19:31:00+00:00,4307.5,4348.86,41.35999999999967
2026-09-16 19:32:00+00:00,4292.11,4333.41,41.30000000000018
2026-09-16 19:33:00+00:00,4285.76,4326.06,40.30000000000018
2026-09-16 19:34:00+00:00,4285.03,4325.61,40.57999999999993
2026-09-16 19:35:00+00:00,4274.7,4315.46,40.76000000000022
2026-09-16 19:36:00+00:00,4267.31,4306.91,39.599999999999454
2026-09-16 19:37:00+00:00,4272.18,4312.16,39.97999999999956
2026-09-16 19:38:00+00:00,4283.83,4323.96,40.13000000000011
2026-09-16 19:39:00+00:00,4291.15,4331.46,40.3100000000004
2026-09-16 19:40:00+00:00,4288.27,4328.76,40.48999999999978
2026-09-16 19:41:00+00:00,4291.44,4332.01,40.57000000000062
2026-09-16 19:42:00+00:00,4300.7,4341.11,40.409999999999854
2026-09-16 19:43:00+00:00,4308.16,4348.56,40.400000000000546
2026-09-16 19:44:00+00:00,4301.18,4341.51,40.32999999999993
2026-09-16 19:45:00+00:00,4304.68,4345.21,40.529999999999745
2026-09-16 19:46:00+00:00,4302.24,4342.81,40.57000000000062
2026-09-16 19:47:00+00:00,4296.11,4336.11,40.0
2026-09-16 19:48:00+00:00,4293.15,4333.61,40.460000000000036
2026-09-16 19:49:00+00:00,4293.63,4333.76,40.13000000000011
2026-09-16 19:50:00+00:00,4288.19,4328.61,40.42000000000007
2026-09-16 19:51:00+00:00,4286.16,4326.51,40.350000000000364
2026-09-16 19:52:00+00:00,4272.32,4312.11,39.789999999999964
2026-09-16 19:53:00+00:00,4265.82,4305.56,39.74000000000069
2026-09-16 19:54:00+00:00,4266.32,4305.51,39.19000000000051
2026-09-16 19:55:00+00:00,4268.83,4308.71,39.88000000000011
2026-09-16 19:56:00+00:00,4264.77,4305.26,40.48999999999978
2026-09-16 19:57:00+00:00,4266.56,4306.56,40.0
2026-09-16 19:58:00+00:00,4269.87,4309.56,39.69000000000051
2026-09-16 19:59:00+00:00,4261.09,4300.86,39.76999999999953
2026-09-16 20:00:00+00:00,4277.67,4317.26,39.590000000000146
2026-09-16 20:01:00+00:00,4274.97,4314.41,39.4399999999996
2026-09-16 20:02:00+00:00,4278.99,4318.11,39.11999999999989
2026-09-16 20:03:00+00:00,4286.97,4326.36,39.38999999999942
2026-09-16 20:04:00+00:00,4273.24,4313.06,39.82000000000062
2026-09-16 20:05:00+00:00,4271.08,4310.56,39.48000000000047
2026-09-16 20:06:00+00:00,4266.72,4306.56,39.840000000000146
2026-09-16 20:07:00+00:00,4258.69,4297.61,38.92000000000007
2026-09-16 20:08:00+00:00,4256.02,4294.96,38.9399999999996
2026-09-16 20:09:00+00:00,4250.55,4289.61,39.05999999999949
2026-09-16 20:10:00+00:00,4237.04,4275.51,38.470000000000255
2026-09-16 20:11:00+00:00,4245.25,4284.06,38.8100000000004
2026-09-16 20:12:00+00:00,4240.53,4278.61,38.07999999999993
2026-09-16 20:13:00+00:00,4246.1,4284.56,38.460000000000036
2026-09-16 20:14:00+00:00,4252.97,4291.21,38.23999999999978
2026-09-16 20:15:00+00:00,4251.5,4289.26,37.76000000000022
2026-09-16 20:16:00+00:00,4247.0,4285.76,38.76000000000022
2026-09-16 20:17:00+00:00,4245.0,4283.51,38.51000000000022
2026-09-16 20:18:00+00:00,4241.92,4280.51,38.590000000000146
2026-09-16 20:19:00+00:00,4248.14,4287.11,38.969999999999345
2026-09-16 20:20:00+00:00,4245.03,4283.71,38.68000000000029
2026-09-16 20:21:00+00:00,4249.59,4287.96,38.36999999999989
2026-09-16 20:22:00+00:00,4247.4,4285.91,38.51000000000022
2026-09-16 20:23:00+00:00,4252.14,4290.96,38.81999999999971
2026-09-16 20:24:00+00:00,4252.81,4291.46,38.649999999999636
2026-09-16 20:25:00+00:00,4247.11,4285.81,38.70000000000073
2026-09-16 20:26:00+00:00,4244.15,4283.11,38.960000000000036
2026-09-16 20:27:00+00:00,4248.68,4287.81,39.13000000000011
2026-09-16 20:28:00+00:00,4243.31,4282.41,39.099999999999454
2026-09-16 20:29:00+00:00,4253.63,4292.71,39.07999999999993
2026-09-16 20:30:00+00:00,4257.84,4297.11,39.26999999999953
2026-09-16 20:31:00+00:00,4258.59,4297.81,39.220000000000255
2026-09-16 20:32:00+00:00,4259.57,4298.71,39.14000000000033
2026-09-16 20:33:00+00:00,4260.47,4299.71,39.23999999999978
2026-09-16 20:34:00+00:00,4263.31,4302.36,39.04999999999927
2026-09-16 20:35:00+00:00,4261.27,4300.81,39.539999999999964
2026-09-16 20:36:00+00:00,4257.79,4297.81,40.02000000000044
2026-09-16 20:37:00+00:00,4262.92,4302.41,39.48999999999978
2026-09-16 20:38:00+00:00,4257.82,4297.21,39.39000000000033
2026-09-16 20:39:00+00:00,4263.66,4302.56,38.900000000000546
2026-09-16 20:40:00+00:00,4265.17,4303.91,38.73999999999978
2026-09-16 20:41:00+00:00,4266.7,4305.31,38.61000000000058
2026-09-16 20:42:00+00:00,4266.43,4304.81,38.38000000000011
2026-09-16 20:43:00+00:00,4267.8,4306.46,38.659999999999854
2026-09-16 20:44:00+00:00,4265.18,4304.46,39.279999999999745
2026-09-16 20:45:00+00:00,4270.05,4308.76,38.710000000000036
2026-09-16 20:46:00+00:00,4268.02,4306.71,38.6899999999996
2026-09-16 20:47:00+00:00,4267.01,4305.71,38.69999999999982
2026-09-16 20:48:00+00:00,4267.56,4306.21,38.649999999999636
2026-09-16 20:49:00+00:00,4269.69,4308.96,39.27000000000044
2026-09-16 20:50:00+00:00,4275.86,4314.56,38.70000000000073
2026-09-16 20:51:00+00:00,4271.03,4310.71,39.68000000000029
2026-09-16 20:52:00+00:00,4272.9,4312.01,39.11000000000058
2026-09-16 20:53:00+00:00,4268.62,4307.96,39.340000000000146
2026-09-16 20:54:00+00:00,4273.14,4312.21,39.06999999999971
2026-09-16 20:55:00+00:00,4272.68,4311.41,38.72999999999956
2026-09-16 20:56:00+00:00,4270.91,4309.96,39.05000000000018
2026-09-16 20:57:00+00:00,4270.43,4309.36,38.92999999999938
2026-09-16 20:58:00+00:00,4271.65,4310.56,38.910000000000764
2026-09-16 20:59:00+00:00,4272.35,4311.06,38.710000000000036
2026-09-16 21:00:00+00:00,4269.74,4308.76,39.02000000000044
2026-09-16 21:01:00+00:00,4268.95,4307.81,38.86000000000058
2026-09-16 21:02:00+00:00,4272.0,4310.91,38.909999999999854
2026-09-16 21:03:00+00:00,4272.32,4311.41,39.090000000000146
2026-09-16 21:04:00+00:00,4270.72,4309.81,39.090000000000146
2026-09-16 21:05:00+00:00,4269.77,4309.31,39.539999999999964
2026-09-16 21:06:00+00:00,4269.91,4309.21,39.30000000000018
2026-09-16 21:07:00+00:00,4269.31,4308.71,39.399999999999636
2026-09-16 21:08:00+00:00,4266.41,4305.71,39.30000000000018
2026-09-16 21:09:00+00:00,4267.37,4306.66,39.289999999999964
2026-09-16 21:10:00+00:00,4265.7,4304.96,39.26000000000022
2026-09-16 21:11:00+00:00,4264.72,4304.02,39.30000000000018
2026-09-16 21:12:00+00:00,4265.63,4304.86,39.22999999999956
2026-09-16 21:13:00+00:00,4265.39,4304.56,39.17000000000007
2026-09-16 21:14:00+00:00,4264.78,4304.16,39.38000000000011
2026-09-16 21:15:00+00:00,4264.81,4304.01,39.19999999999982
2026-09-16 21:16:00+00:00,4264.94,4304.31,39.3700000000008
2026-09-16 21:17:00+00:00,4266.64,4306.01,39.36999999999989
2026-09-16 21:18:00+00:00,4267.85,4307.21,39.35999999999967
2026-09-16 21:19:00+00:00,4266.51,4305.81,39.30000000000018
2026-09-16 21:20:00+00:00,4265.18,4304.51,39.32999999999993
2026-09-16 21:21:00+00:00,4264.87,4304.16,39.289999999999964
2026-09-16 21:22:00+00:00,4263.85,4303.16,39.30999999999949
2026-09-16 21:23:00+00:00,4261.81,4301.06,39.25
2026-09-16 21:24:00+00:00,4260.84,4300.06,39.220000000000255
2026-09-16 21:25:00+00:00,4259.41,4298.66,39.25
2026-09-16 21:26:00+00:00,4259.04,4298.36,39.31999999999971
2026-09-16 21:27:00+00:00,4258.43,4297.81,39.38000000000011
2026-09-16 21:28:00+00:00,4257.82,4297.16,39.340000000000146
2026-09-16 21:29:00+00:00,4260.32,4299.76,39.44000000000051
2026-09-16 21:30:00+00:00,4259.1,4298.46,39.35999999999967
2026-09-16 21:31:00+00:00,4261.67,4301.32,39.649999999999636
2026-09-16 21:32:00+00:00,4259.4,4298.62,39.220000000000255
2026-09-16 21:33:00+00:00,4259.56,4298.77,39.210000000000036
2026-09-16 21:34:00+00:00,4261.39,4300.66,39.26999999999953
2026-09-16 21:35:00+00:00,4260.37,4299.71,39.340000000000146
2026-09-16 21:36:00+00:00,4260.34,4299.46,39.11999999999989
2026-09-16 21:37:00+00:00,4264.73,4303.87,39.14000000000033
2026-09-16 21:38:00+00:00,4263.98,4302.96,38.98000000000047
2026-09-16 21:39:00+00:00,4264.88,4303.91,39.029999999999745
2026-09-16 21:40:00+00:00,4264.44,4303.26,38.82000000000062
2026-09-16 21:41:00+00:00,4263.99,4303.06,39.07000000000062
2026-09-16 21:42:00+00:00,4263.0,4301.77,38.77000000000044
2026-09-16 21:43:00+00:00,4262.74,4301.76,39.02000000000044
2026-09-16 21:44:00+00:00,4262.42,4301.37,38.94999999999982
2026-09-16 21:45:00+00:00,4263.7,4302.66,38.960000000000036
2026-09-16 21:46:00+00:00,4263.76,4302.76,39.0
2026-09-16 21:47:00+00:00,4264.27,4303.16,38.88999999999942
2026-09-16 21:48:00+00:00,4264.5,4303.56,39.0600000000004
2026-09-16 21:49:00+00:00,4265.81,4304.66,38.849999999999454
2026-09-16 21:50:00+00:00,4263.13,4301.96,38.82999999999993
2026-09-16 21:51:00+00:00,4263.01,4301.91,38.899999999999636
2026-09-16 21:52:00+00:00,4262.61,4301.46,38.850000000000364
2026-09-16 21:53:00+00:00,4261.5,4300.42,38.92000000000007
2026-09-16 21:54:00+00:00,4262.61,4301.46,38.850000000000364
2026-09-16 21:55:00+00:00,4262.84,4301.66,38.81999999999971
2026-09-16 21:56:00+00:00,4262.86,4301.66,38.80000000000018
2026-09-16 21:57:00+00:00,4264.17,4302.91,38.73999999999978
2026-09-16 23:01:00+00:00,4260.43,4297.76,37.32999999999993
2026-09-16 23:02:00+00:00,4261.68,4299.06,37.38000000000011
2026-09-16 23:03:00+00:00,4260.93,4298.11,37.17999999999938
2026-09-16 23:04:00+00:00,4259.88,4297.26,37.38000000000011
2026-09-16 23:05:00+00:00,4262.07,4299.16,37.090000000000146
2026-09-16 23:06:00+00:00,4261.72,4298.81,37.090000000000146
2026-09-16 23:07:00+00:00,4261.7,4298.82,37.11999999999989
2026-09-16 23:08:00+00:00,4261.11,4298.17,37.0600000000004
2026-09-16 23:09:00+00:00,4261.17,4298.36,37.1899999999996
2026-09-16 23:10:00+00:00,4259.61,4296.56,36.95000000000073
2026-09-16 23:11:00+00:00,4260.48,4297.37,36.89000000000033
2026-09-16 23:12:00+00:00,4261.31,4298.22,36.909999999999854
2026-09-16 23:13:00+00:00,4261.26,4298.16,36.899999999999636
2026-09-16 23:14:00+00:00,4259.22,4296.06,36.840000000000146
2026-09-16 23:15:00+00:00,4258.52,4295.31,36.789999999999964
2026-09-16 23:16:00+00:00,4258.06,4295.02,36.960000000000036
2026-09-16 23:17:00+00:00,4258.11,4294.96,36.850000000000364
2026-09-16 23:18:00+00:00,4257.91,4294.77,36.86000000000058
2026-09-16 23:19:00+00:00,4259.53,4296.41,36.88000000000011
2026-09-16 23:20:00+00:00,4261.26,4298.11,36.849999999999454
2026-09-16 23:21:00+00:00,4261.73,4298.61,36.88000000000011
2026-09-16 23:22:00+00:00,4261.03,4297.96,36.93000000000029
2026-09-16 23:23:00+00:00,4260.52,4297.46,36.9399999999996
2026-09-16 23:24:00+00:00,4261.15,4298.06,36.910000000000764
2026-09-16 23:25:00+00:00,4261.83,4298.71,36.88000000000011
2026-09-16 23:26:00+00:00,4263.36,4300.27,36.910000000000764
2026-09-16 23:27:00+00:00,4262.53,4299.46,36.93000000000029
2026-09-16 23:28:00+00:00,4262.6,4299.51,36.909999999999854
2026-09-16 23:29:00+00:00,4262.13,4299.01,36.88000000000011
2026-09-16 23:30:00+00:00,4264.66,4301.56,36.900000000000546
2026-09-16 23:31:00+00:00,4263.93,4300.87,36.9399999999996
2026-09-16 23:32:00+00:00,4266.63,4303.56,36.93000000000029
2026-09-16 23:33:00+00:00,4268.64,4305.56,36.92000000000007
2026-09-16 23:34:00+00:00,4269.88,4306.87,36.98999999999978
2026-09-16 23:35:00+00:00,4272.09,4309.22,37.13000000000011
2026-09-16 23:36:00+00:00,4272.26,4309.66,37.399999999999636
2026-09-16 23:37:00+00:00,4274.89,4312.36,37.469999999999345
2026-09-16 23:38:00+00:00,4275.72,4313.51,37.789999999999964
2026-09-16 23:39:00+00:00,4275.18,4312.71,37.529999999999745
2026-09-16 23:40:00+00:00,4274.44,4311.96,37.52000000000044
2026-09-16 23:41:00+00:00,4273.79,4311.22,37.43000000000029
2026-09-16 23:42:00+00:00,4273.61,4311.11,37.5
2026-09-16 23:43:00+00:00,4273.28,4310.76,37.48000000000047
2026-09-16 23:44:00+00:00,4273.2,4310.76,37.5600000000004
2026-09-16 23:45:00+00:00,4273.56,4311.06,37.5
2026-09-16 23:46:00+00:00,4273.54,4311.06,37.52000000000044
2026-09-16 23:47:00+00:00,4272.37,4309.91,37.539999999999964
2026-09-16 23:48:00+00:00,4271.18,4308.76,37.57999999999993
2026-09-16 23:49:00+00:00,4270.28,4307.86,37.57999999999993
2026-09-16 23:50:00+00:00,4269.69,4307.36,37.67000000000007
2026-09-16 23:51:00+00:00,4268.26,4305.86,37.599999999999454
2026-09-16 23:52:00+00:00,4266.05,4303.56,37.51000000000022
2026-09-16 23:53:00+00:00,4266.44,4304.06,37.6200000000008
2026-09-16 23:54:00+00:00,4267.61,4305.27,37.660000000000764
2026-09-16 23:55:00+00:00,4267.36,4305.11,37.75
2026-09-16 23:56:00+00:00,4266.79,4304.72,37.93000000000029
2026-09-16 23:57:00+00:00,4267.45,4305.27,37.82000000000062
2026-09-16 23:58:00+00:00,4269.69,4307.52,37.83000000000084
2026-09-16 23:59:00+00:00,4266.65,4304.41,37.76000000000022
2026-09-17 00:00:00+00:00,4265.58,4303.42,37.840000000000146
2026-09-17 00:01:00+00:00,4267.29,4305.21,37.92000000000007
2026-09-17 00:02:00+00:00,4263.66,4301.46,37.80000000000018
2026-09-17 00:03:00+00:00,4263.32,4301.11,37.789999999999964
2026-09-17 00:04:00+00:00,4265.38,4303.06,37.68000000000029
2026-09-17 00:05:00+00:00,4263.95,4301.61,37.659999999999854
2026-09-17 00:06:00+00:00,4263.96,4301.51,37.55000000000018
2026-09-17 00:07:00+00:00,4260.3,4297.96,37.659999999999854
2026-09-17 00:08:00+00:00,4264.45,4302.16,37.710000000000036
2026-09-17 00:09:00+00:00,4264.43,4302.26,37.82999999999993
2026-09-17 00:10:00+00:00,4264.76,4302.71,37.94999999999982
2026-09-17 00:11:00+00:00,4265.91,4303.81,37.900000000000546
2026-09-17 00:12:00+00:00,4261.63,4299.31,37.68000000000029
2026-09-17 00:13:00+00:00,4262.07,4299.81,37.74000000000069
2026-09-17 00:14:00+00:00,4262.73,4300.41,37.68000000000029
2026-09-17 00:15:00+00:00,4262.6,4300.16,37.55999999999949
2026-09-17 00:16:00+00:00,4263.97,4301.56,37.590000000000146
2026-09-17 00:17:00+00:00,4266.7,4304.36,37.659999999999854
2026-09-17 00:18:00+00:00,4268.63,4306.36,37.72999999999956
2026-09-17 00:19:00+00:00,4268.54,4306.31,37.77000000000044
2026-09-17 00:20:00+00:00,4269.99,4307.76,37.77000000000044
2026-09-17 00:21:00+00:00,4271.75,4309.41,37.659999999999854
2026-09-17 00:22:00+00:00,4272.76,4310.42,37.659999999999854
2026-09-17 00:23:00+00:00,4272.32,4310.22,37.900000000000546
2026-09-17 00:24:00+00:00,4271.34,4309.01,37.67000000000007
2026-09-17 00:25:00+00:00,4270.09,4307.92,37.82999999999993
2026-09-17 00:26:00+00:00,4270.1,4308.11,38.00999999999931
2026-09-17 00:27:00+00:00,4270.7,4308.52,37.82000000000062
2026-09-17 00:28:00+00:00,4272.03,4309.77,37.74000000000069
2026-09-17 00:29:00+00:00,4271.86,4309.61,37.75
2026-09-17 00:30:00+00:00,4272.0,4309.86,37.85999999999967
2026-09-17 00:31:00+00:00,4272.72,4310.52,37.80000000000018
2026-09-17 00:32:00+00:00,4272.57,4309.76,37.19000000000051
2026-09-17 00:33:00+00:00,4272.45,4310.26,37.8100000000004
2026-09-17 00:34:00+00:00,4271.05,4308.77,37.720000000000255
2026-09-17 00:35:00+00:00,4270.96,4308.72,37.76000000000022
2026-09-17 00:36:00+00:00,4269.19,4306.96,37.77000000000044
2026-09-17 00:37:00+00:00,4269.42,4307.17,37.75
2026-09-17 00:38:00+00:00,4270.47,4308.22,37.75
2026-09-17 00:39:00+00:00,4271.07,4308.81,37.74000000000069
2026-09-17 00:40:00+00:00,4271.58,4309.31,37.73000000000047
2026-09-17 00:41:00+00:00,4270.89,4308.56,37.67000000000007
2026-09-17 00:42:00+00:00,4271.66,4309.41,37.75
2026-09-17 00:43:00+00:00,4273.33,4311.26,37.93000000000029
2026-09-17 00:44:00+00:00,4273.62,4311.46,37.840000000000146
2026-09-17 00:45:00+00:00,4272.38,4310.21,37.82999999999993
2026-09-17 00:46:00+00:00,4274.54,4312.41,37.86999999999989
2026-09-17 00:47:00+00:00,4274.03,4311.82,37.789999999999964
2026-09-17 00:48:00+00:00,4274.62,4312.42,37.80000000000018
2026-09-17 00:49:00+00:00,4273.6,4311.46,37.85999999999967
2026-09-17 00:50:00+00:00,4273.17,4310.66,37.48999999999978
2026-09-17 00:51:00+00:00,4273.31,4311.16,37.849999999999454
2026-09-17 00:52:00+00:00,4273.48,4310.96,37.48000000000047
2026-09-17 00:53:00+00:00,4272.73,4310.41,37.68000000000029
2026-09-17 00:54:00+00:00,4272.31,4310.16,37.849999999999454
2026-09-17 00:55:00+00:00,4273.06,4310.96,37.899999999999636
2026-09-17 00:56:00+00:00,4272.73,4310.52,37.79000000000087
2026-09-17 00:57:00+00:00,4272.93,4310.76,37.82999999999993
2026-09-17 00:58:00+00:00,4272.59,4310.42,37.82999999999993
2026-09-17 00:59:00+00:00,4271.66,4309.46,37.80000000000018
2026-09-17 01:00:00+00:00,4270.29,4308.02,37.73000000000047
2026-09-17 01:01:00+00:00,4266.83,4304.77,37.94000000000051
2026-09-17 01:02:00+00:00,4269.56,4307.37,37.80999999999949
2026-09-17 01:03:00+00:00,4270.4,4308.16,37.76000000000022
2026-09-17 01:04:00+00:00,4269.38,4307.26,37.88000000000011
2026-09-17 01:05:00+00:00,4272.03,4309.86,37.82999999999993
2026-09-17 01:06:00+00:00,4272.06,4309.91,37.849999999999454
2026-09-17 01:07:00+00:00,4273.45,4311.16,37.710000000000036
2026-09-17 01:08:00+00:00,4274.12,4312.01,37.89000000000033
2026-09-17 01:09:00+00:00,4278.08,4315.81,37.73000000000047
2026-09-17 01:10:00+00:00,4279.68,4317.46,37.779999999999745
2026-09-17 01:11:00+00:00,4285.4,4323.21,37.8100000000004
2026-09-17 01:12:00+00:00,4285.25,4323.06,37.8100000000004
2026-09-17 01:13:00+00:00,4283.47,4321.26,37.789999999999964
2026-09-17 01:14:00+00:00,4284.98,4322.86,37.88000000000011
2026-09-17 01:15:00+00:00,4285.89,4323.76,37.86999999999989
2026-09-17 01:16:00+00:00,4284.13,4322.06,37.93000000000029
2026-09-17 01:17:00+00:00,4284.58,4322.31,37.73000000000047
2026-09-17 01:18:00+00:00,4282.81,4320.56,37.75
2026-09-17 01:19:00+00:00,4284.75,4322.36,37.60999999999967
2026-09-17 01:20:00+00:00,4287.74,4325.71,37.970000000000255
2026-09-17 01:21:00+00:00,4289.22,4327.06,37.840000000000146
2026-09-17 01:22:00+00:00,4286.53,4324.41,37.88000000000011
2026-09-17 01:23:00+00:00,4286.62,4324.61,37.98999999999978
2026-09-17 01:24:00+00:00,4286.53,4324.41,37.88000000000011
2026-09-17 01:25:00+00:00,4285.25,4322.86,37.60999999999967
2026-09-17 01:26:00+00:00,4284.32,4322.21,37.89000000000033
2026-09-17 01:27:00+00:00,4286.2,4324.26,38.0600000000004
2026-09-17 01:28:00+00:00,4283.79,4321.86,38.06999999999971
2026-09-17 01:29:00+00:00,4284.63,4322.76,38.13000000000011
2026-09-17 01:30:00+00:00,4284.41,4322.56,38.150000000000546
2026-09-17 01:31:00+00:00,4286.43,4324.46,38.029999999999745
2026-09-17 01:32:00+00:00,4286.46,4324.46,38.0
2026-09-17 01:33:00+00:00,4288.79,4326.81,38.02000000000044
2026-09-17 01:34:00+00:00,4285.03,4323.06,38.030000000000655
2026-09-17 01:35:00+00:00,4287.15,4325.31,38.160000000000764
2026-09-17 01:36:00+00:00,4284.2,4322.26,38.0600000000004
2026-09-17 01:37:00+00:00,4285.61,4323.61,38.0
2026-09-17 01:38:00+00:00,4287.92,4326.01,38.090000000000146
2026-09-17 01:39:00+00:00,4287.75,4325.86,38.10999999999967
2026-09-17 01:40:00+00:00,4289.26,4327.46,38.19999999999982
2026-09-17 01:41:00+00:00,4291.09,4329.12,38.029999999999745
2026-09-17 01:42:00+00:00,4291.05,4329.07,38.01999999999953
2026-09-17 01:43:00+00:00,4290.65,4328.77,38.1200000000008
2026-09-17 01:44:00+00:00,4288.75,4326.87,38.11999999999989
2026-09-17 01:45:00+00:00,4288.75,4326.77,38.02000000000044
2026-09-17 01:46:00+00:00,4286.36,4324.46,38.100000000000364
2026-09-17 01:47:00+00:00,4285.52,4323.57,38.04999999999927
2026-09-17 01:48:00+00:00,4285.13,4323.26,38.13000000000011
2026-09-17 01:49:00+00:00,4284.58,4322.66,38.07999999999993
2026-09-17 01:50:00+00:00,4283.18,4321.16,37.97999999999956
2026-09-17 01:51:00+00:00,4281.04,4319.06,38.02000000000044
2026-09-17 01:52:00+00:00,4280.55,4318.52,37.970000000000255
2026-09-17 01:53:00+00:00,4279.54,4317.62,38.07999999999993
2026-09-17 01:54:00+00:00,4280.16,4318.12,37.960000000000036
2026-09-17 01:55:00+00:00,4279.25,4317.22,37.970000000000255
2026-09-17 01:56:00+00:00,4279.86,4317.86,38.0
2026-09-17 01:57:00+00:00,4278.33,4316.31,37.98000000000047
2026-09-17 01:58:00+00:00,4277.49,4315.36,37.86999999999989
2026-09-17 01:59:00+00:00,4280.21,4318.16,37.94999999999982
2026-09-17 02:00:00+00:00,4292.15,4330.21,38.0600000000004
2026-09-17 02:01:00+00:00,4294.99,4333.06,38.07000000000062
2026-09-17 02:02:00+00:00,4294.4,4332.31,37.910000000000764
2026-09-17 02:03:00+00:00,4295.72,4333.91,38.1899999999996
2026-09-17 02:04:00+00:00,4297.31,4335.51,38.19999999999982
2026-09-17 02:05:00+00:00,4299.91,4338.11,38.19999999999982
2026-09-17 02:06:00+00:00,4306.11,4344.36,38.25
2026-09-17 02:07:00+00:00,4308.34,4346.56,38.220000000000255
2026-09-17 02:08:00+00:00,4304.54,4342.76,38.220000000000255
2026-09-17 02:09:00+00:00,4303.34,4341.46,38.11999999999989
2026-09-17 02:10:00+00:00,4300.55,4338.76,38.210000000000036
2026-09-17 02:11:00+00:00,4299.89,4338.01,38.11999999999989
2026-09-17 02:12:00+00:00,4295.93,4334.06,38.13000000000011
2026-09-17 02:13:00+00:00,4297.49,4335.56,38.07000000000062
2026-09-17 02:14:00+00:00,4298.74,4336.81,38.07000000000062
2026-09-17 02:15:00+00:00,4299.05,4337.01,37.960000000000036
2026-09-17 02:16:00+00:00,4300.66,4338.61,37.94999999999982
2026-09-17 02:17:00+00:00,4302.91,4341.01,38.100000000000364
2026-09-17 02:18:00+00:00,4305.99,4344.01,38.02000000000044
2026-09-17 02:19:00+00:00,4302.81,4340.86,38.04999999999927
2026-09-17 02:20:00+00:00,4303.39,4341.41,38.01999999999953
2026-09-17 02:21:00+00:00,4306.07,4344.06,37.99000000000069
2026-09-17 02:22:00+00:00,4308.17,4346.16,37.98999999999978
2026-09-17 02:23:00+00:00,4306.33,4344.36,38.029999999999745
2026-09-17 02:24:00+00:00,4309.88,4348.01,38.13000000000011
2026-09-17 02:25:00+00:00,4311.81,4349.86,38.04999999999927
2026-09-17 02:26:00+00:00,4310.0,4348.96,38.960000000000036
2026-09-17 02:27:00+00:00,4308.71,4346.66,37.94999999999982
2026-09-17 02:28:00+00:00,4309.55,4347.51,37.960000000000036
2026-09-17 02:29:00+00:00,4309.91,4347.86,37.94999999999982
2026-09-17 02:30:00+00:00,4309.47,4347.36,37.88999999999942
2026-09-17 02:31:00+00:00,4313.48,4351.36,37.88000000000011
2026-09-17 02:32:00+00:00,4314.14,4352.06,37.92000000000007
2026-09-17 02:33:00+00:00,4312.64,4350.51,37.86999999999989
2026-09-17 02:34:00+00:00,4314.12,4351.86,37.73999999999978
2026-09-17 02:35:00+00:00,4315.93,4353.71,37.779999999999745
2026-09-17 02:36:00+00:00,4316.42,4354.16,37.73999999999978
2026-09-17 02:37:00+00:00,4316.25,4353.96,37.710000000000036
2026-09-17 02:38:00+00:00,4315.05,4352.76,37.710000000000036
2026-09-17 02:39:00+00:00,4312.11,4349.76,37.650000000000546
2026-09-17 02:40:00+00:00,4312.1,4349.86,37.75999999999931
2026-09-17 02:41:00+00:00,4309.69,4347.36,37.67000000000007
2026-09-17 02:42:00+00:00,4310.22,4347.86,37.63999999999942
2026-09-17 02:43:00+00:00,4310.85,4348.56,37.710000000000036
2026-09-17 02:44:00+00:00,4309.3,4347.11,37.80999999999949
2026-09-17 02:45:00+00:00,4308.06,4345.76,37.69999999999982
2026-09-17 02:46:00+00:00,4308.8,4346.56,37.76000000000022
2026-09-17 02:47:00+00:00,4307.88,4345.66,37.779999999999745
2026-09-17 02:48:00+00:00,4310.79,4348.56,37.77000000000044
2026-09-17 02:49:00+00:00,4310.93,4348.76,37.82999999999993
2026-09-17 02:50:00+00:00,4310.02,4347.56,37.539999999999964
2026-09-17 02:51:00+00:00,4307.1,4344.76,37.659999999999854
2026-09-17 02:52:00+00:00,4306.72,4344.51,37.789999999999964
2026-09-17 02:53:00+00:00,4306.7,4344.36,37.659999999999854
2026-09-17 02:54:00+00:00,4305.44,4343.06,37.6200000000008
2026-09-17 02:55:00+00:00,4302.57,4340.76,38.19000000000051
2026-09-17 02:56:00+00:00,4300.87,4338.77,37.900000000000546
2026-09-17 02:57:00+00:00,4300.48,4338.22,37.74000000000069
2026-09-17 02:58:00+00:00,4299.34,4337.21,37.86999999999989
2026-09-17 02:59:00+00:00,4300.36,4338.17,37.8100000000004
2026-09-17 03:00:00+00:00,4299.64,4337.56,37.92000000000007
2026-09-17 03:01:00+00:00,4299.46,4337.31,37.850000000000364
2026-09-17 03:02:00+00:00,4299.47,4337.21,37.73999999999978
2026-09-17 03:03:00+00:00,4298.11,4335.86,37.75
2026-09-17 03:04:00+00:00,4298.59,4336.41,37.81999999999971
2026-09-17 03:05:00+00:00,4295.8,4333.56,37.76000000000022
2026-09-17 03:06:00+00:00,4289.32,4327.06,37.74000000000069
2026-09-17 03:07:00+00:00,4290.01,4327.86,37.849999999999454
2026-09-17 03:08:00+00:00,4287.92,4325.81,37.89000000000033
2026-09-17 03:09:00+00:00,4286.95,4325.61,38.659999999999854
2026-09-17 03:10:00+00:00,4289.01,4327.06,38.05000000000018
2026-09-17 03:11:00+00:00,4284.63,4322.56,37.93000000000029
2026-09-17 03:12:00+00:00,4281.45,4319.36,37.909999999999854
2026-09-17 03:13:00+00:00,4285.2,4323.16,37.960000000000036
2026-09-17 03:14:00+00:00,4287.47,4325.61,38.13999999999942
2026-09-17 03:15:00+00:00,4287.84,4325.86,38.01999999999953
2026-09-17 03:16:00+00:00,4287.5,4325.86,38.35999999999967
2026-09-17 03:17:00+00:00,4290.41,4328.46,38.05000000000018
2026-09-17 03:18:00+00:00,4289.14,4327.16,38.01999999999953
2026-09-17 03:19:00+00:00,4292.42,4330.46,38.039999999999964
2026-09-17 03:20:00+00:00,4291.64,4329.67,38.029999999999745
2026-09-17 03:21:00+00:00,4292.09,4330.16,38.06999999999971
2026-09-17 03:22:00+00:00,4291.57,4329.67,38.100000000000364
2026-09-17 03:23:00+00:00,4291.46,4329.52,38.0600000000004
2026-09-17 03:24:00+00:00,4290.44,4328.36,37.92000000000007
2026-09-17 03:25:00+00:00,4291.58,4329.56,37.98000000000047
2026-09-17 03:26:00+00:00,4291.64,4329.56,37.92000000000007
2026-09-17 03:27:00+00:00,4291.8,4329.77,37.970000000000255
2026-09-17 03:28:00+00:00,4290.51,4328.46,37.94999999999982
2026-09-17 03:29:00+00:00,4291.72,4329.77,38.05000000000018
2026-09-17 03:30:00+00:00,4289.54,4327.37,37.82999999999993
2026-09-17 03:31:00+00:00,4288.92,4326.96,38.039999999999964
2026-09-17 03:32:00+00:00,4288.08,4326.06,37.98000000000047
2026-09-17 03:33:00+00:00,4286.62,4324.66,38.039999999999964
2026-09-17 03:34:00+00:00,4285.87,4324.06,38.19000000000051
2026-09-17 03:35:00+00:00,4286.1,4324.26,38.159999999999854
2026-09-17 03:36:00+00:00,4284.92,4323.16,38.23999999999978
2026-09-17 03:37:00+00:00,4284.32,4322.56,38.24000000000069
2026-09-17 03:38:00+00:00,4285.44,4323.81,38.3700000000008
2026-09-17 03:39:00+00:00,4283.64,4321.81,38.17000000000007
2026-09-17 03:40:00+00:00,4283.13,4321.31,38.18000000000029
2026-09-17 03:41:00+00:00,4284.88,4323.01,38.13000000000011
2026-09-17 03:42:00+00:00,4287.9,4325.96,38.0600000000004
2026-09-17 03:43:00+00:00,4289.36,4327.46,38.100000000000364
2026-09-17 03:44:00+00:00,4288.65,4326.71,38.0600000000004
2026-09-17 03:45:00+00:00,4284.96,4323.06,38.100000000000364
2026-09-17 03:46:00+00:00,4285.61,4323.61,38.0
2026-09-17 03:47:00+00:00,4283.36,4321.41,38.05000000000018
2026-09-17 03:48:00+00:00,4282.99,4320.96,37.970000000000255
2026-09-17 03:49:00+00:00,4283.5,4321.66,38.159999999999854
2026-09-17 03:50:00+00:00,4282.09,4320.16,38.06999999999971
2026-09-17 03:51:00+00:00,4280.01,4317.91,37.899999999999636
2026-09-17 03:52:00+00:00,4280.62,4318.51,37.89000000000033
2026-09-17 03:53:00+00:00,4276.66,4314.61,37.94999999999982
2026-09-17 03:54:00+00:00,4276.13,4314.06,37.93000000000029
2026-09-17 03:55:00+00:00,4277.63,4315.56,37.93000000000029
2026-09-17 03:56:00+00:00,4277.95,4315.86,37.909999999999854
2026-09-17 03:57:00+00:00,4280.37,4318.26,37.89000000000033
2026-09-17 03:58:00+00:00,4277.2,4315.06,37.86000000000058
2026-09-17 03:59:00+00:00,4277.25,4315.21,37.960000000000036
2026-09-17 04:00:00+00:00,4279.33,4317.22,37.89000000000033
2026-09-17 04:01:00+00:00,4277.93,4315.86,37.92999999999938
2026-09-17 04:02:00+00:00,4279.38,4317.22,37.840000000000146
2026-09-17 04:03:00+00:00,4280.67,4318.57,37.899999999999636
2026-09-17 04:04:00+00:00,4282.75,4320.62,37.86999999999989
2026-09-17 04:05:00+00:00,4282.66,4320.31,37.650000000000546
2026-09-17 04:06:00+00:00,4284.86,4322.66,37.80000000000018
2026-09-17 04:07:00+00:00,4285.32,4323.22,37.900000000000546
2026-09-17 04:08:00+00:00,4285.15,4323.02,37.8700000000008
2026-09-17 04:09:00+00:00,4284.83,4322.87,38.039999999999964
2026-09-17 04:10:00+00:00,4284.88,4322.66,37.779999999999745
2026-09-17 04:11:00+00:00,4282.85,4320.76,37.909999999999854
2026-09-17 04:12:00+00:00,4283.71,4321.52,37.8100000000004
2026-09-17 04:13:00+00:00,4283.22,4320.96,37.73999999999978
2026-09-17 04:14:00+00:00,4285.17,4323.01,37.840000000000146
2026-09-17 04:15:00+00:00,4284.77,4322.56,37.789999999999964
2026-09-17 04:16:00+00:00,4283.72,4321.51,37.789999999999964
2026-09-17 04:17:00+00:00,4285.76,4323.57,37.80999999999949
2026-09-17 04:18:00+00:00,4284.86,4322.66,37.80000000000018
2026-09-17 04:19:00+00:00,4286.58,4324.42,37.840000000000146
2026-09-17 04:20:00+00:00,4284.6,4322.37,37.76999999999953
2026-09-17 04:21:00+00:00,4284.6,4322.36,37.75999999999931
2026-09-17 04:22:00+00:00,4283.61,4321.36,37.75
2026-09-17 04:23:00+00:00,4283.55,4321.31,37.76000000000022
2026-09-17 04:24:00+00:00,4286.0,4323.81,37.8100000000004
2026-09-17 04:25:00+00:00,4285.7,4323.46,37.76000000000022
2026-09-17 04:26:00+00:00,4286.43,4324.22,37.789999999999964
2026-09-17 04:27:00+00:00,4286.07,4323.87,37.80000000000018
2026-09-17 04:28:00+00:00,4285.42,4323.17,37.75
2026-09-17 04:29:00+00:00,4286.11,4323.86,37.75
2026-09-17 04:30:00+00:00,4290.91,4328.66,37.75
2026-09-17 04:31:00+00:00,4290.85,4328.61,37.75999999999931
2026-09-17 04:32:00+00:00,4291.22,4328.96,37.73999999999978
2026-09-17 04:33:00+00:00,4290.79,4328.52,37.73000000000047
2026-09-17 04:34:00+00:00,4290.37,4328.17,37.80000000000018
2026-09-17 04:35:00+00:00,4290.7,4328.46,37.76000000000022
2026-09-17 04:36:00+00:00,4291.34,4329.21,37.86999999999989
2026-09-17 04:37:00+00:00,4291.56,4329.52,37.960000000000036
2026-09-17 04:38:00+00:00,4292.92,4330.86,37.9399999999996
2026-09-17 04:39:00+00:00,4292.43,4330.52,38.090000000000146
2026-09-17 04:40:00+00:00,4292.25,4330.22,37.970000000000255
2026-09-17 04:41:00+00:00,4293.21,4331.27,38.0600000000004
2026-09-17 04:42:00+00:00,4294.46,4332.57,38.10999999999967
2026-09-17 04:43:00+00:00,4295.78,4333.91,38.13000000000011
2026-09-17 04:44:00+00:00,4295.96,4334.16,38.19999999999982
2026-09-17 04:45:00+00:00,4296.04,4334.16,38.11999999999989
2026-09-17 04:46:00+00:00,4296.38,4334.46,38.07999999999993
2026-09-17 04:47:00+00:00,4294.26,4332.37,38.10999999999967
2026-09-17 04:48:00+00:00,4296.13,4334.36,38.22999999999956
2026-09-17 04:49:00+00:00,4295.78,4334.07,38.289999999999964
2026-09-17 04:50:00+00:00,4295.39,4333.67,38.279999999999745
2026-09-17 04:51:00+00:00,4294.87,4333.17,38.30000000000018
2026-09-17 04:52:00+00:00,4295.15,4333.46,38.3100000000004
2026-09-17 04:53:00+00:00,4296.01,4334.37,38.35999999999967
2026-09-17 04:54:00+00:00,4296.53,4334.87,38.340000000000146
2026-09-17 04:55:00+00:00,4295.82,4334.17,38.350000000000364
2026-09-17 04:56:00+00:00,4296.45,4334.76,38.3100000000004
2026-09-17 04:57:00+00:00,4296.87,4335.21,38.340000000000146
2026-09-17 04:58:00+00:00,4296.96,4335.36,38.399999999999636
2026-09-17 04:59:00+00:00,4296.06,4334.46,38.399999999999636
2026-09-17 05:00:00+00:00,4294.58,4332.96,38.38000000000011
2026-09-17 05:01:00+00:00,4294.6,4332.96,38.35999999999967
2026-09-17 05:02:00+00:00,4294.31,4332.71,38.399999999999636
2026-09-17 05:03:00+00:00,4295.2,4333.61,38.409999999999854
2026-09-17 05:04:00+00:00,4294.19,4332.61,38.42000000000007
2026-09-17 05:05:00+00:00,4293.44,4331.87,38.43000000000029
2026-09-17 05:06:00+00:00,4293.63,4332.02,38.39000000000033
2026-09-17 05:07:00+00:00,4294.91,4333.41,38.5
2026-09-17 05:08:00+00:00,4296.1,4334.46,38.35999999999967
2026-09-17 05:09:00+00:00,4296.34,4334.76,38.42000000000007
2026-09-17 05:10:00+00:00,4295.05,4333.46,38.409999999999854
2026-09-17 05:11:00+00:00,4294.59,4332.96,38.36999999999989
2026-09-17 05:12:00+00:00,4293.16,4331.36,38.19999999999982
2026-09-17 05:13:00+00:00,4293.38,4331.67,38.289999999999964
2026-09-17 05:14:00+00:00,4293.79,4332.11,38.31999999999971
2026-09-17 05:15:00+00:00,4293.33,4331.72,38.39000000000033
2026-09-17 05:16:00+00:00,4293.4,4331.96,38.5600000000004
2026-09-17 05:17:00+00:00,4293.34,4331.67,38.32999999999993
2026-09-17 05:18:00+00:00,4293.32,4331.56,38.24000000000069
2026-09-17 05:19:00+00:00,4293.25,4331.67,38.42000000000007
2026-09-17 05:20:00+00:00,4294.5,4332.87,38.36999999999989
2026-09-17 05:21:00+00:00,4295.34,4333.76,38.42000000000007
2026-09-17 05:22:00+00:00,4294.3,4332.66,38.35999999999967
2026-09-17 05:23:00+00:00,4294.11,4332.36,38.25
2026-09-17 05:24:00+00:00,4293.74,4332.01,38.27000000000044
2026-09-17 05:25:00+00:00,4291.8,4330.06,38.26000000000022
2026-09-17 05:26:00+00:00,4291.77,4330.06,38.289999999999964
2026-09-17 05:27:00+00:00,4292.11,4330.46,38.350000000000364
2026-09-17 05:28:00+00:00,4292.17,4330.56,38.39000000000033
2026-09-17 05:29:00+00:00,4291.3,4329.66,38.35999999999967
2026-09-17 05:30:00+00:00,4290.7,4329.17,38.470000000000255
2026-09-17 05:31:00+00:00,4292.86,4331.27,38.410000000000764
2026-09-17 05:32:00+00:00,4291.87,4330.22,38.350000000000364
2026-09-17 05:33:00+00:00,4291.33,4329.77,38.44000000000051
2026-09-17 05:34:00+00:00,4291.36,4329.77,38.410000000000764
2026-09-17 05:35:00+00:00,4292.56,4330.96,38.399999999999636
2026-09-17 05:36:00+00:00,4295.65,4333.96,38.3100000000004
2026-09-17 05:37:00+00:00,4294.59,4332.96,38.36999999999989
2026-09-17 05:38:00+00:00,4295.94,4334.26,38.32000000000062
2026-09-17 05:39:00+00:00,4295.13,4333.46,38.32999999999993
2026-09-17 05:40:00+00:00,4293.55,4331.96,38.409999999999854
2026-09-17 05:41:00+00:00,4294.09,4332.46,38.36999999999989
2026-09-17 05:42:00+00:00,4293.43,4331.86,38.42999999999938
2026-09-17 05:43:00+00:00,4295.92,4334.32,38.399999999999636
2026-09-17 05:44:00+00:00,4295.26,4333.76,38.5
2026-09-17 05:45:00+00:00,4297.27,4335.76,38.48999999999978
2026-09-17 05:46:00+00:00,4298.03,4336.56,38.530000000000655
2026-09-17 05:47:00+00:00,4297.62,4336.06,38.44000000000051
2026-09-17 05:48:00+00:00,4298.49,4336.87,38.38000000000011
2026-09-17 05:49:00+00:00,4297.27,4335.77,38.5
2026-09-17 05:50:00+00:00,4296.68,4335.27,38.590000000000146
2026-09-17 05:51:00+00:00,4297.51,4335.96,38.44999999999982
2026-09-17 05:52:00+00:00,4298.2,4336.46,38.26000000000022
2026-09-17 05:53:00+00:00,4297.89,4336.17,38.279999999999745
2026-09-17 05:54:00+00:00,4297.49,4335.77,38.280000000000655
2026-09-17 05:55:00+00:00,4296.76,4335.07,38.30999999999949
2026-09-17 05:56:00+00:00,4297.73,4336.06,38.33000000000084
2026-09-17 05:57:00+00:00,4297.78,4336.17,38.39000000000033
2026-09-17 05:58:00+00:00,4296.95,4335.37,38.42000000000007
2026-09-17 05:59:00+00:00,4297.39,4335.81,38.42000000000007
2026-09-17 06:00:00+00:00,4297.84,4336.26,38.42000000000007
2026-09-17 06:01:00+00:00,4297.94,4336.37,38.43000000000029
2026-09-17 06:02:00+00:00,4298.95,4337.46,38.51000000000022
2026-09-17 06:03:00+00:00,4297.56,4335.96,38.399999999999636
2026-09-17 06:04:00+00:00,4298.0,4336.46,38.460000000000036
2026-09-17 06:05:00+00:00,4297.39,4335.87,38.47999999999956
2026-09-17 06:06:00+00:00,4297.31,4335.77,38.460000000000036
2026-09-17 06:07:00+00:00,4297.73,4336.17,38.44000000000051
2026-09-17 06:08:00+00:00,4297.48,4335.92,38.44000000000051
2026-09-17 06:09:00+00:00,4297.31,4335.81,38.5
2026-09-17 06:10:00+00:00,4295.29,4333.66,38.36999999999989
2026-09-17 06:11:00+00:00,4295.1,4333.46,38.35999999999967
2026-09-17 06:12:00+00:00,4294.78,4333.16,38.38000000000011
2026-09-17 06:13:00+00:00,4295.05,4333.46,38.409999999999854
2026-09-17 06:14:00+00:00,4294.13,4332.61,38.47999999999956
2026-09-17 06:15:00+00:00,4292.29,4330.76,38.470000000000255
2026-09-17 06:16:00+00:00,4291.94,4330.46,38.52000000000044
2026-09-17 06:17:00+00:00,4291.75,4330.26,38.51000000000022
2026-09-17 06:18:00+00:00,4289.39,4327.87,38.47999999999956
2026-09-17 06:19:00+00:00,4288.36,4326.81,38.45000000000073
2026-09-17 06:20:00+00:00,4286.67,4325.26,38.590000000000146
2026-09-17 06:21:00+00:00,4286.81,4325.26,38.44999999999982
2026-09-17 06:22:00+00:00,4286.87,4325.21,38.340000000000146
2026-09-17 06:23:00+00:00,4286.44,4324.81,38.3700000000008
2026-09-17 06:24:00+00:00,4286.95,4325.27,38.32000000000062
2026-09-17 06:25:00+00:00,4287.78,4326.06,38.280000000000655
2026-09-17 06:26:00+00:00,4287.01,4325.27,38.26000000000022
2026-09-17 06:27:00+00:00,4287.38,4325.67,38.289999999999964
2026-09-17 06:28:00+00:00,4287.73,4326.06,38.33000000000084
2026-09-17 06:29:00+00:00,4286.39,4324.66,38.26999999999953
2026-09-17 06:30:00+00:00,4290.86,4329.16,38.30000000000018
2026-09-17 06:31:00+00:00,4292.41,4330.61,38.19999999999982
2026-09-17 06:32:00+00:00,4293.69,4331.91,38.220000000000255
2026-09-17 06:33:00+00:00,4294.87,4333.11,38.23999999999978
2026-09-17 06:34:00+00:00,4294.97,4333.21,38.23999999999978
2026-09-17 06:35:00+00:00,4295.6,4333.86,38.25999999999931
2026-09-17 06:36:00+00:00,4293.01,4331.21,38.19999999999982
2026-09-17 06:37:00+00:00,4293.5,4331.71,38.210000000000036
2026-09-17 06:38:00+00:00,4295.94,4334.11,38.17000000000007
2026-09-17 06:39:00+00:00,4297.08,4335.36,38.279999999999745
2026-09-17 06:40:00+00:00,4296.96,4335.16,38.19999999999982
2026-09-17 06:41:00+00:00,4295.37,4333.62,38.25
2026-09-17 06:42:00+00:00,4295.8,4333.91,38.10999999999967
2026-09-17 06:43:00+00:00,4296.81,4334.91,38.099999999999454
2026-09-17 06:44:00+00:00,4297.1,4335.27,38.17000000000007
2026-09-17 06:45:00+00:00,4297.29,4335.56,38.27000000000044
2026-09-17 06:46:00+00:00,4297.17,4335.36,38.1899999999996
2026-09-17 06:47:00+00:00,4297.15,4335.32,38.17000000000007
2026-09-17 06:48:00+00:00,4298.93,4337.11,38.17999999999938
2026-09-17 06:49:00+00:00,4297.76,4335.91,38.149999999999636
2026-09-17 06:50:00+00:00,4300.17,4338.36,38.1899999999996
2026-09-17 06:51:00+00:00,4301.24,4339.27,38.030000000000655
2026-09-17 06:52:00+00:00,4301.09,4339.12,38.029999999999745
2026-09-17 06:53:00+00:00,4302.52,4340.67,38.149999999999636
2026-09-17 06:54:00+00:00,4303.36,4341.52,38.160000000000764
2026-09-17 06:55:00+00:00,4304.76,4342.86,38.099999999999454
2026-09-17 06:56:00+00:00,4303.41,4341.26,37.850000000000364
2026-09-17 06:57:00+00:00,4302.81,4340.87,38.05999999999949
2026-09-17 06:58:00+00:00,4304.12,4341.96,37.840000000000146
2026-09-17 06:59:00+00:00,4304.56,4342.46,37.899999999999636
2026-09-17 07:00:00+00:00,4305.45,4343.52,38.07000000000062
2026-09-17 07:01:00+00:00,4304.65,4342.77,38.1200000000008
2026-09-17 07:02:00+00:00,4305.8,4343.96,38.159999999999854
2026-09-17 07:03:00+00:00,4308.16,4346.37,38.210000000000036
2026-09-17 07:04:00+00:00,4306.3,4344.76,38.460000000000036
2026-09-17 07:05:00+00:00,4307.73,4345.96,38.23000000000047
2026-09-17 07:06:00+00:00,4308.41,4346.61,38.19999999999982
2026-09-17 07:07:00+00:00,4308.88,4347.16,38.279999999999745
2026-09-17 07:08:00+00:00,4309.57,4347.91,38.340000000000146
2026-09-17 07:09:00+00:00,4310.15,4348.46,38.3100000000004
2026-09-17 07:10:00+00:00,4311.31,4349.67,38.35999999999967
2026-09-17 07:11:00+00:00,4311.4,4349.77,38.3700000000008
2026-09-17 07:12:00+00:00,4310.36,4348.66,38.30000000000018
2026-09-17 07:13:00+00:00,4309.95,4348.32,38.36999999999989
2026-09-17 07:14:00+00:00,4312.13,4350.52,38.39000000000033
2026-09-17 07:15:00+00:00,4307.46,4345.86,38.399999999999636
2026-09-17 07:16:00+00:00,4305.54,4343.96,38.42000000000007
2026-09-17 07:17:00+00:00,4306.21,4344.67,38.460000000000036
2026-09-17 07:18:00+00:00,4306.63,4345.06,38.43000000000029
2026-09-17 07:19:00+00:00,4307.44,4345.91,38.470000000000255
2026-09-17 07:20:00+00:00,4307.29,4345.76,38.470000000000255
2026-09-17 07:21:00+00:00,4306.04,4344.46,38.42000000000007
2026-09-17 07:22:00+00:00,4307.5,4345.91,38.409999999999854
2026-09-17 07:23:00+00:00,4306.13,4344.56,38.43000000000029
2026-09-17 07:24:00+00:00,4307.4,4345.91,38.51000000000022
2026-09-17 07:25:00+00:00,4307.49,4346.06,38.57000000000062
2026-09-17 07:26:00+00:00,4309.9,4348.36,38.460000000000036
2026-09-17 07:27:00+00:00,4309.9,4348.36,38.460000000000036
2026-09-17 07:28:00+00:00,4309.64,4348.17,38.529999999999745
2026-09-17 07:29:00+00:00,4312.1,4350.56,38.460000000000036
2026-09-17 07:30:00+00:00,4312.46,4350.77,38.3100000000004
2026-09-17 07:31:00+00:00,4315.04,4353.46,38.42000000000007
2026-09-17 07:32:00+00:00,4312.68,4351.06,38.38000000000011
2026-09-17 07:33:00+00:00,4313.41,4352.16,38.75
2026-09-17 07:34:00+00:00,4312.78,4351.26,38.48000000000047
2026-09-17 07:35:00+00:00,4310.88,4349.27,38.39000000000033
2026-09-17 07:36:00+00:00,4309.73,4348.07,38.340000000000146
2026-09-17 07:37:00+00:00,4308.06,4346.36,38.29999999999927
2026-09-17 07:38:00+00:00,4307.88,4346.21,38.32999999999993
2026-09-17 07:39:00+00:00,4306.33,4344.66,38.32999999999993
2026-09-17 07:40:00+00:00,4307.26,4345.56,38.30000000000018
2026-09-17 07:41:00+00:00,4307.68,4345.96,38.279999999999745
2026-09-17 07:42:00+00:00,4308.49,4346.81,38.32000000000062
2026-09-17 07:43:00+00:00,4308.63,4347.02,38.39000000000033
2026-09-17 07:44:00+00:00,4309.39,4347.87,38.47999999999956
2026-09-17 07:45:00+00:00,4309.19,4347.56,38.3700000000008
2026-09-17 07:46:00+00:00,4308.18,4346.66,38.47999999999956
2026-09-17 07:47:00+00:00,4307.51,4345.96,38.44999999999982
2026-09-17 07:48:00+00:00,4309.61,4348.06,38.45000000000073
2026-09-17 07:49:00+00:00,4310.27,4348.81,38.539999999999964
2026-09-17 07:50:00+00:00,4308.77,4347.37,38.599999999999454
2026-09-17 07:51:00+00:00,4307.24,4345.76,38.52000000000044
2026-09-17 07:52:00+00:00,4307.9,4346.46,38.5600000000004
2026-09-17 07:53:00+00:00,4310.77,4349.27,38.5
2026-09-17 07:54:00+00:00,4310.04,4348.56,38.52000000000044
2026-09-17 07:55:00+00:00,4308.99,4347.56,38.57000000000062
2026-09-17 07:56:00+00:00,4311.12,4349.77,38.650000000000546
2026-09-17 07:57:00+00:00,4310.77,4349.27,38.5
2026-09-17 07:58:00+00:00,4310.97,4349.66,38.6899999999996
2026-09-17 07:59:00+00:00,4310.94,4349.36,38.42000000000007
2026-09-17 08:00:00+00:00,4310.96,4349.46,38.5
2026-09-17 08:01:00+00:00,4313.34,4351.86,38.51999999999953
2026-09-17 08:02:00+00:00,4312.13,4350.66,38.529999999999745
2026-09-17 08:03:00+00:00,4311.95,4350.51,38.5600000000004
2026-09-17 08:04:00+00:00,4311.78,4350.36,38.57999999999993
2026-09-17 08:05:00+00:00,4314.62,4353.37,38.75
2026-09-17 08:06:00+00:00,4314.48,4353.17,38.69000000000051
2026-09-17 08:07:00+00:00,4314.32,4352.96,38.64000000000033
2026-09-17 08:08:00+00:00,4314.35,4352.96,38.60999999999967
2026-09-17 08:09:00+00:00,4315.03,4353.66,38.63000000000011
2026-09-17 08:10:00+00:00,4319.23,4357.96,38.73000000000047
2026-09-17 08:11:00+00:00,4320.57,4359.16,38.590000000000146
2026-09-17 08:12:00+00:00,4319.1,4357.66,38.55999999999949
2026-09-17 08:13:00+00:00,4320.31,4358.96,38.649999999999636
2026-09-17 08:14:00+00:00,4322.9,4361.66,38.76000000000022
2026-09-17 08:15:00+00:00,4326.62,4365.26,38.64000000000033
2026-09-17 08:16:00+00:00,4327.18,4365.86,38.67999999999938
2026-09-17 08:17:00+00:00,4328.14,4366.96,38.81999999999971
2026-09-17 08:18:00+00:00,4326.12,4364.86,38.73999999999978
2026-09-17 08:19:00+00:00,4323.99,4362.66,38.67000000000007
2026-09-17 08:20:00+00:00,4322.25,4360.61,38.35999999999967
2026-09-17 08:21:00+00:00,4319.83,4358.66,38.82999999999993
2026-09-17 08:22:00+00:00,4320.91,4359.56,38.650000000000546
2026-09-17 08:23:00+00:00,4322.63,4361.26,38.63000000000011
2026-09-17 08:24:00+00:00,4325.0,4363.56,38.5600000000004
2026-09-17 08:25:00+00:00,4324.95,4363.56,38.61000000000058
2026-09-17 08:26:00+00:00,4326.17,4364.76,38.590000000000146
2026-09-17 08:27:00+00:00,4328.68,4367.26,38.57999999999993
2026-09-17 08:28:00+00:00,4328.74,4367.36,38.61999999999989
2026-09-17 08:29:00+00:00,4329.3,4367.96,38.659999999999854
2026-09-17 08:30:00+00:00,4332.47,4371.16,38.6899999999996
2026-09-17 08:31:00+00:00,4331.4,4370.16,38.76000000000022
2026-09-17 08:32:00+00:00,4333.78,4372.46,38.68000000000029
2026-09-17 08:33:00+00:00,4333.49,4372.21,38.720000000000255
2026-09-17 08:34:00+00:00,4332.69,4371.36,38.67000000000007
2026-09-17 08:35:00+00:00,4330.12,4368.86,38.73999999999978
2026-09-17 08:36:00+00:00,4332.5,4371.26,38.76000000000022
2026-09-17 08:37:00+00:00,4331.52,4370.26,38.73999999999978
2026-09-17 08:38:00+00:00,4332.1,4370.17,38.06999999999971
2026-09-17 08:39:00+00:00,4334.31,4373.06,38.75
2026-09-17 08:40:00+00:00,4332.55,4371.31,38.76000000000022
2026-09-17 08:41:00+00:00,4330.35,4369.16,38.80999999999949
2026-09-17 08:42:00+00:00,4330.25,4369.16,38.909999999999854
2026-09-17 08:43:00+00:00,4330.42,4369.26,38.840000000000146
2026-09-17 08:44:00+00:00,4331.44,4370.27,38.83000000000084
2026-09-17 08:45:00+00:00,4330.21,4369.06,38.850000000000364
2026-09-17 08:46:00+00:00,4333.7,4372.66,38.960000000000036
2026-09-17 08:47:00+00:00,4334.98,4374.16,39.18000000000029
2026-09-17 08:48:00+00:00,4332.87,4371.86,38.98999999999978
2026-09-17 08:49:00+00:00,4332.31,4371.26,38.94999999999982
2026-09-17 08:50:00+00:00,4331.17,4370.16,38.98999999999978
2026-09-17 08:51:00+00:00,4331.57,4370.46,38.89000000000033
2026-09-17 08:52:00+00:00,4330.22,4369.01,38.789999999999964
2026-09-17 08:53:00+00:00,4330.01,4368.91,38.899999999999636
2026-09-17 08:54:00+00:00,4327.66,4366.61,38.94999999999982
2026-09-17 08:55:00+00:00,4325.42,4364.41,38.98999999999978
2026-09-17 08:56:00+00:00,4324.35,4363.37,39.01999999999953
2026-09-17 08:57:00+00:00,4325.59,4364.56,38.970000000000255
2026-09-17 08:58:00+00:00,4326.71,4365.67,38.960000000000036
2026-09-17 08:59:00+00:00,4327.27,4366.21,38.9399999999996
2026-09-17 09:00:00+00:00,4327.26,4366.07,38.80999999999949
2026-09-17 09:01:00+00:00,4327.45,4366.37,38.92000000000007
2026-09-17 09:02:00+00:00,4327.43,4366.37,38.9399999999996
2026-09-17 09:03:00+00:00,4326.29,4365.26,38.970000000000255
2026-09-17 09:04:00+00:00,4327.31,4366.21,38.899999999999636
2026-09-17 09:05:00+00:00,4326.46,4365.46,39.0
2026-09-17 09:06:00+00:00,4326.5,4365.46,38.960000000000036
2026-09-17 09:07:00+00:00,4327.49,4366.51,39.02000000000044
2026-09-17 09:08:00+00:00,4327.38,4366.36,38.97999999999956
2026-09-17 09:09:00+00:00,4326.38,4365.41,39.029999999999745
2026-09-17 09:10:00+00:00,4324.94,4364.06,39.1200000000008
2026-09-17 09:11:00+00:00,4323.57,4362.66,39.090000000000146
2026-09-17 09:12:00+00:00,4318.98,4358.02,39.04000000000087
2026-09-17 09:13:00+00:00,4320.26,4359.31,39.05000000000018
2026-09-17 09:14:00+00:00,4320.28,4359.36,39.07999999999993
2026-09-17 09:15:00+00:00,4320.2,4359.26,39.0600000000004
2026-09-17 09:16:00+00:00,4320.59,4359.62,39.029999999999745
2026-09-17 09:17:00+00:00,4318.98,4357.96,38.98000000000047
2026-09-17 09:18:00+00:00,4317.86,4356.87,39.01000000000022
2026-09-17 09:19:00+00:00,4316.69,4355.87,39.18000000000029
2026-09-17 09:20:00+00:00,4316.2,4355.27,39.07000000000062
2026-09-17 09:21:00+00:00,4316.98,4356.07,39.090000000000146
2026-09-17 09:22:00+00:00,4316.33,4355.41,39.07999999999993
2026-09-17 09:23:00+00:00,4315.04,4354.12,39.07999999999993
2026-09-17 09:24:00+00:00,4316.17,4355.27,39.100000000000364
2026-09-17 09:25:00+00:00,4316.08,4355.16,39.07999999999993
2026-09-17 09:26:00+00:00,4316.95,4355.96,39.01000000000022
2026-09-17 09:27:00+00:00,4317.07,4356.21,39.14000000000033
2026-09-17 09:28:00+00:00,4315.33,4354.52,39.19000000000051
2026-09-17 09:29:00+00:00,4316.0,4355.16,39.159999999999854
2026-09-17 09:30:00+00:00,4314.81,4353.76,38.94999999999982
2026-09-17 09:31:00+00:00,4314.31,4353.41,39.099999999999454
2026-09-17 09:32:00+00:00,4312.82,4351.76,38.94000000000051
2026-09-17 09:33:00+00:00,4315.05,4354.06,39.01000000000022
2026-09-17 09:34:00+00:00,4317.64,4356.66,39.01999999999953
2026-09-17 09:35:00+00:00,4317.7,4356.76,39.0600000000004
2026-09-17 09:36:00+00:00,4316.63,4355.56,38.93000000000029
2026-09-17 09:37:00+00:00,4318.53,4357.66,39.13000000000011
2026-09-17 09:38:00+00:00,4317.04,4356.01,38.970000000000255
2026-09-17 09:39:00+00:00,4319.05,4358.06,39.01000000000022
2026-09-17 09:40:00+00:00,4317.86,4356.86,39.0
2026-09-17 09:41:00+00:00,4316.2,4355.17,38.970000000000255
2026-09-17 09:42:00+00:00,4316.55,4355.56,39.01000000000022
2026-09-17 09:43:00+00:00,4314.57,4353.56,38.99000000000069
2026-09-17 09:44:00+00:00,4313.93,4352.96,39.029999999999745
2026-09-17 09:45:00+00:00,4312.37,4351.36,38.98999999999978
2026-09-17 09:46:00+00:00,4311.04,4349.96,38.92000000000007
2026-09-17 09:47:00+00:00,4312.75,4351.77,39.02000000000044
2026-09-17 09:48:00+00:00,4312.41,4351.32,38.909999999999854
2026-09-17 09:49:00+00:00,4311.87,4350.86,38.98999999999978
2026-09-17 09:50:00+00:00,4312.23,4351.16,38.93000000000029
2026-09-17 09:51:00+00:00,4311.29,4350.21,38.92000000000007
2026-09-17 09:52:00+00:00,4311.2,4350.17,38.970000000000255
2026-09-17 09:53:00+00:00,4313.71,4352.77,39.0600000000004
2026-09-17 09:54:00+00:00,4313.06,4352.12,39.05999999999949
2026-09-17 09:55:00+00:00,4311.65,4350.67,39.02000000000044
2026-09-17 09:56:00+00:00,4312.38,4351.41,39.029999999999745
2026-09-17 09:57:00+00:00,4312.63,4351.66,39.029999999999745
2026-09-17 09:58:00+00:00,4311.65,4350.66,39.01000000000022
2026-09-17 09:59:00+00:00,4311.72,4350.66,38.9399999999996
2026-09-17 10:00:00+00:00,4313.9,4352.96,39.0600000000004
2026-09-17 10:01:00+00:00,4314.54,4353.76,39.220000000000255
2026-09-17 10:02:00+00:00,4314.46,4353.52,39.0600000000004
2026-09-17 10:03:00+00:00,4315.37,4354.46,39.090000000000146
2026-09-17 10:04:00+00:00,4314.6,4353.71,39.10999999999967
2026-09-17 10:05:00+00:00,4315.1,4354.27,39.17000000000007
2026-09-17 10:06:00+00:00,4316.09,4355.17,39.07999999999993
2026-09-17 10:07:00+00:00,4316.58,4355.66,39.07999999999993
2026-09-17 10:08:00+00:00,4316.21,4355.31,39.100000000000364
2026-09-17 10:09:00+00:00,4316.69,4355.71,39.02000000000044
2026-09-17 10:10:00+00:00,4318.29,4357.41,39.11999999999989
2026-09-17 10:11:00+00:00,4316.64,4355.76,39.11999999999989
2026-09-17 10:12:00+00:00,4317.52,4356.52,39.0
2026-09-17 10:13:00+00:00,4316.55,4355.67,39.11999999999989
2026-09-17 10:14:00+00:00,4315.89,4354.92,39.029999999999745
2026-09-17 10:15:00+00:00,4314.15,4353.21,39.0600000000004
2026-09-17 10:16:00+00:00,4313.74,4352.66,38.92000000000007
2026-09-17 10:17:00+00:00,4312.85,4351.86,39.00999999999931
2026-09-17 10:18:00+00:00,4313.75,4352.76,39.01000000000022
2026-09-17 10:19:00+00:00,4311.76,4350.87,39.10999999999967
2026-09-17 10:20:00+00:00,4312.06,4351.07,39.00999999999931
2026-09-17 10:21:00+00:00,4312.42,4351.17,38.75
2026-09-17 10:22:00+00:00,4311.45,4350.32,38.86999999999989
2026-09-17 10:23:00+00:00,4311.26,4350.21,38.94999999999982
2026-09-17 10:24:00+00:00,4311.47,4350.56,39.090000000000146
2026-09-17 10:25:00+00:00,4311.97,4350.66,38.6899999999996
2026-09-17 10:26:00+00:00,4308.97,4347.96,38.98999999999978
2026-09-17 10:27:00+00:00,4307.98,4347.01,39.030000000000655
2026-09-17 10:28:00+00:00,4307.15,4346.07,38.92000000000007
2026-09-17 10:29:00+00:00,4306.56,4345.37,38.80999999999949
2026-09-17 10:30:00+00:00,4305.56,4344.36,38.79999999999927
2026-09-17 10:31:00+00:00,4306.62,4345.71,39.090000000000146
2026-09-17 10:32:00+00:00,4308.6,4347.46,38.85999999999967
2026-09-17 10:33:00+00:00,4308.09,4346.96,38.86999999999989
2026-09-17 10:34:00+00:00,4307.77,4346.61,38.839999999999236
2026-09-17 10:35:00+00:00,4307.96,4346.96,39.0
2026-09-17 10:36:00+00:00,4308.63,4347.62,38.98999999999978
2026-09-17 10:37:00+00:00,4308.52,4347.62,39.099999999999454
2026-09-17 10:38:00+00:00,4308.87,4347.96,39.090000000000146
2026-09-17 10:39:00+00:00,4309.0,4348.06,39.0600000000004
2026-09-17 10:40:00+00:00,4310.19,4349.07,38.88000000000011
2026-09-17 10:41:00+00:00,4310.74,4349.71,38.970000000000255
2026-09-17 10:42:00+00:00,4310.41,4349.41,39.0
2026-09-17 10:43:00+00:00,4309.76,4348.71,38.94999999999982
2026-09-17 10:44:00+00:00,4309.21,4348.16,38.94999999999982
2026-09-17 10:45:00+00:00,4308.21,4347.11,38.899999999999636
2026-09-17 10:46:00+00:00,4308.48,4347.36,38.88000000000011
2026-09-17 10:47:00+00:00,4308.13,4346.91,38.779999999999745
2026-09-17 10:48:00+00:00,4307.61,4346.56,38.95000000000073
2026-09-17 10:49:00+00:00,4309.51,4348.52,39.01000000000022
2026-09-17 10:50:00+00:00,4309.74,4348.56,38.82000000000062
2026-09-17 10:51:00+00:00,4310.2,4349.17,38.970000000000255
2026-09-17 10:52:00+00:00,4309.8,4348.81,39.01000000000022
2026-09-17 10:53:00+00:00,4309.42,4348.36,38.9399999999996
2026-09-17 10:54:00+00:00,4310.95,4349.91,38.960000000000036
2026-09-17 10:55:00+00:00,4308.89,4347.86,38.969999999999345
2026-09-17 10:56:00+00:00,4307.15,4346.11,38.960000000000036
2026-09-17 10:57:00+00:00,4306.58,4345.61,39.029999999999745
2026-09-17 10:58:00+00:00,4305.84,4344.71,38.86999999999989
2026-09-17 10:59:00+00:00,4306.24,4345.06,38.82000000000062
2026-09-17 11:00:00+00:00,4306.38,4345.27,38.89000000000033
2026-09-17 11:01:00+00:00,4306.5,4345.36,38.85999999999967
2026-09-17 11:02:00+00:00,4305.83,4344.66,38.82999999999993
2026-09-17 11:03:00+00:00,4308.14,4346.91,38.76999999999953
2026-09-17 11:04:00+00:00,4307.69,4346.66,38.970000000000255
2026-09-17 11:05:00+00:00,4309.35,4348.31,38.960000000000036
2026-09-17 11:06:00+00:00,4310.56,4349.46,38.899999999999636
2026-09-17 11:07:00+00:00,4310.51,4349.66,39.149999999999636
2026-09-17 11:08:00+00:00,4309.26,4348.12,38.85999999999967
2026-09-17 11:09:00+00:00,4309.0,4347.96,38.960000000000036
2026-09-17 11:10:00+00:00,4310.28,4349.32,39.039999999999964
2026-09-17 11:11:00+00:00,4312.1,4351.17,39.06999999999971
2026-09-17 11:12:00+00:00,4311.61,4350.66,39.05000000000018
2026-09-17 11:13:00+00:00,4312.24,4351.26,39.02000000000044
2026-09-17 11:14:00+00:00,4310.19,4349.36,39.17000000000007
2026-09-17 11:15:00+00:00,4310.33,4349.37,39.039999999999964
2026-09-17 11:16:00+00:00,4308.77,4347.96,39.1899999999996
2026-09-17 11:17:00+00:00,4308.7,4347.66,38.960000000000036
2026-09-17 11:18:00+00:00,4309.35,4348.56,39.210000000000036
2026-09-17 11:19:00+00:00,4306.8,4345.77,38.970000000000255
2026-09-17 11:20:00+00:00,4308.56,4347.66,39.099999999999454
2026-09-17 11:21:00+00:00,4308.81,4347.86,39.04999999999927
2026-09-17 11:22:00+00:00,4309.07,4348.16,39.090000000000146
2026-09-17 11:23:00+00:00,4310.13,4349.26,39.13000000000011
2026-09-17 11:24:00+00:00,4313.17,4352.31,39.14000000000033
2026-09-17 11:25:00+00:00,4314.02,4353.16,39.13999999999942
2026-09-17 11:26:00+00:00,4314.18,4353.46,39.279999999999745
2026-09-17 11:27:00+00:00,4314.54,4353.86,39.31999999999971
2026-09-17 11:28:00+00:00,4315.38,4354.66,39.279999999999745
2026-09-17 11:29:00+00:00,4313.48,4352.96,39.48000000000047
2026-09-17 11:30:00+00:00,4314.83,4354.17,39.340000000000146
2026-09-17 11:31:00+00:00,4313.26,4352.57,39.30999999999949
2026-09-17 11:32:00+00:00,4312.92,4352.27,39.350000000000364
2026-09-17 11:33:00+00:00,4313.37,4352.77,39.400000000000546
2026-09-17 11:34:00+00:00,4314.62,4353.96,39.340000000000146
2026-09-17 11:35:00+00:00,4316.37,4355.77,39.400000000000546
2026-09-17 11:36:00+00:00,4317.62,4357.16,39.539999999999964
2026-09-17 11:37:00+00:00,4317.26,4356.77,39.51000000000022
2026-09-17 11:38:00+00:00,4316.94,4356.37,39.43000000000029
2026-09-17 11:39:00+00:00,4316.75,4356.16,39.409999999999854
2026-09-17 11:40:00+00:00,4315.26,4354.66,39.399999999999636
2026-09-17 11:41:00+00:00,4314.84,4354.26,39.42000000000007
2026-09-17 11:42:00+00:00,4315.05,4354.36,39.30999999999949
2026-09-17 11:43:00+00:00,4316.81,4356.21,39.399999999999636
2026-09-17 11:44:00+00:00,4316.41,4355.81,39.400000000000546
2026-09-17 11:45:00+00:00,4316.73,4356.16,39.43000000000029
2026-09-17 11:46:00+00:00,4317.23,4356.67,39.44000000000051
2026-09-17 11:47:00+00:00,4317.53,4356.96,39.43000000000029
2026-09-17 11:48:00+00:00,4318.28,4357.76,39.48000000000047
2026-09-17 11:49:00+00:00,4318.56,4357.96,39.399999999999636
2026-09-17 11:50:00+00:00,4320.39,4359.76,39.36999999999989
2026-09-17 11:51:00+00:00,4322.18,4361.56,39.38000000000011
2026-09-17 11:52:00+00:00,4323.0,4362.37,39.36999999999989
2026-09-17 11:53:00+00:00,4323.39,4362.76,39.36999999999989
2026-09-17 11:54:00+00:00,4321.95,4361.07,39.11999999999989
2026-09-17 11:55:00+00:00,4321.59,4361.02,39.43000000000029
2026-09-17 11:56:00+00:00,4323.75,4363.17,39.42000000000007
2026-09-17 11:57:00+00:00,4324.63,4364.12,39.48999999999978
2026-09-17 11:58:00+00:00,4324.37,4363.91,39.539999999999964
2026-09-17 11:59:00+00:00,4324.16,4363.77,39.61000000000058
2026-09-17 12:00:00+00:00,4326.84,4366.31,39.470000000000255
2026-09-17 12:01:00+00:00,4328.44,4367.96,39.52000000000044
2026-09-17 12:02:00+00:00,4328.29,4367.61,39.31999999999971
2026-09-17 12:03:00+00:00,4329.08,4368.76,39.68000000000029
2026-09-17 12:04:00+00:00,4330.33,4369.86,39.529999999999745
2026-09-17 12:05:00+00:00,4330.17,4369.86,39.6899999999996
2026-09-17 12:06:00+00:00,4329.63,4369.16,39.529999999999745
2026-09-17 12:07:00+00:00,4332.8,4372.26,39.460000000000036
2026-09-17 12:08:00+00:00,4331.69,4371.21,39.52000000000044
2026-09-17 12:09:00+00:00,4336.11,4375.66,39.55000000000018
2026-09-17 12:10:00+00:00,4336.98,4376.51,39.530000000000655
2026-09-17 12:11:00+00:00,4331.35,4370.81,39.460000000000036
2026-09-17 12:12:00+00:00,4331.72,4371.26,39.539999999999964
2026-09-17 12:13:00+00:00,4331.62,4371.21,39.590000000000146
2026-09-17 12:14:00+00:00,4331.98,4371.56,39.58000000000084
2026-09-17 12:15:00+00:00,4333.09,4372.46,39.36999999999989
2026-09-17 12:16:00+00:00,4332.17,4371.76,39.590000000000146
2026-09-17 12:17:00+00:00,4329.6,4369.16,39.55999999999949
2026-09-17 12:18:00+00:00,4328.69,4368.16,39.470000000000255
2026-09-17 12:19:00+00:00,4326.95,4366.61,39.659999999999854
2026-09-17 12:20:00+00:00,4331.5,4371.06,39.5600000000004
2026-09-17 12:21:00+00:00,4332.41,4371.96,39.55000000000018
2026-09-17 12:22:00+00:00,4331.89,4371.42,39.529999999999745
2026-09-17 12:23:00+00:00,4330.11,4369.77,39.660000000000764
2026-09-17 12:24:00+00:00,4328.78,4368.32,39.539999999999964
2026-09-17 12:25:00+00:00,4327.36,4366.96,39.600000000000364
2026-09-17 12:26:00+00:00,4327.54,4367.06,39.52000000000044
2026-09-17 12:27:00+00:00,4326.73,4366.36,39.63000000000011
2026-09-17 12:28:00+00:00,4328.04,4367.26,39.220000000000255
2026-09-17 12:29:00+00:00,4328.41,4367.96,39.55000000000018
2026-09-17 12:30:00+00:00,4327.06,4366.46,39.399999999999636
2026-09-17 12:31:00+00:00,4327.91,4367.37,39.460000000000036
2026-09-17 12:32:00+00:00,4327.72,4367.37,39.649999999999636
2026-09-17 12:33:00+00:00,4326.72,4366.46,39.73999999999978
2026-09-17 12:34:00+00:00,4326.29,4365.77,39.48000000000047
2026-09-17 12:35:00+00:00,4326.61,4366.22,39.61000000000058
2026-09-17 12:36:00+00:00,4326.47,4366.07,39.599999999999454
2026-09-17 12:37:00+00:00,4325.21,4364.76,39.55000000000018
2026-09-17 12:38:00+00:00,4324.94,4364.41,39.470000000000255
2026-09-17 12:39:00+00:00,4325.89,4365.37,39.47999999999956
2026-09-17 12:40:00+00:00,4323.62,4363.11,39.48999999999978
2026-09-17 12:41:00+00:00,4323.74,4363.27,39.530000000000655
2026-09-17 12:42:00+00:00,4325.03,4364.61,39.57999999999993
2026-09-17 12:43:00+00:00,4326.21,4365.77,39.5600000000004
2026-09-17 12:44:00+00:00,4324.99,4364.51,39.52000000000044
2026-09-17 12:45:00+00:00,4326.79,4366.36,39.56999999999971
2026-09-17 12:46:00+00:00,4327.5,4367.07,39.56999999999971
2026-09-17 12:47:00+00:00,4331.01,4370.41,39.399999999999636
2026-09-17 12:48:00+00:00,4332.01,4371.51,39.5
2026-09-17 12:49:00+00:00,4332.71,4372.26,39.55000000000018
2026-09-17 12:50:00+00:00,4335.31,4374.91,39.599999999999454
2026-09-17 12:51:00+00:00,4338.6,4378.21,39.60999999999967
2026-09-17 12:52:00+00:00,4337.7,4377.06,39.36000000000058
2026-09-17 12:53:00+00:00,4340.03,4379.61,39.57999999999993
2026-09-17 12:54:00+00:00,4340.58,4380.26,39.68000000000029
2026-09-17 12:55:00+00:00,4342.33,4382.01,39.68000000000029
2026-09-17 12:56:00+00:00,4341.65,4381.16,39.51000000000022
2026-09-17 12:57:00+00:00,4346.22,4386.26,40.039999999999964
2026-09-17 12:58:00+00:00,4349.56,4389.66,40.099999999999454
2026-09-17 12:59:00+00:00,4349.92,4389.81,39.89000000000033
2026-09-17 13:00:00+00:00,4352.64,4392.66,40.01999999999953
2026-09-17 13:01:00+00:00,4349.21,4389.46,40.25
2026-09-17 13:02:00+00:00,4348.43,4388.41,39.97999999999956
2026-09-17 13:03:00+00:00,4344.53,4384.01,39.48000000000047
2026-09-17 13:04:00+00:00,4345.6,4385.91,40.30999999999949
2026-09-17 13:05:00+00:00,4349.42,4389.71,40.289999999999964
2026-09-17 13:06:00+00:00,4347.54,4387.76,40.220000000000255
2026-09-17 13:07:00+00:00,4347.41,4387.71,40.30000000000018
2026-09-17 13:08:00+00:00,4350.28,4390.56,40.280000000000655
2026-09-17 13:09:00+00:00,4353.07,4393.56,40.49000000000069
2026-09-17 13:10:00+00:00,4351.23,4391.51,40.280000000000655
2026-09-17 13:11:00+00:00,4353.97,4394.26,40.289999999999964
2026-09-17 13:12:00+00:00,4352.98,4393.51,40.530000000000655
2026-09-17 13:13:00+00:00,4354.1,4394.46,40.35999999999967
2026-09-17 13:14:00+00:00,4354.62,4394.96,40.340000000000146
2026-09-17 13:15:00+00:00,4356.08,4396.46,40.38000000000011
2026-09-17 13:16:00+00:00,4359.87,4400.11,40.23999999999978
2026-09-17 13:17:00+00:00,4360.33,4400.76,40.43000000000029
2026-09-17 13:18:00+00:00,4364.01,4404.46,40.44999999999982
2026-09-17 13:19:00+00:00,4365.53,4405.76,40.23000000000047
2026-09-17 13:20:00+00:00,4364.48,4404.66,40.18000000000029
2026-09-17 13:21:00+00:00,4372.54,4412.06,39.52000000000044
2026-09-17 13:22:00+00:00,4372.32,4412.76,40.44000000000051
2026-09-17 13:23:00+00:00,4373.04,4413.31,40.27000000000044
2026-09-17 13:24:00+00:00,4368.71,4408.96,40.25
2026-09-17 13:25:00+00:00,4370.17,4410.56,40.39000000000033
2026-09-17 13:26:00+00:00,4374.08,4413.61,39.529999999999745
2026-09-17 13:27:00+00:00,4380.2,4419.76,39.5600000000004
2026-09-17 13:28:00+00:00,4379.03,4419.66,40.63000000000011
2026-09-17 13:29:00+00:00,4381.22,4421.66,40.4399999999996
2026-09-17 13:30:00+00:00,4375.42,4415.91,40.48999999999978
2026-09-17 13:31:00+00:00,4370.67,4411.01,40.340000000000146
2026-09-17 13:32:00+00:00,4369.28,4409.86,40.57999999999993
2026-09-17 13:33:00+00:00,4371.6,4412.11,40.50999999999931
2026-09-17 13:34:00+00:00,4370.15,4410.86,40.710000000000036
2026-09-17 13:35:00+00:00,4366.56,4407.16,40.599999999999454
2026-09-17 13:36:00+00:00,4364.75,4405.16,40.409999999999854
2026-09-17 13:37:00+00:00,4366.23,4406.96,40.73000000000047
2026-09-17 13:38:00+00:00,4366.4,4407.26,40.86000000000058
2026-09-17 13:39:00+00:00,4369.53,4410.11,40.57999999999993
2026-09-17 13:40:00+00:00,4367.3,4407.56,40.26000000000022
2026-09-17 13:41:00+00:00,4368.27,4408.66,40.38999999999942
2026-09-17 13:42:00+00:00,4364.82,4405.36,40.539999999999964
2026-09-17 13:43:00+00:00,4363.61,4404.06,40.45000000000073
2026-09-17 13:44:00+00:00,4360.55,4400.91,40.35999999999967
2026-09-17 13:45:00+00:00,4360.93,4401.46,40.529999999999745
2026-09-17 13:46:00+00:00,4361.84,4402.26,40.42000000000007
2026-09-17 13:47:00+00:00,4361.56,4401.86,40.29999999999927
2026-09-17 13:48:00+00:00,4363.95,4404.36,40.409999999999854
2026-09-17 13:49:00+00:00,4366.49,4406.66,40.17000000000007
2026-09-17 13:50:00+00:00,4367.82,4408.06,40.24000000000069
2026-09-17 13:51:00+00:00,4370.73,4411.06,40.33000000000084
2026-09-17 13:52:00+00:00,4372.33,4412.61,40.279999999999745
2026-09-17 13:53:00+00:00,4374.36,4414.56,40.20000000000073
2026-09-17 13:54:00+00:00,4374.03,4414.51,40.48000000000047
2026-09-17 13:55:00+00:00,4372.29,4412.56,40.27000000000044
2026-09-17 13:56:00+00:00,4371.47,4411.76,40.289999999999964
2026-09-17 13:57:00+00:00,4372.15,4412.46,40.3100000000004
2026-09-17 13:58:00+00:00,4372.48,4413.36,40.88000000000011
2026-09-17 13:59:00+00:00,4373.29,4413.76,40.470000000000255
2026-09-17 14:00:00+00:00,4373.83,4414.21,40.38000000000011
2026-09-17 14:01:00+00:00,4367.92,4408.11,40.1899999999996
2026-09-17 14:02:00+00:00,4367.06,4407.16,40.099999999999454
2026-09-17 14:03:00+00:00,4369.61,4409.81,40.20000000000073
2026-09-17 14:04:00+00:00,4366.27,4406.36,40.089999999999236
2026-09-17 14:05:00+00:00,4365.1,4405.06,39.960000000000036
2026-09-17 14:06:00+00:00,4368.04,4408.16,40.11999999999989
2026-09-17 14:07:00+00:00,4367.72,4407.96,40.23999999999978
2026-09-17 14:08:00+00:00,4369.54,4410.16,40.61999999999989
2026-09-17 14:09:00+00:00,4366.02,4406.41,40.38999999999942
2026-09-17 14:10:00+00:00,4362.87,4403.06,40.19000000000051
2026-09-17 14:11:00+00:00,4364.22,4404.61,40.38999999999942
2026-09-17 14:12:00+00:00,4361.93,4402.31,40.38000000000011
2026-09-17 14:13:00+00:00,4360.56,4400.91,40.349999999999454
2026-09-17 14:14:00+00:00,4366.27,4406.56,40.289999999999964
2026-09-17 14:15:00+00:00,4370.08,4410.51,40.43000000000029
2026-09-17 14:16:00+00:00,4371.29,4411.41,40.11999999999989
2026-09-17 14:17:00+00:00,4371.48,4411.71,40.23000000000047
2026-09-17 14:18:00+00:00,4373.68,4413.96,40.279999999999745
2026-09-17 14:19:00+00:00,4372.55,4412.86,40.30999999999949
2026-09-17 14:20:00+00:00,4373.74,4414.16,40.42000000000007
2026-09-17 14:21:00+00:00,4373.67,4414.11,40.4399999999996
2026-09-17 14:22:00+00:00,4372.09,4412.56,40.470000000000255
2026-09-17 14:23:00+00:00,4368.5,4408.86,40.35999999999967
2026-09-17 14:24:00+00:00,4367.01,4407.26,40.25
2026-09-17 14:25:00+00:00,4367.36,4407.91,40.55000000000018
2026-09-17 14:26:00+00:00,4367.72,4408.11,40.38999999999942
2026-09-17 14:27:00+00:00,4366.39,4406.81,40.42000000000007
2026-09-17 14:28:00+00:00,4366.19,4406.51,40.32000000000062
2026-09-17 14:29:00+00:00,4367.01,4407.36,40.349999999999454
2026-09-17 14:30:00+00:00,4369.24,4409.76,40.52000000000044
2026-09-17 14:31:00+00:00,4363.73,4404.16,40.43000000000029
2026-09-17 14:32:00+00:00,4366.85,4407.16,40.30999999999949
2026-09-17 14:33:00+00:00,4367.39,4407.76,40.36999999999989
2026-09-17 14:34:00+00:00,4371.81,4412.46,40.649999999999636
2026-09-17 14:35:00+00:00,4370.64,4410.91,40.26999999999953
2026-09-17 14:36:00+00:00,4367.35,4407.91,40.55999999999949
2026-09-17 14:37:00+00:00,4366.12,4406.76,40.64000000000033
2026-09-17 14:38:00+00:00,4363.28,4403.61,40.32999999999993
2026-09-17 14:39:00+00:00,4361.48,4402.06,40.58000000000084
2026-09-17 14:40:00+00:00,4362.3,4402.66,40.35999999999967
2026-09-17 14:41:00+00:00,4358.87,4399.56,40.69000000000051
2026-09-17 14:42:00+00:00,4360.16,4400.56,40.400000000000546
2026-09-17 14:43:00+00:00,4359.85,4400.11,40.25999999999931
2026-09-17 14:44:00+00:00,4358.27,4398.86,40.589999999999236
2026-09-17 14:45:00+00:00,4358.77,4399.31,40.539999999999964
2026-09-17 14:46:00+00:00,4364.38,4404.96,40.57999999999993
2026-09-17 14:47:00+00:00,4367.56,4408.16,40.599999999999454
2026-09-17 14:48:00+00:00,4366.15,4406.66,40.51000000000022
2026-09-17 14:49:00+00:00,4367.45,4408.11,40.659999999999854
2026-09-17 14:50:00+00:00,4369.87,4410.46,40.590000000000146
2026-09-17 14:51:00+00:00,4368.94,4409.56,40.6200000000008
2026-09-17 14:52:00+00:00,4367.9,4408.46,40.5600000000004
2026-09-17 14:53:00+00:00,4368.01,4408.56,40.55000000000018
2026-09-17 14:54:00+00:00,4366.38,4407.01,40.63000000000011
2026-09-17 14:55:00+00:00,4367.17,4407.86,40.6899999999996
2026-09-17 14:56:00+00:00,4368.74,4409.36,40.61999999999989
2026-09-17 14:57:00+00:00,4366.15,4407.21,41.0600000000004
2026-09-17 14:58:00+00:00,4366.31,4406.76,40.44999999999982
2026-09-17 14:59:00+00:00,4366.74,4407.41,40.67000000000007
2026-09-17 15:00:00+00:00,4365.45,4406.06,40.61000000000058
2026-09-17 15:01:00+00:00,4368.19,4408.86,40.67000000000007
2026-09-17 15:02:00+00:00,4368.81,4409.46,40.649999999999636
2026-09-17 15:03:00+00:00,4370.04,4410.61,40.56999999999971
2026-09-17 15:04:00+00:00,4369.34,4409.96,40.61999999999989
2026-09-17 15:05:00+00:00,4369.46,4409.96,40.5
2026-09-17 15:06:00+00:00,4375.5,4416.36,40.85999999999967
2026-09-17 15:07:00+00:00,4374.94,4415.66,40.720000000000255
2026-09-17 15:08:00+00:00,4378.21,4418.96,40.75
2026-09-17 15:09:00+00:00,4377.22,4417.96,40.73999999999978
2026-09-17 15:10:00+00:00,4375.93,4416.76,40.82999999999993
2026-09-17 15:11:00+00:00,4373.0,4413.71,40.710000000000036
2026-09-17 15:12:00+00:00,4369.74,4410.41,40.67000000000007
2026-09-17 15:13:00+00:00,4371.7,4412.36,40.659999999999854
2026-09-17 15:14:00+00:00,4371.74,4412.46,40.720000000000255
2026-09-17 15:15:00+00:00,4369.67,4410.81,41.14000000000033
2026-09-17 15:16:00+00:00,4369.41,4410.16,40.75
2026-09-17 15:17:00+00:00,4368.33,4408.56,40.23000000000047
2026-09-17 15:18:00+00:00,4367.63,4408.36,40.72999999999956
2026-09-17 15:19:00+00:00,4368.95,4409.76,40.8100000000004
2026-09-17 15:20:00+00:00,4366.12,4406.46,40.340000000000146
2026-09-17 15:21:00+00:00,4367.52,4407.96,40.4399999999996
2026-09-17 15:22:00+00:00,4368.82,4409.46,40.64000000000033
2026-09-17 15:23:00+00:00,4370.21,4410.86,40.649999999999636
2026-09-17 15:24:00+00:00,4369.76,4410.26,40.5
2026-09-17 15:25:00+00:00,4370.51,4411.06,40.55000000000018
2026-09-17 15:26:00+00:00,4372.16,4412.86,40.69999999999982
2026-09-17 15:27:00+00:00,4369.48,4410.06,40.58000000000084
2026-09-17 15:28:00+00:00,4367.6,4408.16,40.55999999999949
2026-09-17 15:29:00+00:00,4366.89,4407.46,40.56999999999971
2026-09-17 15:30:00+00:00,4367.26,4407.86,40.599999999999454
2026-09-17 15:31:00+00:00,4365.38,4405.96,40.57999999999993
2026-09-17 15:32:00+00:00,4364.16,4404.76,40.600000000000364
2026-09-17 15:33:00+00:00,4365.18,4405.76,40.57999999999993
2026-09-17 15:34:00+00:00,4366.88,4407.46,40.57999999999993
2026-09-17 15:35:00+00:00,4366.94,4407.46,40.52000000000044
2026-09-17 15:36:00+00:00,4366.07,4406.56,40.49000000000069
2026-09-17 15:37:00+00:00,4365.17,4405.61,40.4399999999996
2026-09-17 15:38:00+00:00,4363.05,4403.46,40.409999999999854
2026-09-17 15:39:00+00:00,4361.2,4401.56,40.36000000000058
2026-09-17 15:40:00+00:00,4363.6,4404.26,40.659999999999854
2026-09-17 15:41:00+00:00,4363.25,4404.16,40.909999999999854
2026-09-17 15:42:00+00:00,4361.79,4402.56,40.77000000000044
2026-09-17 15:43:00+00:00,4359.55,4400.26,40.710000000000036
2026-09-17 15:44:00+00:00,4361.09,4401.66,40.56999999999971
2026-09-17 15:45:00+00:00,4363.68,4404.31,40.63000000000011
2026-09-17 15:46:00+00:00,4361.61,4402.26,40.650000000000546
2026-09-17 15:47:00+00:00,4359.53,4400.06,40.530000000000655
2026-09-17 15:48:00+00:00,4359.4,4400.01,40.61000000000058
2026-09-17 15:49:00+00:00,4361.42,4402.06,40.64000000000033
2026-09-17 15:50:00+00:00,4359.55,4400.16,40.60999999999967
2026-09-17 15:51:00+00:00,4361.14,4401.76,40.61999999999989
2026-09-17 15:52:00+00:00,4359.9,4400.56,40.660000000000764
2026-09-17 15:53:00+00:00,4355.95,4396.66,40.710000000000036
2026-09-17 15:54:00+00:00,4357.11,4397.71,40.600000000000364
2026-09-17 15:55:00+00:00,4355.81,4396.26,40.44999999999982
2026-09-17 15:56:00+00:00,4354.53,4394.96,40.43000000000029
2026-09-17 15:57:00+00:00,4353.61,4393.96,40.350000000000364
2026-09-17 15:58:00+00:00,4352.79,4393.06,40.27000000000044
2026-09-17 15:59:00+00:00,4354.06,4394.41,40.349999999999454
2026-09-17 16:00:00+00:00,4353.96,4394.36,40.399999999999636
2026-09-17 16:01:00+00:00,4351.83,4392.16,40.32999999999993
2026-09-17 16:02:00+00:00,4354.73,4394.86,40.13000000000011
2026-09-17 16:03:00+00:00,4356.86,4397.21,40.350000000000364
2026-09-17 16:04:00+00:00,4355.83,4396.16,40.32999999999993
2026-09-17 16:05:00+00:00,4356.89,4397.16,40.26999999999953
2026-09-17 16:06:00+00:00,4357.34,4397.61,40.26999999999953
2026-09-17 16:07:00+00:00,4358.08,4398.41,40.32999999999993
2026-09-17 16:08:00+00:00,4357.33,4397.61,40.279999999999745
2026-09-17 16:09:00+00:00,4356.44,4396.86,40.42000000000007
2026-09-17 16:10:00+00:00,4355.31,4395.67,40.35999999999967
2026-09-17 16:11:00+00:00,4354.7,4394.96,40.26000000000022
2026-09-17 16:12:00+00:00,4355.58,4395.96,40.38000000000011
2026-09-17 16:13:00+00:00,4360.94,4401.46,40.52000000000044
2026-09-17 16:14:00+00:00,4361.87,4402.31,40.44000000000051
2026-09-17 16:15:00+00:00,4361.77,4402.16,40.38999999999942
2026-09-17 16:16:00+00:00,4363.0,4403.41,40.409999999999854
2026-09-17 16:17:00+00:00,4364.42,4404.87,40.44999999999982
2026-09-17 16:18:00+00:00,4363.92,4404.42,40.5
2026-09-17 16:19:00+00:00,4363.26,4403.67,40.409999999999854
2026-09-17 16:20:00+00:00,4361.33,4401.87,40.539999999999964
2026-09-17 16:21:00+00:00,4361.65,4402.17,40.52000000000044
2026-09-17 16:22:00+00:00,4361.79,4402.27,40.48000000000047
2026-09-17 16:23:00+00:00,4361.37,4401.96,40.590000000000146
2026-09-17 16:24:00+00:00,4359.66,4400.16,40.5
2026-09-17 16:25:00+00:00,4360.13,4401.31,41.18000000000029
2026-09-17 16:26:00+00:00,4356.99,4397.46,40.470000000000255
2026-09-17 16:27:00+00:00,4357.18,4397.71,40.529999999999745
2026-09-17 16:28:00+00:00,4358.37,4398.86,40.48999999999978
2026-09-17 16:29:00+00:00,4358.2,4398.71,40.51000000000022
2026-09-17 16:30:00+00:00,4357.99,4398.41,40.42000000000007
2026-09-17 16:31:00+00:00,4358.41,4399.06,40.650000000000546
2026-09-17 16:32:00+00:00,4355.86,4396.36,40.5
2026-09-17 16:33:00+00:00,4356.24,4396.96,40.720000000000255
2026-09-17 16:34:00+00:00,4358.83,4399.36,40.529999999999745
2026-09-17 16:35:00+00:00,4360.99,4401.56,40.57000000000062
2026-09-17 16:36:00+00:00,4362.21,4402.67,40.460000000000036
2026-09-17 16:37:00+00:00,4363.03,4403.27,40.24000000000069
2026-09-17 16:38:00+00:00,4362.93,4403.17,40.23999999999978
2026-09-17 16:39:00+00:00,4362.68,4402.87,40.1899999999996
2026-09-17 16:40:00+00:00,4364.52,4404.61,40.089999999999236
2026-09-17 16:41:00+00:00,4364.87,4404.42,39.55000000000018
2026-09-17 16:42:00+00:00,4364.26,4404.27,40.01000000000022
2026-09-17 16:43:00+00:00,4365.15,4405.16,40.01000000000022
2026-09-17 16:44:00+00:00,4365.81,4405.86,40.04999999999927
2026-09-17 16:45:00+00:00,4366.04,4406.11,40.06999999999971
2026-09-17 16:46:00+00:00,4365.89,4405.76,39.86999999999989
2026-09-17 16:47:00+00:00,4364.64,4404.51,39.86999999999989
2026-09-17 16:48:00+00:00,4365.32,4405.11,39.789999999999964
2026-09-17 16:49:00+00:00,4365.35,4405.76,40.409999999999854
2026-09-17 16:50:00+00:00,4364.73,4404.66,39.93000000000029
2026-09-17 16:51:00+00:00,4366.24,4406.06,39.82000000000062
2026-09-17 16:52:00+00:00,4367.57,4407.46,39.89000000000033
2026-09-17 16:53:00+00:00,4365.95,4405.86,39.909999999999854
2026-09-17 16:54:00+00:00,4366.73,4406.46,39.73000000000047
2026-09-17 16:55:00+00:00,4366.88,4406.66,39.779999999999745
2026-09-17 16:56:00+00:00,4366.7,4406.46,39.76000000000022
2026-09-17 16:57:00+00:00,4366.94,4406.76,39.82000000000062
2026-09-17 16:58:00+00:00,4368.82,4408.62,39.80000000000018
2026-09-17 16:59:00+00:00,4370.1,4409.96,39.85999999999967
2026-09-17 17:00:00+00:00,4371.72,4411.51,39.789999999999964
2026-09-17 17:01:00+00:00,4371.9,4411.66,39.76000000000022
2026-09-17 17:02:00+00:00,4371.46,4411.21,39.75
2026-09-17 17:03:00+00:00,4370.49,4410.11,39.61999999999989
2026-09-17 17:04:00+00:00,4369.92,4409.56,39.64000000000033
2026-09-17 17:05:00+00:00,4370.53,4410.01,39.48000000000047
2026-09-17 17:06:00+00:00,4369.73,4409.32,39.590000000000146
2026-09-17 17:07:00+00:00,4369.48,4409.06,39.58000000000084
2026-09-17 17:08:00+00:00,4367.94,4407.46,39.52000000000044
2026-09-17 17:09:00+00:00,4369.83,4409.32,39.48999999999978
2026-09-17 17:10:00+00:00,4369.11,4408.61,39.5
2026-09-17 17:11:00+00:00,4368.73,4408.06,39.33000000000084
2026-09-17 17:12:00+00:00,4369.51,4409.16,39.649999999999636
2026-09-17 17:13:00+00:00,4368.09,4407.57,39.47999999999956
2026-09-17 17:14:00+00:00,4368.22,4407.67,39.44999999999982
2026-09-17 17:15:00+00:00,4368.04,4407.56,39.52000000000044
2026-09-17 17:16:00+00:00,4367.48,4406.92,39.44000000000051
2026-09-17 17:17:00+00:00,4367.52,4407.02,39.5
2026-09-17 17:18:00+00:00,4367.46,4406.91,39.44999999999982
2026-09-17 17:19:00+00:00,4367.3,4406.76,39.460000000000036
2026-09-17 17:20:00+00:00,4366.91,4406.37,39.460000000000036
2026-09-17 17:21:00+00:00,4366.61,4406.06,39.45000000000073
2026-09-17 17:22:00+00:00,4367.17,4406.66,39.48999999999978
2026-09-17 17:23:00+00:00,4367.73,4407.16,39.43000000000029
2026-09-17 17:24:00+00:00,4367.73,4407.27,39.54000000000087
2026-09-17 17:25:00+00:00,4365.07,4404.62,39.55000000000018
2026-09-17 17:26:00+00:00,4365.93,4405.46,39.529999999999745
2026-09-17 17:27:00+00:00,4365.17,4404.86,39.6899999999996
2026-09-17 17:28:00+00:00,4367.03,4406.61,39.57999999999993
2026-09-17 17:29:00+00:00,4367.66,4407.42,39.76000000000022
2026-09-17 17:30:00+00:00,4366.52,4406.06,39.539999999999964
2026-09-17 17:31:00+00:00,4363.93,4403.46,39.529999999999745
2026-09-17 17:32:00+00:00,4361.88,4401.37,39.48999999999978
2026-09-17 17:33:00+00:00,4360.01,4399.52,39.51000000000022
2026-09-17 17:34:00+00:00,4358.81,4398.26,39.44999999999982
2026-09-17 17:35:00+00:00,4359.03,4398.51,39.48000000000047
2026-09-17 17:36:00+00:00,4360.38,4399.86,39.47999999999956
2026-09-17 17:37:00+00:00,4360.43,4399.96,39.529999999999745
2026-09-17 17:38:00+00:00,4359.34,4398.77,39.43000000000029
2026-09-17 17:39:00+00:00,4360.25,4399.67,39.42000000000007
2026-09-17 17:40:00+00:00,4360.25,4399.71,39.460000000000036
2026-09-17 17:41:00+00:00,4360.19,4399.71,39.52000000000044
2026-09-17 17:42:00+00:00,4358.23,4397.66,39.43000000000029
2026-09-17 17:43:00+00:00,4358.44,4397.91,39.470000000000255
2026-09-17 17:44:00+00:00,4360.04,4399.51,39.470000000000255
2026-09-17 17:45:00+00:00,4361.32,4400.76,39.44000000000051
2026-09-17 17:46:00+00:00,4360.79,4400.31,39.52000000000044
2026-09-17 17:47:00+00:00,4361.01,4400.46,39.44999999999982
2026-09-17 17:48:00+00:00,4358.87,4398.37,39.5
2026-09-17 17:49:00+00:00,4358.08,4397.52,39.44000000000051
2026-09-17 17:50:00+00:00,4356.71,4396.12,39.409999999999854
2026-09-17 17:51:00+00:00,4356.95,4396.36,39.409999999999854
2026-09-17 17:52:00+00:00,4359.57,4398.96,39.39000000000033
2026-09-17 17:53:00+00:00,4360.78,4400.26,39.48000000000047
2026-09-17 17:54:00+00:00,4360.42,4399.91,39.48999999999978
2026-09-17 17:55:00+00:00,4357.44,4397.06,39.6200000000008
2026-09-17 17:56:00+00:00,4359.16,4398.86,39.69999999999982
2026-09-17 17:57:00+00:00,4360.44,4400.11,39.67000000000007
2026-09-17 17:58:00+00:00,4360.91,4400.46,39.55000000000018
2026-09-17 17:59:00+00:00,4362.37,4401.91,39.539999999999964
2026-09-17 18:00:00+00:00,4364.56,4404.16,39.599999999999454
2026-09-17 18:01:00+00:00,4362.45,4402.21,39.76000000000022
2026-09-17 18:02:00+00:00,4358.66,4398.21,39.55000000000018
2026-09-17 18:03:00+00:00,4359.76,4399.31,39.55000000000018
2026-09-17 18:04:00+00:00,4362.5,4402.06,39.5600000000004
2026-09-17 18:05:00+00:00,4363.11,4402.81,39.70000000000073
2026-09-17 18:06:00+00:00,4364.89,4404.62,39.72999999999956
2026-09-17 18:07:00+00:00,4365.46,4405.21,39.75
2026-09-17 18:08:00+00:00,4363.89,4403.56,39.67000000000007
2026-09-17 18:09:00+00:00,4363.8,4403.52,39.720000000000255
2026-09-17 18:10:00+00:00,4362.85,4402.51,39.659999999999854
2026-09-17 18:11:00+00:00,4362.48,4402.21,39.73000000000047
2026-09-17 18:12:00+00:00,4361.03,4400.71,39.68000000000029
2026-09-17 18:13:00+00:00,4363.26,4402.91,39.649999999999636
2026-09-17 18:14:00+00:00,4361.95,4401.67,39.720000000000255
2026-09-17 18:15:00+00:00,4362.54,4402.21,39.67000000000007
2026-09-17 18:16:00+00:00,4359.88,4399.71,39.82999999999993
2026-09-17 18:17:00+00:00,4360.33,4399.96,39.63000000000011
2026-09-17 18:18:00+00:00,4359.98,4399.61,39.63000000000011
2026-09-17 18:19:00+00:00,4360.37,4400.01,39.64000000000033
2026-09-17 18:20:00+00:00,4361.71,4401.52,39.8100000000004
2026-09-17 18:21:00+00:00,4360.81,4400.46,39.649999999999636
2026-09-17 18:22:00+00:00,4360.62,4400.26,39.64000000000033
2026-09-17 18:23:00+00:00,4358.81,4398.41,39.599999999999454
2026-09-17 18:24:00+00:00,4360.03,4399.62,39.590000000000146
2026-09-17 18:25:00+00:00,4362.19,4401.87,39.68000000000029
2026-09-17 18:26:00+00:00,4361.35,4401.07,39.719999999999345
2026-09-17 18:27:00+00:00,4361.09,4400.76,39.67000000000007
2026-09-17 18:28:00+00:00,4359.85,4399.42,39.56999999999971
2026-09-17 18:29:00+00:00,4360.55,4400.27,39.720000000000255
2026-09-17 18:30:00+00:00,4361.41,4401.06,39.650000000000546
2026-09-17 18:31:00+00:00,4361.46,4401.12,39.659999999999854
2026-09-17 18:32:00+00:00,4361.97,4401.62,39.649999999999636
2026-09-17 18:33:00+00:00,4361.24,4400.91,39.67000000000007
2026-09-17 18:34:00+00:00,4362.24,4401.96,39.720000000000255
2026-09-17 18:35:00+00:00,4362.61,4402.37,39.76000000000022
2026-09-17 18:36:00+00:00,4361.94,4401.56,39.6200000000008
2026-09-17 18:37:00+00:00,4359.75,4399.31,39.5600000000004
2026-09-17 18:38:00+00:00,4359.22,4398.71,39.48999999999978
2026-09-17 18:39:00+00:00,4358.16,4397.71,39.55000000000018
2026-09-17 18:40:00+00:00,4359.31,4398.86,39.54999999999927
2026-09-17 18:41:00+00:00,4359.63,4399.21,39.57999999999993
2026-09-17 18:42:00+00:00,4360.32,4399.87,39.55000000000018
2026-09-17 18:43:00+00:00,4360.22,4399.77,39.55000000000018
2026-09-17 18:44:00+00:00,4360.51,4400.12,39.60999999999967
2026-09-17 18:45:00+00:00,4359.89,4399.46,39.56999999999971
2026-09-17 18:46:00+00:00,4360.32,4400.06,39.74000000000069
2026-09-17 18:47:00+00:00,4360.6,4400.21,39.60999999999967
2026-09-17 18:48:00+00:00,4359.57,4399.06,39.49000000000069
2026-09-17 18:49:00+00:00,4359.49,4399.06,39.57000000000062
2026-09-17 18:50:00+00:00,4359.74,4399.46,39.720000000000255
2026-09-17 18:51:00+00:00,4361.32,4400.96,39.64000000000033
2026-09-17 18:52:00+00:00,4360.38,4399.87,39.48999999999978
2026-09-17 18:53:00+00:00,4360.63,4400.16,39.529999999999745
2026-09-17 18:54:00+00:00,4360.51,4400.01,39.5
2026-09-17 18:55:00+00:00,4360.56,4400.06,39.5
2026-09-17 18:56:00+00:00,4360.43,4400.01,39.57999999999993
2026-09-17 18:57:00+00:00,4360.6,4400.06,39.460000000000036
2026-09-17 18:58:00+00:00,4360.67,4400.16,39.48999999999978
2026-09-17 18:59:00+00:00,4361.31,4400.87,39.55999999999949
2026-09-17 19:00:00+00:00,4360.9,4400.56,39.660000000000764
2026-09-17 19:01:00+00:00,4361.04,4400.66,39.61999999999989
2026-09-17 19:02:00+00:00,4360.3,4399.86,39.55999999999949
2026-09-17 19:03:00+00:00,4362.14,4401.66,39.51999999999953
2026-09-17 19:04:00+00:00,4363.35,4402.96,39.60999999999967
2026-09-17 19:05:00+00:00,4363.96,4403.61,39.649999999999636
2026-09-17 19:06:00+00:00,4362.55,4402.21,39.659999999999854
2026-09-17 19:07:00+00:00,4361.89,4401.67,39.779999999999745
2026-09-17 19:08:00+00:00,4362.71,4402.46,39.75
2026-09-17 19:09:00+00:00,4362.11,4402.01,39.900000000000546
2026-09-17 19:10:00+00:00,4362.41,4402.26,39.850000000000364
2026-09-17 19:11:00+00:00,4363.2,4403.06,39.86000000000058
2026-09-17 19:12:00+00:00,4364.73,4404.56,39.83000000000084
2026-09-17 19:13:00+00:00,4364.86,4404.81,39.95000000000073
2026-09-17 19:14:00+00:00,4364.73,4404.66,39.93000000000029
2026-09-17 19:15:00+00:00,4365.49,4405.36,39.86999999999989
2026-09-17 19:16:00+00:00,4363.95,4403.86,39.909999999999854
2026-09-17 19:17:00+00:00,4363.55,4403.36,39.80999999999949
2026-09-17 19:18:00+00:00,4361.74,4401.61,39.86999999999989
2026-09-17 19:19:00+00:00,4361.06,4400.86,39.79999999999927
2026-09-17 19:20:00+00:00,4360.69,4400.51,39.82000000000062
2026-09-17 19:21:00+00:00,4358.72,4398.56,39.840000000000146
2026-09-17 19:22:00+00:00,4358.24,4398.01,39.77000000000044
2026-09-17 19:23:00+00:00,4357.85,4397.66,39.80999999999949
2026-09-17 19:24:00+00:00,4357.75,4397.56,39.8100000000004
2026-09-17 19:25:00+00:00,4357.62,4397.36,39.73999999999978
2026-09-17 19:26:00+00:00,4358.32,4398.21,39.89000000000033
2026-09-17 19:27:00+00:00,4358.21,4398.06,39.850000000000364
2026-09-17 19:28:00+00:00,4357.89,4397.66,39.76999999999953
2026-09-17 19:29:00+00:00,4356.31,4396.06,39.75
2026-09-17 19:30:00+00:00,4353.28,4393.11,39.82999999999993
2026-09-17 19:31:00+00:00,4353.66,4393.36,39.69999999999982
2026-09-17 19:32:00+00:00,4353.34,4393.02,39.68000000000029
2026-09-17 19:33:00+00:00,4351.28,4390.96,39.68000000000029
2026-09-17 19:34:00+00:00,4349.74,4389.37,39.63000000000011
2026-09-17 19:35:00+00:00,4348.78,4388.37,39.590000000000146
2026-09-17 19:36:00+00:00,4349.38,4389.06,39.68000000000029
2026-09-17 19:37:00+00:00,4350.41,4389.91,39.5
2026-09-17 19:38:00+00:00,4351.42,4390.96,39.539999999999964
2026-09-17 19:39:00+00:00,4351.59,4391.02,39.43000000000029
2026-09-17 19:40:00+00:00,4352.34,4391.77,39.43000000000029
2026-09-17 19:41:00+00:00,4352.49,4391.86,39.36999999999989
2026-09-17 19:42:00+00:00,4351.71,4391.02,39.3100000000004
2026-09-17 19:43:00+00:00,4352.69,4392.16,39.470000000000255
2026-09-17 19:44:00+00:00,4352.19,4391.56,39.3700000000008
2026-09-17 19:45:00+00:00,4352.0,4391.42,39.42000000000007
2026-09-17 19:46:00+00:00,4351.37,4390.81,39.44000000000051
2026-09-17 19:47:00+00:00,4350.98,4390.41,39.43000000000029
2026-09-17 19:48:00+00:00,4352.59,4391.96,39.36999999999989
2026-09-17 19:49:00+00:00,4352.04,4391.52,39.48000000000047
2026-09-17 19:50:00+00:00,4351.06,4390.31,39.25
2026-09-17 19:51:00+00:00,4351.51,4390.81,39.30000000000018
2026-09-17 19:52:00+00:00,4350.39,4389.67,39.279999999999745
2026-09-17 19:53:00+00:00,4350.66,4389.92,39.26000000000022
2026-09-17 19:54:00+00:00,4350.77,4390.12,39.349999999999454
2026-09-17 19:55:00+00:00,4350.97,4390.31,39.340000000000146
2026-09-17 19:56:00+00:00,4351.4,4390.42,39.02000000000044
2026-09-17 19:57:00+00:00,4351.43,4390.66,39.22999999999956
2026-09-17 19:58:00+00:00,4351.84,4391.11,39.26999999999953
2026-09-17 19:59:00+00:00,4351.56,4390.96,39.399999999999636
2026-09-17 20:00:00+00:00,4353.8,4393.06,39.26000000000022
2026-09-17 20:01:00+00:00,4355.35,4394.56,39.210000000000036
2026-09-17 20:02:00+00:00,4354.04,4393.31,39.27000000000044
2026-09-17 20:03:00+00:00,4354.76,4394.06,39.30000000000018
2026-09-17 20:04:00+00:00,4354.26,4393.56,39.30000000000018
2026-09-17 20:05:00+00:00,4355.13,4394.37,39.23999999999978
2026-09-17 20:06:00+00:00,4354.78,4393.96,39.18000000000029
2026-09-17 20:07:00+00:00,4354.94,4394.17,39.23000000000047
2026-09-17 20:08:00+00:00,4355.06,4394.27,39.210000000000036
2026-09-17 20:09:00+00:00,4354.79,4393.92,39.13000000000011
2026-09-17 20:10:00+00:00,4354.45,4393.67,39.220000000000255
2026-09-17 20:11:00+00:00,4354.96,4394.21,39.25
2026-09-17 20:12:00+00:00,4355.72,4394.96,39.23999999999978
2026-09-17 20:13:00+00:00,4354.94,4394.27,39.33000000000084
2026-09-17 20:14:00+00:00,4354.81,4393.96,39.149999999999636
2026-09-17 20:15:00+00:00,4353.24,4392.46,39.220000000000255
2026-09-17 20:16:00+00:00,4351.3,4390.51,39.210000000000036
2026-09-17 20:17:00+00:00,4349.44,4388.62,39.18000000000029
2026-09-17 20:18:00+00:00,4350.48,4389.56,39.08000000000084
2026-09-17 20:19:00+00:00,4352.1,4391.31,39.210000000000036
2026-09-17 20:20:00+00:00,4350.5,4389.71,39.210000000000036
2026-09-17 20:21:00+00:00,4348.31,4387.46,39.149999999999636
2026-09-17 20:22:00+00:00,4348.37,4387.52,39.150000000000546
2026-09-17 20:23:00+00:00,4347.57,4386.71,39.14000000000033
2026-09-17 20:24:00+00:00,4347.56,4386.71,39.149999999999636
2026-09-17 20:25:00+00:00,4349.6,4388.81,39.210000000000036
2026-09-17 20:26:00+00:00,4347.04,4386.21,39.17000000000007
2026-09-17 20:27:00+00:00,4344.91,4384.11,39.19999999999982
2026-09-17 20:28:00+00:00,4344.66,4383.82,39.159999999999854
2026-09-17 20:29:00+00:00,4343.39,4382.46,39.06999999999971
2026-09-17 20:30:00+00:00,4344.02,4383.16,39.13999999999942
2026-09-17 20:31:00+00:00,4345.77,4384.96,39.1899999999996
2026-09-17 20:32:00+00:00,4344.84,4384.07,39.22999999999956
2026-09-17 20:33:00+00:00,4344.48,4383.57,39.090000000000146
2026-09-17 20:34:00+00:00,4343.86,4383.01,39.150000000000546
2026-09-17 20:35:00+00:00,4343.44,4382.56,39.1200000000008
2026-09-17 20:36:00+00:00,4344.04,4383.22,39.18000000000029
2026-09-17 20:37:00+00:00,4343.71,4382.86,39.149999999999636
2026-09-17 20:38:00+00:00,4343.69,4382.91,39.220000000000255
2026-09-17 20:39:00+00:00,4344.33,4383.51,39.18000000000029
2026-09-17 20:40:00+00:00,4345.31,4384.56,39.25
2026-09-17 20:41:00+00:00,4344.56,4383.77,39.210000000000036
2026-09-17 20:42:00+00:00,4344.86,4384.17,39.3100000000004
2026-09-17 20:43:00+00:00,4345.13,4384.31,39.18000000000029
2026-09-17 20:44:00+00:00,4345.26,4384.37,39.10999999999967
2026-09-17 20:45:00+00:00,4346.2,4385.46,39.26000000000022
2026-09-17 20:46:00+00:00,4345.84,4384.86,39.01999999999953
2026-09-17 20:47:00+00:00,4346.19,4385.17,38.98000000000047
2026-09-17 20:48:00+00:00,4344.51,4383.56,39.05000000000018
2026-09-17 20:49:00+00:00,4345.35,4384.37,39.01999999999953
2026-09-17 20:50:00+00:00,4346.2,4385.16,38.960000000000036
2026-09-17 20:51:00+00:00,4347.21,4386.37,39.159999999999854
2026-09-17 20:52:00+00:00,4347.07,4386.36,39.289999999999964
2026-09-17 20:53:00+00:00,4348.93,4388.36,39.42999999999938
2026-09-17 20:54:00+00:00,4347.92,4387.27,39.350000000000364
2026-09-17 20:55:00+00:00,4347.06,4386.96,39.899999999999636
2026-09-17 20:56:00+00:00,4348.98,4388.21,39.23000000000047
2026-09-17 20:57:00+00:00,4347.97,4387.16,39.1899999999996
2026-09-17 20:58:00+00:00,4347.3,4386.46,39.159999999999854
2026-09-17 20:59:00+00:00,4346.02,4385.41,39.38999999999942
2026-09-17 21:00:00+00:00,4346.25,4385.46,39.210000000000036
2026-09-17 21:01:00+00:00,4345.13,4384.26,39.13000000000011
2026-09-17 21:02:00+00:00,4345.2,4384.37,39.17000000000007
2026-09-17 21:03:00+00:00,4345.93,4385.06,39.13000000000011
2026-09-17 21:04:00+00:00,4344.37,4383.56,39.19000000000051
2026-09-17 21:05:00+00:00,4345.12,4384.11,38.98999999999978
2026-09-17 21:06:00+00:00,4344.77,4383.96,39.1899999999996
2026-09-17 21:07:00+00:00,4345.68,4384.86,39.17999999999938
2026-09-17 21:08:00+00:00,4345.21,4384.36,39.149999999999636
2026-09-17 21:09:00+00:00,4345.15,4384.26,39.11000000000058
2026-09-17 21:10:00+00:00,4343.84,4382.96,39.11999999999989
2026-09-17 21:11:00+00:00,4343.12,4382.26,39.14000000000033
2026-09-17 21:12:00+00:00,4342.62,4381.71,39.090000000000146
2026-09-17 21:13:00+00:00,4342.55,4381.66,39.10999999999967
2026-09-17 21:14:00+00:00,4343.04,4382.21,39.17000000000007
2026-09-17 21:15:00+00:00,4343.46,4382.56,39.100000000000364
2026-09-17 21:16:00+00:00,4342.4,4381.51,39.11000000000058
2026-09-17 21:17:00+00:00,4343.03,4382.11,39.07999999999993
2026-09-17 21:18:00+00:00,4344.08,4383.21,39.13000000000011
2026-09-17 21:19:00+00:00,4343.31,4382.37,39.05999999999949
2026-09-17 21:20:00+00:00,4343.09,4382.16,39.06999999999971
2026-09-17 21:21:00+00:00,4343.6,4382.71,39.10999999999967
2026-09-17 21:22:00+00:00,4344.38,4383.46,39.07999999999993
2026-09-17 21:23:00+00:00,4344.51,4383.66,39.149999999999636
2026-09-17 21:24:00+00:00,4344.07,4383.11,39.039999999999964
2026-09-17 21:25:00+00:00,4345.1,4384.16,39.05999999999949
2026-09-17 21:26:00+00:00,4343.51,4382.66,39.149999999999636
2026-09-17 21:27:00+00:00,4343.38,4382.61,39.22999999999956
2026-09-17 21:28:00+00:00,4343.33,4382.66,39.32999999999993
2026-09-17 21:29:00+00:00,4342.11,4381.46,39.350000000000364
2026-09-17 21:30:00+00:00,4341.47,4380.81,39.340000000000146
2026-09-17 21:31:00+00:00,4341.68,4381.06,39.38000000000011
2026-09-17 21:32:00+00:00,4342.18,4381.61,39.42999999999938
2026-09-17 21:33:00+00:00,4342.16,4381.56,39.400000000000546
2026-09-17 21:34:00+00:00,4341.46,4380.81,39.350000000000364
2026-09-17 21:35:00+00:00,4342.23,4381.76,39.530000000000655
2026-09-17 21:36:00+00:00,4342.13,4381.61,39.47999999999956
2026-09-17 21:37:00+00:00,4341.88,4381.46,39.57999999999993
2026-09-17 21:38:00+00:00,4341.26,4380.81,39.55000000000018
2026-09-17 21:39:00+00:00,4342.13,4381.76,39.63000000000011
2026-09-17 21:40:00+00:00,4343.61,4383.21,39.600000000000364
2026-09-17 21:41:00+00:00,4343.11,4382.71,39.600000000000364
2026-09-17 21:42:00+00:00,4342.58,4382.21,39.63000000000011
2026-09-17 21:43:00+00:00,4341.28,4380.96,39.68000000000029
2026-09-17 21:44:00+00:00,4341.01,4380.66,39.649999999999636
2026-09-17 21:45:00+00:00,4341.33,4380.76,39.43000000000029
2026-09-17 21:46:00+00:00,4341.33,4380.76,39.43000000000029
2026-09-17 21:47:00+00:00,4341.2,4380.61,39.409999999999854
2026-09-17 21:48:00+00:00,4341.99,4381.46,39.470000000000255
2026-09-17 21:49:00+00:00,4342.13,4381.66,39.529999999999745
2026-09-17 21:50:00+00:00,4341.05,4380.46,39.409999999999854
2026-09-17 21:51:00+00:00,4341.94,4381.36,39.42000000000007
2026-09-17 21:52:00+00:00,4341.66,4381.16,39.5
2026-09-17 21:53:00+00:00,4342.3,4381.71,39.409999999999854
2026-09-17 21:54:00+00:00,4341.83,4381.21,39.38000000000011
2026-09-17 21:55:00+00:00,4341.83,4381.21,39.38000000000011
2026-09-17 21:56:00+00:00,4342.04,4381.46,39.42000000000007
2026-09-17 21:57:00+00:00,4341.74,4381.26,39.52000000000044
2026-09-17 23:01:00+00:00,4343.49,4382.31,38.82000000000062
2026-09-17 23:02:00+00:00,4342.94,4382.01,39.07000000000062
2026-09-17 23:03:00+00:00,4343.1,4382.11,39.00999999999931
2026-09-17 23:04:00+00:00,4343.04,4382.01,38.970000000000255
2026-09-17 23:05:00+00:00,4342.18,4381.21,39.029999999999745
2026-09-17 23:06:00+00:00,4342.13,4381.06,38.93000000000029
2026-09-17 23:07:00+00:00,4342.4,4381.31,38.910000000000764
2026-09-17 23:08:00+00:00,4342.11,4381.01,38.900000000000546
2026-09-17 23:09:00+00:00,4342.74,4381.61,38.86999999999989
2026-09-17 23:10:00+00:00,4342.06,4380.86,38.79999999999927
2026-09-17 23:11:00+00:00,4342.79,4381.56,38.77000000000044
2026-09-17 23:12:00+00:00,4343.66,4382.46,38.80000000000018
2026-09-17 23:13:00+00:00,4344.58,4383.41,38.82999999999993
2026-09-17 23:14:00+00:00,4344.41,4383.36,38.94999999999982
2026-09-17 23:15:00+00:00,4344.82,4383.76,38.94000000000051
2026-09-17 23:16:00+00:00,4344.59,4383.61,39.01999999999953
2026-09-17 23:17:00+00:00,4342.66,4381.51,38.850000000000364
2026-09-17 23:18:00+00:00,4342.25,4381.06,38.8100000000004
2026-09-17 23:19:00+00:00,4341.98,4380.76,38.780000000000655
2026-09-17 23:20:00+00:00,4342.76,4381.56,38.80000000000018
2026-09-17 23:21:00+00:00,4343.42,4382.16,38.73999999999978
2026-09-17 23:22:00+00:00,4343.39,4382.06,38.67000000000007
2026-09-17 23:23:00+00:00,4343.46,4382.16,38.69999999999982
2026-09-17 23:24:00+00:00,4342.72,4381.46,38.73999999999978
2026-09-17 23:25:00+00:00,4343.14,4381.77,38.63000000000011
2026-09-17 23:26:00+00:00,4342.68,4381.27,38.590000000000146
2026-09-17 23:27:00+00:00,4342.25,4380.77,38.52000000000044
2026-09-17 23:28:00+00:00,4343.21,4381.87,38.659999999999854
2026-09-17 23:29:00+00:00,4344.92,4383.56,38.64000000000033
2026-09-17 23:30:00+00:00,4346.05,4384.56,38.51000000000022
2026-09-17 23:31:00+00:00,4346.99,4385.56,38.57000000000062
2026-09-17 23:32:00+00:00,4348.19,4386.86,38.67000000000007
2026-09-17 23:33:00+00:00,4346.97,4385.66,38.6899999999996
2026-09-17 23:34:00+00:00,4347.13,4385.91,38.779999999999745
2026-09-17 23:35:00+00:00,4348.55,4387.16,38.60999999999967
2026-09-17 23:36:00+00:00,4349.53,4388.17,38.64000000000033
2026-09-17 23:37:00+00:00,4348.54,4387.31,38.77000000000044
2026-09-17 23:38:00+00:00,4349.42,4388.02,38.600000000000364
2026-09-17 23:39:00+00:00,4348.85,4387.71,38.85999999999967
2026-09-17 23:40:00+00:00,4348.97,4387.76,38.789999999999964
2026-09-17 23:41:00+00:00,4347.89,4386.76,38.86999999999989
2026-09-17 23:42:00+00:00,4347.32,4386.11,38.789999999999964
2026-09-17 23:43:00+00:00,4345.17,4383.96,38.789999999999964
2026-09-17 23:44:00+00:00,4344.39,4383.31,38.92000000000007
2026-09-17 23:45:00+00:00,4344.85,4383.66,38.80999999999949
2026-09-17 23:46:00+00:00,4343.7,4382.51,38.8100000000004
2026-09-17 23:47:00+00:00,4343.74,4382.46,38.720000000000255
2026-09-17 23:48:00+00:00,4342.77,4381.56,38.789999999999964
2026-09-17 23:49:00+00:00,4342.47,4381.11,38.63999999999942
2026-09-17 23:50:00+00:00,4342.37,4381.01,38.64000000000033
2026-09-17 23:51:00+00:00,4342.25,4380.77,38.52000000000044
2026-09-17 23:52:00+00:00,4342.8,4381.31,38.51000000000022
2026-09-17 23:53:00+00:00,4343.53,4382.02,38.49000000000069
2026-09-17 23:54:00+00:00,4344.82,4383.31,38.49000000000069
2026-09-17 23:55:00+00:00,4343.13,4381.56,38.43000000000029
2026-09-17 23:56:00+00:00,4344.98,4383.56,38.58000000000084
2026-09-17 23:57:00+00:00,4343.64,4382.26,38.61999999999989
2026-09-17 23:58:00+00:00,4344.38,4383.06,38.68000000000029
2026-09-17 23:59:00+00:00,4344.4,4383.07,38.67000000000007
2026-09-18 00:00:00+00:00,4342.69,4381.42,38.73000000000047
2026-09-18 00:01:00+00:00,4343.06,4381.66,38.599999999999454
2026-09-18 00:02:00+00:00,4343.78,4382.46,38.68000000000029
2026-09-18 00:03:00+00:00,4344.38,4383.06,38.68000000000029
2026-09-18 00:04:00+00:00,4343.79,4382.46,38.67000000000007
2026-09-18 00:05:00+00:00,4343.85,4382.56,38.710000000000036
2026-09-18 00:06:00+00:00,4342.53,4381.11,38.57999999999993
2026-09-18 00:07:00+00:00,4343.9,4382.51,38.61000000000058
2026-09-18 00:08:00+00:00,4343.95,4382.56,38.61000000000058
2026-09-18 00:09:00+00:00,4344.37,4383.11,38.73999999999978
2026-09-18 00:10:00+00:00,4345.47,4384.17,38.69999999999982
2026-09-18 00:11:00+00:00,4345.01,4383.77,38.76000000000022
2026-09-18 00:12:00+00:00,4345.26,4383.96,38.69999999999982
2026-09-18 00:13:00+00:00,4345.16,4383.86,38.69999999999982
2026-09-18 00:14:00+00:00,4345.03,4383.86,38.82999999999993
2026-09-18 00:15:00+00:00,4344.87,4383.61,38.73999999999978
2026-09-18 00:16:00+00:00,4342.97,4381.72,38.75
2026-09-18 00:17:00+00:00,4342.41,4381.01,38.600000000000364
2026-09-18 00:18:00+00:00,4344.82,4383.41,38.590000000000146
2026-09-18 00:19:00+00:00,4344.85,4383.46,38.60999999999967
2026-09-18 00:20:00+00:00,4345.09,4383.82,38.72999999999956
2026-09-18 00:21:00+00:00,4345.85,4384.71,38.85999999999967
2026-09-18 00:22:00+00:00,4346.74,4385.62,38.88000000000011
2026-09-18 00:23:00+00:00,4346.75,4385.57,38.81999999999971
2026-09-18 00:24:00+00:00,4346.17,4385.31,39.14000000000033
2026-09-18 00:25:00+00:00,4344.73,4383.61,38.88000000000011
2026-09-18 00:26:00+00:00,4344.41,4383.27,38.86000000000058
2026-09-18 00:27:00+00:00,4344.86,4383.72,38.86000000000058
2026-09-18 00:28:00+00:00,4344.89,4383.72,38.82999999999993
2026-09-18 00:29:00+00:00,4344.3,4383.11,38.80999999999949
2026-09-18 00:30:00+00:00,4344.6,4383.46,38.85999999999967
2026-09-18 00:31:00+00:00,4344.55,4383.36,38.80999999999949
2026-09-18 00:32:00+00:00,4343.94,4382.76,38.82000000000062
2026-09-18 00:33:00+00:00,4344.39,4383.16,38.76999999999953
2026-09-18 00:34:00+00:00,4344.85,4383.51,38.659999999999854
2026-09-18 00:35:00+00:00,4344.25,4382.96,38.710000000000036
2026-09-18 00:36:00+00:00,4343.73,4382.41,38.68000000000029
2026-09-18 00:37:00+00:00,4344.71,4383.41,38.69999999999982
2026-09-18 00:38:00+00:00,4344.05,4382.91,38.85999999999967
2026-09-18 00:39:00+00:00,4343.91,4382.51,38.600000000000364
2026-09-18 00:40:00+00:00,4344.61,4383.21,38.600000000000364
2026-09-18 00:41:00+00:00,4344.44,4383.11,38.67000000000007
2026-09-18 00:42:00+00:00,4343.86,4382.46,38.600000000000364
2026-09-18 00:43:00+00:00,4343.82,4382.46,38.64000000000033
2026-09-18 00:44:00+00:00,4344.35,4383.01,38.659999999999854
2026-09-18 00:45:00+00:00,4345.04,4383.66,38.61999999999989
2026-09-18 00:46:00+00:00,4344.65,4383.21,38.5600000000004
2026-09-18 00:47:00+00:00,4345.8,4384.27,38.470000000000255
2026-09-18 00:48:00+00:00,4344.85,4383.31,38.460000000000036
2026-09-18 00:49:00+00:00,4345.07,4383.61,38.539999999999964
2026-09-18 00:50:00+00:00,4345.13,4383.66,38.529999999999745
2026-09-18 00:51:00+00:00,4345.06,4383.61,38.54999999999927
2026-09-18 00:52:00+00:00,4345.22,4383.81,38.590000000000146
2026-09-18 00:53:00+00:00,4346.68,4385.26,38.57999999999993
2026-09-18 00:54:00+00:00,4347.6,4386.16,38.55999999999949
2026-09-18 00:55:00+00:00,4347.44,4386.06,38.6200000000008
2026-09-18 00:56:00+00:00,4346.85,4385.46,38.60999999999967
2026-09-18 00:57:00+00:00,4346.65,4385.21,38.5600000000004
2026-09-18 00:58:00+00:00,4346.19,4384.81,38.6200000000008
2026-09-18 00:59:00+00:00,4346.5,4384.96,38.460000000000036
2026-09-18 01:00:00+00:00,4342.27,4380.87,38.599999999999454
2026-09-18 01:01:00+00:00,4342.87,4381.52,38.650000000000546
2026-09-18 01:02:00+00:00,4343.23,4381.92,38.69000000000051
2026-09-18 01:03:00+00:00,4343.98,4382.62,38.64000000000033
2026-09-18 01:04:00+00:00,4344.96,4383.61,38.649999999999636
2026-09-18 01:05:00+00:00,4344.59,4382.81,38.220000000000255
2026-09-18 01:06:00+00:00,4346.35,4385.01,38.659999999999854
2026-09-18 01:07:00+00:00,4344.7,4383.37,38.67000000000007
2026-09-18 01:08:00+00:00,4345.86,4384.51,38.650000000000546
2026-09-18 01:09:00+00:00,4347.0,4385.72,38.720000000000255
2026-09-18 01:10:00+00:00,4349.41,4388.06,38.650000000000546
2026-09-18 01:11:00+00:00,4351.07,4389.66,38.590000000000146
2026-09-18 01:12:00+00:00,4353.29,4391.87,38.57999999999993
2026-09-18 01:13:00+00:00,4353.77,4392.37,38.599999999999454
2026-09-18 01:14:00+00:00,4354.37,4393.02,38.650000000000546
2026-09-18 01:15:00+00:00,4354.76,4393.36,38.599999999999454
2026-09-18 01:16:00+00:00,4354.03,4392.71,38.68000000000029
2026-09-18 01:17:00+00:00,4353.36,4392.06,38.70000000000073
2026-09-18 01:18:00+00:00,4353.55,4392.16,38.60999999999967
2026-09-18 01:19:00+00:00,4353.02,4391.61,38.589999999999236
2026-09-18 01:20:00+00:00,4353.86,4392.46,38.600000000000364
2026-09-18 01:21:00+00:00,4352.01,4390.66,38.649999999999636
2026-09-18 01:22:00+00:00,4355.47,4394.06,38.590000000000146
2026-09-18 01:23:00+00:00,4357.08,4395.72,38.64000000000033
2026-09-18 01:24:00+00:00,4356.04,4394.62,38.57999999999993
2026-09-18 01:25:00+00:00,4354.2,4392.87,38.67000000000007
2026-09-18 01:26:00+00:00,4355.0,4393.46,38.460000000000036
2026-09-18 01:27:00+00:00,4354.73,4393.41,38.68000000000029
2026-09-18 01:28:00+00:00,4352.87,4391.66,38.789999999999964
2026-09-18 01:29:00+00:00,4353.46,4392.11,38.649999999999636
2026-09-18 01:30:00+00:00,4357.01,4395.66,38.649999999999636
2026-09-18 01:31:00+00:00,4358.49,4397.16,38.67000000000007
2026-09-18 01:32:00+00:00,4359.04,4397.62,38.57999999999993
2026-09-18 01:33:00+00:00,4358.49,4397.26,38.77000000000044
2026-09-18 01:34:00+00:00,4358.29,4397.06,38.77000000000044
2026-09-18 01:35:00+00:00,4358.98,4397.67,38.69000000000051
2026-09-18 01:36:00+00:00,4358.6,4397.37,38.76999999999953
2026-09-18 01:37:00+00:00,4359.49,4398.17,38.68000000000029
2026-09-18 01:38:00+00:00,4359.17,4397.96,38.789999999999964
2026-09-18 01:39:00+00:00,4358.42,4397.21,38.789999999999964
2026-09-18 01:40:00+00:00,4357.75,4396.46,38.710000000000036
2026-09-18 01:41:00+00:00,4358.23,4396.96,38.73000000000047
2026-09-18 01:42:00+00:00,4357.99,4396.66,38.67000000000007
2026-09-18 01:43:00+00:00,4358.34,4397.06,38.720000000000255
2026-09-18 01:44:00+00:00,4358.81,4397.56,38.75
2026-09-18 01:45:00+00:00,4357.6,4396.26,38.659999999999854
2026-09-18 01:46:00+00:00,4356.5,4395.27,38.77000000000044
2026-09-18 01:47:00+00:00,4354.14,4392.87,38.72999999999956
2026-09-18 01:48:00+00:00,4353.97,4392.66,38.6899999999996
2026-09-18 01:49:00+00:00,4353.7,4392.36,38.659999999999854
2026-09-18 01:50:00+00:00,4354.1,4392.76,38.659999999999854
2026-09-18 01:51:00+00:00,4355.13,4393.81,38.68000000000029
2026-09-18 01:52:00+00:00,4354.22,4392.92,38.69999999999982
2026-09-18 01:53:00+00:00,4354.02,4392.71,38.6899999999996
2026-09-18 01:54:00+00:00,4353.73,4392.37,38.64000000000033
2026-09-18 01:55:00+00:00,4354.29,4392.96,38.67000000000007
2026-09-18 01:56:00+00:00,4356.79,4395.46,38.67000000000007
2026-09-18 01:57:00+00:00,4356.11,4394.81,38.70000000000073
2026-09-18 01:58:00+00:00,4354.73,4393.41,38.68000000000029
2026-09-18 01:59:00+00:00,4356.44,4395.21,38.77000000000044
2026-09-18 02:00:00+00:00,4359.76,4398.51,38.75
2026-09-18 02:01:00+00:00,4361.82,4400.61,38.789999999999964
2026-09-18 02:02:00+00:00,4361.83,4400.31,38.48000000000047
2026-09-18 02:03:00+00:00,4361.61,4400.26,38.650000000000546
2026-09-18 02:04:00+00:00,4362.43,4401.16,38.72999999999956
2026-09-18 02:05:00+00:00,4363.91,4402.61,38.69999999999982
2026-09-18 02:06:00+00:00,4365.62,4404.31,38.69000000000051
2026-09-18 02:07:00+00:00,4364.0,4402.81,38.8100000000004
2026-09-18 02:08:00+00:00,4362.03,4400.71,38.68000000000029
2026-09-18 02:09:00+00:00,4361.52,4400.21,38.6899999999996
2026-09-18 02:10:00+00:00,4360.84,4399.52,38.68000000000029
2026-09-18 02:11:00+00:00,4362.08,4400.82,38.73999999999978
2026-09-18 02:12:00+00:00,4361.23,4399.87,38.64000000000033
2026-09-18 02:13:00+00:00,4357.66,4396.27,38.61000000000058
2026-09-18 02:14:00+00:00,4358.18,4396.86,38.67999999999938
2026-09-18 02:15:00+00:00,4356.86,4395.31,38.45000000000073
2026-09-18 02:16:00+00:00,4356.68,4395.27,38.590000000000146
2026-09-18 02:17:00+00:00,4356.87,4395.46,38.590000000000146
2026-09-18 02:18:00+00:00,4357.15,4395.72,38.57000000000062
2026-09-18 02:19:00+00:00,4360.7,4399.16,38.460000000000036
2026-09-18 02:20:00+00:00,4362.23,4400.76,38.530000000000655
2026-09-18 02:21:00+00:00,4364.5,4403.06,38.5600000000004
2026-09-18 02:22:00+00:00,4362.42,4401.06,38.64000000000033
2026-09-18 02:23:00+00:00,4362.02,4400.51,38.48999999999978
2026-09-18 02:24:00+00:00,4362.28,4400.82,38.539999999999964
2026-09-18 02:25:00+00:00,4361.55,4400.07,38.51999999999953
2026-09-18 02:26:00+00:00,4360.68,4399.17,38.48999999999978
2026-09-18 02:27:00+00:00,4361.07,4399.56,38.49000000000069
2026-09-18 02:28:00+00:00,4359.48,4397.92,38.44000000000051
2026-09-18 02:29:00+00:00,4359.9,4398.41,38.51000000000022
2026-09-18 02:30:00+00:00,4360.08,4398.41,38.32999999999993
2026-09-18 02:31:00+00:00,4357.18,4395.71,38.529999999999745
2026-09-18 02:32:00+00:00,4354.65,4393.06,38.410000000000764
2026-09-18 02:33:00+00:00,4352.48,4390.91,38.43000000000029
2026-09-18 02:34:00+00:00,4351.92,4390.46,38.539999999999964
2026-09-18 02:35:00+00:00,4352.25,4390.82,38.56999999999971
2026-09-18 02:36:00+00:00,4354.41,4393.07,38.659999999999854
2026-09-18 02:37:00+00:00,4353.88,4392.46,38.57999999999993
2026-09-18 02:38:00+00:00,4352.97,4391.61,38.63999999999942
2026-09-18 02:39:00+00:00,4350.68,4389.31,38.63000000000011
2026-09-18 02:40:00+00:00,4349.76,4388.41,38.649999999999636
2026-09-18 02:41:00+00:00,4349.88,4388.61,38.72999999999956
2026-09-18 02:42:00+00:00,4350.06,4388.76,38.69999999999982
2026-09-18 02:43:00+00:00,4349.53,4388.17,38.64000000000033
2026-09-18 02:44:00+00:00,4347.45,4386.02,38.57000000000062
2026-09-18 02:45:00+00:00,4348.6,4387.11,38.50999999999931
2026-09-18 02:46:00+00:00,4347.36,4385.91,38.55000000000018
2026-09-18 02:47:00+00:00,4350.04,4388.57,38.529999999999745
2026-09-18 02:48:00+00:00,4348.54,4387.12,38.57999999999993
2026-09-18 02:49:00+00:00,4348.3,4386.87,38.56999999999971
2026-09-18 02:50:00+00:00,4345.82,4384.42,38.600000000000364
2026-09-18 02:51:00+00:00,4345.5,4384.17,38.67000000000007
2026-09-18 02:52:00+00:00,4348.32,4386.96,38.64000000000033
2026-09-18 02:53:00+00:00,4349.98,4388.67,38.69000000000051
2026-09-18 02:54:00+00:00,4349.19,4387.96,38.77000000000044
2026-09-18 02:55:00+00:00,4349.12,4387.77,38.650000000000546
2026-09-18 02:56:00+00:00,4348.91,4387.67,38.76000000000022
2026-09-18 02:57:00+00:00,4349.53,4388.27,38.74000000000069
2026-09-18 02:58:00+00:00,4349.67,4388.42,38.75
2026-09-18 02:59:00+00:00,4348.4,4387.11,38.710000000000036
2026-09-18 03:00:00+00:00,4346.83,4385.92,39.090000000000146
2026-09-18 03:01:00+00:00,4346.33,4385.06,38.73000000000047
2026-09-18 03:02:00+00:00,4348.5,4387.16,38.659999999999854
2026-09-18 03:03:00+00:00,4348.4,4386.96,38.5600000000004
2026-09-18 03:04:00+00:00,4348.54,4387.36,38.81999999999971
2026-09-18 03:05:00+00:00,4349.44,4388.16,38.720000000000255
2026-09-18 03:06:00+00:00,4349.22,4387.91,38.6899999999996
2026-09-18 03:07:00+00:00,4350.31,4388.86,38.54999999999927
2026-09-18 03:08:00+00:00,4351.24,4389.96,38.720000000000255
2026-09-18 03:09:00+00:00,4349.34,4388.06,38.720000000000255
2026-09-18 03:10:00+00:00,4347.4,4386.07,38.67000000000007
2026-09-18 03:11:00+00:00,4349.48,4388.12,38.64000000000033
2026-09-18 03:12:00+00:00,4350.18,4388.66,38.47999999999956
2026-09-18 03:13:00+00:00,4351.16,4389.71,38.55000000000018
2026-09-18 03:14:00+00:00,4350.45,4389.07,38.61999999999989
2026-09-18 03:15:00+00:00,4351.71,4390.07,38.35999999999967
2026-09-18 03:16:00+00:00,4352.76,4391.36,38.599999999999454
2026-09-18 03:17:00+00:00,4349.99,4388.51,38.52000000000044
2026-09-18 03:18:00+00:00,4350.25,4388.76,38.51000000000022
2026-09-18 03:19:00+00:00,4349.0,4387.46,38.460000000000036
2026-09-18 03:20:00+00:00,4348.93,4387.36,38.42999999999938
2026-09-18 03:21:00+00:00,4350.49,4388.86,38.36999999999989
2026-09-18 03:22:00+00:00,4349.59,4387.96,38.36999999999989
2026-09-18 03:23:00+00:00,4351.4,4389.76,38.36000000000058
2026-09-18 03:24:00+00:00,4352.15,4390.51,38.36000000000058
2026-09-18 03:25:00+00:00,4352.45,4390.87,38.42000000000007
2026-09-18 03:26:00+00:00,4353.48,4391.96,38.48000000000047
2026-09-18 03:27:00+00:00,4353.46,4391.86,38.399999999999636
2026-09-18 03:28:00+00:00,4352.46,4390.91,38.44999999999982
2026-09-18 03:29:00+00:00,4353.02,4391.46,38.4399999999996
2026-09-18 03:30:00+00:00,4354.94,4393.42,38.48000000000047
2026-09-18 03:31:00+00:00,4354.92,4393.36,38.4399999999996
2026-09-18 03:32:00+00:00,4355.28,4393.76,38.48000000000047
2026-09-18 03:33:00+00:00,4356.56,4394.96,38.399999999999636
2026-09-18 03:34:00+00:00,4355.97,4394.36,38.38999999999942
2026-09-18 03:35:00+00:00,4355.07,4393.46,38.39000000000033
2026-09-18 03:36:00+00:00,4355.38,4393.76,38.38000000000011
2026-09-18 03:37:00+00:00,4353.09,4391.37,38.279999999999745
2026-09-18 03:38:00+00:00,4350.91,4389.42,38.51000000000022
2026-09-18 03:39:00+00:00,4352.18,4390.51,38.32999999999993
2026-09-18 03:40:00+00:00,4352.49,4390.86,38.36999999999989
2026-09-18 03:41:00+00:00,4352.85,4391.21,38.35999999999967
2026-09-18 03:42:00+00:00,4352.63,4390.96,38.32999999999993
2026-09-18 03:43:00+00:00,4350.91,4389.37,38.460000000000036
2026-09-18 03:44:00+00:00,4351.69,4390.06,38.3700000000008
2026-09-18 03:45:00+00:00,4352.03,4390.36,38.32999999999993
2026-09-18 03:46:00+00:00,4354.8,4393.21,38.409999999999854
2026-09-18 03:47:00+00:00,4354.54,4392.96,38.42000000000007
2026-09-18 03:48:00+00:00,4355.38,4393.77,38.39000000000033
2026-09-18 03:49:00+00:00,4354.53,4392.96,38.43000000000029
2026-09-18 03:50:00+00:00,4355.43,4393.86,38.42999999999938
2026-09-18 03:51:00+00:00,4354.57,4392.96,38.39000000000033
2026-09-18 03:52:00+00:00,4353.15,4391.67,38.52000000000044
2026-09-18 03:53:00+00:00,4352.25,4390.66,38.409999999999854
2026-09-18 03:54:00+00:00,4348.8,4387.17,38.36999999999989
2026-09-18 03:55:00+00:00,4346.71,4385.06,38.350000000000364
2026-09-18 03:56:00+00:00,4346.38,4384.61,38.22999999999956
2026-09-18 03:57:00+00:00,4347.31,4385.66,38.349999999999454
2026-09-18 03:58:00+00:00,4344.87,4383.26,38.39000000000033
2026-09-18 03:59:00+00:00,4346.84,4385.16,38.31999999999971
2026-09-18 04:00:00+00:00,4346.29,4384.61,38.31999999999971
2026-09-18 04:01:00+00:00,4347.42,4385.76,38.340000000000146
2026-09-18 04:02:00+00:00,4346.18,4384.46,38.279999999999745
2026-09-18 04:03:00+00:00,4348.26,4386.56,38.30000000000018
2026-09-18 04:04:00+00:00,4349.08,4387.46,38.38000000000011
2026-09-18 04:05:00+00:00,4349.92,4388.36,38.4399999999996
2026-09-18 04:06:00+00:00,4348.91,4387.36,38.44999999999982
2026-09-18 04:07:00+00:00,4348.88,4387.41,38.529999999999745
2026-09-18 04:08:00+00:00,4347.7,4386.01,38.3100000000004
2026-09-18 04:09:00+00:00,4345.74,4384.06,38.32000000000062
2026-09-18 04:10:00+00:00,4345.65,4383.96,38.3100000000004
2026-09-18 04:11:00+00:00,4346.52,4384.86,38.339999999999236
2026-09-18 04:12:00+00:00,4347.74,4386.06,38.32000000000062
2026-09-18 04:13:00+00:00,4346.7,4384.96,38.26000000000022
2026-09-18 04:14:00+00:00,4344.77,4383.12,38.349999999999454
2026-09-18 04:15:00+00:00,4343.99,4382.31,38.32000000000062
2026-09-18 04:16:00+00:00,4341.47,4379.56,38.090000000000146
2026-09-18 04:17:00+00:00,4338.72,4376.86,38.13999999999942
2026-09-18 04:18:00+00:00,4339.9,4378.06,38.160000000000764
2026-09-18 04:19:00+00:00,4337.51,4375.66,38.149999999999636
2026-09-18 04:20:00+00:00,4340.23,4378.41,38.18000000000029
2026-09-18 04:21:00+00:00,4337.9,4376.01,38.11000000000058
2026-09-18 04:22:00+00:00,4336.23,4374.36,38.13000000000011
2026-09-18 04:23:00+00:00,4335.15,4373.26,38.11000000000058
2026-09-18 04:24:00+00:00,4336.12,4374.17,38.05000000000018
2026-09-18 04:25:00+00:00,4335.42,4373.46,38.039999999999964
2026-09-18 04:26:00+00:00,4337.91,4375.96,38.05000000000018
2026-09-18 04:27:00+00:00,4339.32,4377.32,38.0
2026-09-18 04:28:00+00:00,4340.14,4378.21,38.06999999999971
2026-09-18 04:29:00+00:00,4340.96,4379.06,38.100000000000364
2026-09-18 04:30:00+00:00,4342.24,4380.31,38.07000000000062
2026-09-18 04:31:00+00:00,4343.57,4381.62,38.05000000000018
2026-09-18 04:32:00+00:00,4344.62,4382.71,38.090000000000146
2026-09-18 04:33:00+00:00,4345.73,4383.62,37.89000000000033
2026-09-18 04:34:00+00:00,4350.41,4388.52,38.11000000000058
2026-09-18 04:35:00+00:00,4351.24,4389.37,38.13000000000011
2026-09-18 04:36:00+00:00,4352.37,4390.46,38.090000000000146
2026-09-18 04:37:00+00:00,4353.19,4391.31,38.1200000000008
2026-09-18 04:38:00+00:00,4352.01,4390.26,38.25
2026-09-18 04:39:00+00:00,4352.77,4391.07,38.29999999999927
2026-09-18 04:40:00+00:00,4353.33,4391.46,38.13000000000011
2026-09-18 04:41:00+00:00,4354.82,4392.96,38.14000000000033
2026-09-18 04:42:00+00:00,4357.02,4395.16,38.13999999999942
2026-09-18 04:43:00+00:00,4357.89,4396.07,38.17999999999938
2026-09-18 04:44:00+00:00,4357.58,4395.72,38.14000000000033
2026-09-18 04:45:00+00:00,4359.85,4397.91,38.05999999999949
2026-09-18 04:46:00+00:00,4358.25,4396.37,38.11999999999989
2026-09-18 04:47:00+00:00,4359.37,4397.46,38.090000000000146
2026-09-18 04:48:00+00:00,4359.6,4397.82,38.219999999999345
2026-09-18 04:49:00+00:00,4358.89,4397.06,38.17000000000007
2026-09-18 04:50:00+00:00,4358.94,4397.16,38.220000000000255
2026-09-18 04:51:00+00:00,4358.28,4396.51,38.23000000000047
2026-09-18 04:52:00+00:00,4358.24,4396.46,38.220000000000255
2026-09-18 04:53:00+00:00,4359.33,4397.72,38.39000000000033
2026-09-18 04:54:00+00:00,4358.71,4397.11,38.399999999999636
2026-09-18 04:55:00+00:00,4359.49,4398.02,38.530000000000655
2026-09-18 04:56:00+00:00,4360.07,4398.61,38.539999999999964
2026-09-18 04:57:00+00:00,4358.77,4397.31,38.539999999999964
2026-09-18 04:58:00+00:00,4357.86,4396.46,38.600000000000364
2026-09-18 04:59:00+00:00,4359.33,4397.87,38.539999999999964
2026-09-18 05:00:00+00:00,4359.17,4397.66,38.48999999999978
2026-09-18 05:01:00+00:00,4358.65,4397.22,38.57000000000062
2026-09-18 05:02:00+00:00,4358.65,4397.27,38.6200000000008
2026-09-18 05:03:00+00:00,4358.8,4397.36,38.55999999999949
2026-09-18 05:04:00+00:00,4360.98,4399.66,38.68000000000029
2026-09-18 05:05:00+00:00,4360.25,4398.96,38.710000000000036
2026-09-18 05:06:00+00:00,4360.45,4399.16,38.710000000000036
2026-09-18 05:07:00+00:00,4360.98,4399.71,38.73000000000047
2026-09-18 05:08:00+00:00,4360.05,4398.76,38.710000000000036
2026-09-18 05:09:00+00:00,4359.71,4398.46,38.75
2026-09-18 05:10:00+00:00,4359.9,4398.66,38.76000000000022
2026-09-18 05:11:00+00:00,4359.75,4398.51,38.76000000000022
2026-09-18 05:12:00+00:00,4360.23,4398.96,38.73000000000047
2026-09-18 05:13:00+00:00,4358.85,4397.66,38.80999999999949
2026-09-18 05:14:00+00:00,4356.97,4395.76,38.789999999999964
2026-09-18 05:15:00+00:00,4355.43,4394.11,38.67999999999938
2026-09-18 05:16:00+00:00,4355.46,4394.31,38.850000000000364
2026-09-18 05:17:00+00:00,4354.91,4393.71,38.80000000000018
2026-09-18 05:18:00+00:00,4354.43,4393.21,38.779999999999745
2026-09-18 05:19:00+00:00,4353.59,4392.36,38.76999999999953
2026-09-18 05:20:00+00:00,4353.46,4392.22,38.76000000000022
2026-09-18 05:21:00+00:00,4353.62,4392.22,38.600000000000364
2026-09-18 05:22:00+00:00,4355.76,4394.52,38.76000000000022
2026-09-18 05:23:00+00:00,4355.76,4394.56,38.80000000000018
2026-09-18 05:24:00+00:00,4355.61,4394.42,38.8100000000004
2026-09-18 05:25:00+00:00,4356.76,4395.56,38.80000000000018
2026-09-18 05:26:00+00:00,4357.01,4395.87,38.85999999999967
2026-09-18 05:27:00+00:00,4357.18,4396.06,38.88000000000011
2026-09-18 05:28:00+00:00,4357.04,4395.81,38.77000000000044
2026-09-18 05:29:00+00:00,4358.24,4396.76,38.52000000000044
2026-09-18 05:30:00+00:00,4359.46,4398.37,38.909999999999854
2026-09-18 05:31:00+00:00,4360.75,4399.67,38.92000000000007
2026-09-18 05:32:00+00:00,4360.72,4399.66,38.9399999999996
2026-09-18 05:33:00+00:00,4359.5,4398.56,39.0600000000004
2026-09-18 05:34:00+00:00,4358.58,4397.51,38.93000000000029
2026-09-18 05:35:00+00:00,4359.64,4398.71,39.06999999999971
2026-09-18 05:36:00+00:00,4358.88,4397.92,39.039999999999964
2026-09-18 05:37:00+00:00,4358.81,4397.86,39.04999999999927
2026-09-18 05:38:00+00:00,4359.33,4398.31,38.98000000000047
2026-09-18 05:39:00+00:00,4359.84,4398.86,39.01999999999953
2026-09-18 05:40:00+00:00,4359.88,4398.91,39.029999999999745
2026-09-18 05:41:00+00:00,4359.81,4398.86,39.04999999999927
2026-09-18 05:42:00+00:00,4362.09,4401.17,39.07999999999993
2026-09-18 05:43:00+00:00,4363.28,4402.26,38.98000000000047
2026-09-18 05:44:00+00:00,4364.58,4403.76,39.18000000000029
2026-09-18 05:45:00+00:00,4365.23,4404.52,39.29000000000087
2026-09-18 05:46:00+00:00,4365.72,4405.11,39.38999999999942
2026-09-18 05:47:00+00:00,4364.6,4403.96,39.35999999999967
2026-09-18 05:48:00+00:00,4364.92,4404.26,39.340000000000146
2026-09-18 05:49:00+00:00,4365.25,4404.76,39.51000000000022
2026-09-18 05:50:00+00:00,4365.84,4405.31,39.470000000000255
2026-09-18 05:51:00+00:00,4364.91,4404.57,39.659999999999854
2026-09-18 05:52:00+00:00,4363.16,4402.51,39.350000000000364
2026-09-18 05:53:00+00:00,4361.88,4401.37,39.48999999999978
2026-09-18 05:54:00+00:00,4361.59,4401.01,39.42000000000007
2026-09-18 05:55:00+00:00,4361.33,4400.81,39.48000000000047
2026-09-18 05:56:00+00:00,4363.79,4403.16,39.36999999999989
2026-09-18 05:57:00+00:00,4366.58,4406.07,39.48999999999978
2026-09-18 05:58:00+00:00,4366.24,4405.72,39.48000000000047
2026-09-18 05:59:00+00:00,4366.85,4406.52,39.67000000000007
2026-09-18 06:00:00+00:00,4365.92,4405.36,39.4399999999996
2026-09-18 06:01:00+00:00,4366.15,4405.62,39.470000000000255
2026-09-18 06:02:00+00:00,4365.52,4405.07,39.54999999999927
2026-09-18 06:03:00+00:00,4365.46,4405.11,39.649999999999636
2026-09-18 06:04:00+00:00,4365.98,4405.61,39.63000000000011
2026-09-18 06:05:00+00:00,4365.99,4405.61,39.61999999999989
2026-09-18 06:06:00+00:00,4365.48,4405.01,39.530000000000655
2026-09-18 06:07:00+00:00,4368.94,4408.57,39.63000000000011
2026-09-18 06:08:00+00:00,4367.6,4407.32,39.719999999999345
2026-09-18 06:09:00+00:00,4368.04,4407.77,39.73000000000047
2026-09-18 06:10:00+00:00,4366.72,4406.41,39.6899999999996
2026-09-18 06:11:00+00:00,4366.86,4406.57,39.710000000000036
2026-09-18 06:12:00+00:00,4367.25,4406.91,39.659999999999854
2026-09-18 06:13:00+00:00,4366.13,4405.76,39.63000000000011
2026-09-18 06:14:00+00:00,4365.44,4405.06,39.6200000000008
2026-09-18 06:15:00+00:00,4365.35,4404.91,39.55999999999949
2026-09-18 06:16:00+00:00,4366.7,4406.31,39.61000000000058
2026-09-18 06:17:00+00:00,4367.94,4407.61,39.67000000000007
2026-09-18 06:18:00+00:00,4368.57,4408.11,39.539999999999964
2026-09-18 06:19:00+00:00,4368.73,4408.52,39.79000000000087
2026-09-18 06:20:00+00:00,4367.6,4407.31,39.710000000000036
2026-09-18 06:21:00+00:00,4367.32,4407.17,39.850000000000364
2026-09-18 06:22:00+00:00,4367.31,4407.06,39.75
2026-09-18 06:23:00+00:00,4366.29,4406.02,39.73000000000047
2026-09-18 06:24:00+00:00,4366.76,4406.46,39.69999999999982
2026-09-18 06:25:00+00:00,4366.25,4405.96,39.710000000000036
2026-09-18 06:26:00+00:00,4365.6,4405.26,39.659999999999854
2026-09-18 06:27:00+00:00,4364.97,4404.56,39.590000000000146
2026-09-18 06:28:00+00:00,4364.0,4403.61,39.60999999999967
2026-09-18 06:29:00+00:00,4364.67,4404.31,39.64000000000033
2026-09-18 06:30:00+00:00,4363.93,4403.51,39.57999999999993
2026-09-18 06:31:00+00:00,4362.52,4402.31,39.789999999999964
2026-09-18 06:32:00+00:00,4363.66,4403.36,39.69999999999982
2026-09-18 06:33:00+00:00,4363.27,4402.96,39.6899999999996
2026-09-18 06:34:00+00:00,4362.82,4402.51,39.69000000000051
2026-09-18 06:35:00+00:00,4363.83,4403.51,39.68000000000029
2026-09-18 06:36:00+00:00,4367.93,4407.56,39.63000000000011
2026-09-18 06:37:00+00:00,4366.01,4405.66,39.649999999999636
2026-09-18 06:38:00+00:00,4371.06,4410.71,39.649999999999636
2026-09-18 06:39:00+00:00,4372.41,4412.11,39.69999999999982
2026-09-18 06:40:00+00:00,4372.08,4411.71,39.63000000000011
2026-09-18 06:41:00+00:00,4372.84,4412.51,39.67000000000007
2026-09-18 06:42:00+00:00,4373.96,4413.51,39.55000000000018
2026-09-18 06:43:00+00:00,4374.08,4413.61,39.529999999999745
2026-09-18 06:44:00+00:00,4377.1,4416.76,39.659999999999854
2026-09-18 06:45:00+00:00,4374.75,4414.46,39.710000000000036
2026-09-18 06:46:00+00:00,4374.75,4414.31,39.5600000000004
2026-09-18 06:47:00+00:00,4374.63,4414.31,39.68000000000029
2026-09-18 06:48:00+00:00,4374.12,4413.71,39.590000000000146
2026-09-18 06:49:00+00:00,4370.82,4410.41,39.590000000000146
2026-09-18 06:50:00+00:00,4374.21,4413.71,39.5
2026-09-18 06:51:00+00:00,4372.83,4412.36,39.529999999999745
2026-09-18 06:52:00+00:00,4372.72,4412.26,39.539999999999964
2026-09-18 06:53:00+00:00,4373.63,4413.11,39.47999999999956
2026-09-18 06:54:00+00:00,4373.58,4413.06,39.48000000000047
2026-09-18 06:55:00+00:00,4373.47,4412.86,39.38999999999942
2026-09-18 06:56:00+00:00,4371.14,4410.52,39.38000000000011
2026-09-18 06:57:00+00:00,4374.62,4414.11,39.48999999999978
2026-09-18 06:58:00+00:00,4377.16,4416.56,39.400000000000546
2026-09-18 06:59:00+00:00,4377.32,4416.71,39.39000000000033
2026-09-18 07:00:00+00:00,4383.43,4422.71,39.279999999999745
2026-09-18 07:01:00+00:00,4385.25,4424.66,39.409999999999854
2026-09-18 07:02:00+00:00,4385.41,4424.91,39.5
2026-09-18 07:03:00+00:00,4383.59,4422.91,39.31999999999971
2026-09-18 07:04:00+00:00,4382.32,4421.61,39.289999999999964
2026-09-18 07:05:00+00:00,4384.03,4423.46,39.43000000000029
2026-09-18 07:06:00+00:00,4386.91,4426.21,39.30000000000018
2026-09-18 07:07:00+00:00,4386.03,4425.41,39.38000000000011
2026-09-18 07:08:00+00:00,4387.11,4426.51,39.400000000000546
2026-09-18 07:09:00+00:00,4387.47,4426.81,39.340000000000146
2026-09-18 07:10:00+00:00,4387.01,4426.56,39.55000000000018
2026-09-18 07:11:00+00:00,4387.57,4427.26,39.69000000000051
2026-09-18 07:12:00+00:00,4388.87,4428.31,39.44000000000051
2026-09-18 07:13:00+00:00,4389.92,4429.26,39.340000000000146
2026-09-18 07:14:00+00:00,4389.08,4428.51,39.43000000000029
2026-09-18 07:15:00+00:00,4385.12,4424.67,39.55000000000018
2026-09-18 07:16:00+00:00,4384.99,4424.46,39.470000000000255
2026-09-18 07:17:00+00:00,4382.93,4422.37,39.4399999999996
2026-09-18 07:18:00+00:00,4383.87,4423.32,39.44999999999982
2026-09-18 07:19:00+00:00,4384.81,4424.32,39.50999999999931
2026-09-18 07:20:00+00:00,4385.7,4425.11,39.409999999999854
2026-09-18 07:21:00+00:00,4386.58,4426.01,39.43000000000029
2026-09-18 07:22:00+00:00,4388.61,4428.16,39.55000000000018
2026-09-18 07:23:00+00:00,4388.75,4428.27,39.52000000000044
2026-09-18 07:24:00+00:00,4391.55,4431.07,39.51999999999953
2026-09-18 07:25:00+00:00,4392.63,4432.17,39.539999999999964
2026-09-18 07:26:00+00:00,4392.43,4432.01,39.57999999999993
2026-09-18 07:27:00+00:00,4393.22,4432.76,39.539999999999964
2026-09-18 07:28:00+00:00,4393.33,4432.87,39.539999999999964
2026-09-18 07:29:00+00:00,4392.41,4432.12,39.710000000000036
2026-09-18 07:30:00+00:00,4392.47,4431.66,39.1899999999996
2026-09-18 07:31:00+00:00,4391.08,4430.96,39.88000000000011
2026-09-18 07:32:00+00:00,4393.41,4433.12,39.710000000000036
2026-09-18 07:33:00+00:00,4391.94,4431.42,39.48000000000047
2026-09-18 07:34:00+00:00,4393.25,4432.71,39.460000000000036
2026-09-18 07:35:00+00:00,4392.97,4432.46,39.48999999999978
2026-09-18 07:36:00+00:00,4392.72,4432.21,39.48999999999978
2026-09-18 07:37:00+00:00,4393.46,4432.82,39.35999999999967
2026-09-18 07:38:00+00:00,4393.41,4432.87,39.460000000000036
2026-09-18 07:39:00+00:00,4394.62,4434.07,39.44999999999982
2026-09-18 07:40:00+00:00,4395.9,4435.27,39.3700000000008
2026-09-18 07:41:00+00:00,4396.6,4436.01,39.409999999999854
2026-09-18 07:42:00+00:00,4396.06,4435.57,39.50999999999931
2026-09-18 07:43:00+00:00,4396.13,4435.57,39.4399999999996
2026-09-18 07:44:00+00:00,4396.19,4435.71,39.52000000000044
2026-09-18 07:45:00+00:00,4396.82,4436.36,39.539999999999964
2026-09-18 07:46:00+00:00,4396.92,4436.57,39.649999999999636
2026-09-18 07:47:00+00:00,4395.66,4435.27,39.61000000000058
2026-09-18 07:48:00+00:00,4396.59,4436.26,39.67000000000007
2026-09-18 07:49:00+00:00,4395.3,4434.92,39.61999999999989
2026-09-18 07:50:00+00:00,4393.29,4432.76,39.470000000000255
2026-09-18 07:51:00+00:00,4392.91,4432.46,39.55000000000018
2026-09-18 07:52:00+00:00,4392.24,4431.81,39.57000000000062
2026-09-18 07:53:00+00:00,4390.99,4430.61,39.61999999999989
2026-09-18 07:54:00+00:00,4391.17,4430.87,39.69999999999982
2026-09-18 07:55:00+00:00,4390.27,4429.81,39.539999999999964
2026-09-18 07:56:00+00:00,4392.29,4432.06,39.77000000000044
2026-09-18 07:57:00+00:00,4394.03,4433.81,39.780000000000655
2026-09-18 07:58:00+00:00,4393.73,4433.52,39.79000000000087
2026-09-18 07:59:00+00:00,4393.57,4433.21,39.64000000000033
2026-09-18 08:00:00+00:00,4392.81,4432.46,39.649999999999636
2026-09-18 08:01:00+00:00,4393.44,4433.16,39.720000000000255
2026-09-18 08:02:00+00:00,4391.6,4431.36,39.75999999999931
2026-09-18 08:03:00+00:00,4391.73,4431.56,39.83000000000084
2026-09-18 08:04:00+00:00,4391.5,4431.11,39.60999999999967
2026-09-18 08:05:00+00:00,4392.33,4432.11,39.779999999999745
2026-09-18 08:06:00+00:00,4392.23,4431.96,39.73000000000047
2026-09-18 08:07:00+00:00,4393.19,4433.02,39.83000000000084
2026-09-18 08:08:00+00:00,4394.65,4434.52,39.8700000000008
2026-09-18 08:09:00+00:00,4393.63,4433.52,39.89000000000033
2026-09-18 08:10:00+00:00,4393.33,4433.22,39.89000000000033
2026-09-18 08:11:00+00:00,4392.08,4431.91,39.82999999999993
2026-09-18 08:12:00+00:00,4390.91,4430.81,39.900000000000546
2026-09-18 08:13:00+00:00,4391.23,4431.11,39.88000000000011
2026-09-18 08:14:00+00:00,4390.59,4430.17,39.57999999999993
2026-09-18 08:15:00+00:00,4390.04,4429.82,39.779999999999745
2026-09-18 08:16:00+00:00,4392.48,4432.21,39.73000000000047
2026-09-18 08:17:00+00:00,4393.41,4433.06,39.650000000000546
2026-09-18 08:18:00+00:00,4392.33,4432.21,39.88000000000011
2026-09-18 08:19:00+00:00,4392.71,4432.56,39.850000000000364
2026-09-18 08:20:00+00:00,4392.62,4432.41,39.789999999999964
2026-09-18 08:21:00+00:00,4392.22,4432.02,39.80000000000018
2026-09-18 08:22:00+00:00,4393.64,4433.47,39.82999999999993
2026-09-18 08:23:00+00:00,4393.55,4433.42,39.86999999999989
2026-09-18 08:24:00+00:00,4393.38,4433.21,39.82999999999993
2026-09-18 08:25:00+00:00,4394.52,4434.36,39.839999999999236
2026-09-18 08:26:00+00:00,4393.22,4433.12,39.899999999999636
2026-09-18 08:27:00+00:00,4392.86,4432.77,39.910000000000764
2026-09-18 08:28:00+00:00,4393.73,4433.51,39.780000000000655
2026-09-18 08:29:00+00:00,4395.63,4435.51,39.88000000000011
2026-09-18 08:30:00+00:00,4396.1,4435.96,39.85999999999967
2026-09-18 08:31:00+00:00,4392.77,4432.62,39.849999999999454
2026-09-18 08:32:00+00:00,4393.09,4432.86,39.76999999999953
2026-09-18 08:33:00+00:00,4392.48,4432.22,39.74000000000069
2026-09-18 08:34:00+00:00,4393.37,4433.06,39.69000000000051
2026-09-18 08:35:00+00:00,4395.49,4435.32,39.82999999999993
2026-09-18 08:36:00+00:00,4395.06,4434.92,39.85999999999967
2026-09-18 08:37:00+00:00,4392.45,4432.61,40.159999999999854
2026-09-18 08:38:00+00:00,4394.14,4433.96,39.81999999999971
2026-09-18 08:39:00+00:00,4393.84,4433.67,39.82999999999993
2026-09-18 08:40:00+00:00,4391.79,4431.61,39.81999999999971
2026-09-18 08:41:00+00:00,4392.43,4432.26,39.82999999999993
2026-09-18 08:42:00+00:00,4392.47,4432.37,39.899999999999636
2026-09-18 08:43:00+00:00,4393.26,4433.17,39.909999999999854
2026-09-18 08:44:00+00:00,4393.69,4433.57,39.88000000000011
2026-09-18 08:45:00+00:00,4395.17,4435.07,39.899999999999636
2026-09-18 08:46:00+00:00,4394.36,4434.26,39.900000000000546
2026-09-18 08:47:00+00:00,4395.88,4435.56,39.68000000000029
2026-09-18 08:48:00+00:00,4396.27,4436.07,39.79999999999927
2026-09-18 08:49:00+00:00,4397.45,4437.22,39.77000000000044
2026-09-18 08:50:00+00:00,4397.42,4437.26,39.840000000000146
2026-09-18 08:51:00+00:00,4398.73,4438.57,39.840000000000146
2026-09-18 08:52:00+00:00,4396.8,4436.67,39.86999999999989
2026-09-18 08:53:00+00:00,4395.74,4435.71,39.970000000000255
2026-09-18 08:54:00+00:00,4397.35,4437.11,39.75999999999931
2026-09-18 08:55:00+00:00,4395.26,4435.17,39.909999999999854
2026-09-18 08:56:00+00:00,4393.42,4433.16,39.73999999999978
2026-09-18 08:57:00+00:00,4393.39,4433.16,39.76999999999953
2026-09-18 08:58:00+00:00,4394.21,4433.96,39.75
2026-09-18 08:59:00+00:00,4393.44,4433.26,39.82000000000062
2026-09-18 09:00:00+00:00,4394.47,4434.27,39.80000000000018
2026-09-18 09:01:00+00:00,4395.78,4435.57,39.789999999999964
2026-09-18 09:02:00+00:00,4395.65,4435.42,39.77000000000044
2026-09-18 09:03:00+00:00,4397.11,4436.92,39.8100000000004
2026-09-18 09:04:00+00:00,4397.67,4437.36,39.6899999999996
2026-09-18 09:05:00+00:00,4396.39,4436.26,39.86999999999989
2026-09-18 09:06:00+00:00,4396.59,4436.42,39.82999999999993
2026-09-18 09:07:00+00:00,4397.36,4437.06,39.70000000000073
2026-09-18 09:08:00+00:00,4396.31,4436.21,39.899999999999636
2026-09-18 09:09:00+00:00,4394.8,4434.61,39.80999999999949
2026-09-18 09:10:00+00:00,4393.69,4433.41,39.720000000000255
2026-09-18 09:11:00+00:00,4392.37,4432.21,39.840000000000146
2026-09-18 09:12:00+00:00,4393.77,4433.47,39.69999999999982
2026-09-18 09:13:00+00:00,4393.13,4433.11,39.97999999999956
2026-09-18 09:14:00+00:00,4390.41,4430.21,39.80000000000018
2026-09-18 09:15:00+00:00,4391.33,4431.11,39.779999999999745
2026-09-18 09:16:00+00:00,4391.3,4431.17,39.86999999999989
2026-09-18 09:17:00+00:00,4391.9,4431.71,39.8100000000004
2026-09-18 09:18:00+00:00,4391.69,4431.52,39.83000000000084
2026-09-18 09:19:00+00:00,4391.58,4431.46,39.88000000000011
2026-09-18 09:20:00+00:00,4393.09,4432.87,39.779999999999745
2026-09-18 09:21:00+00:00,4393.14,4432.76,39.61999999999989
2026-09-18 09:22:00+00:00,4391.9,4431.52,39.6200000000008
2026-09-18 09:23:00+00:00,4393.26,4433.11,39.849999999999454
2026-09-18 09:24:00+00:00,4390.09,4430.01,39.92000000000007
2026-09-18 09:25:00+00:00,4389.31,4429.17,39.85999999999967
2026-09-18 09:26:00+00:00,4389.34,4429.16,39.81999999999971
2026-09-18 09:27:00+00:00,4389.53,4429.16,39.63000000000011
2026-09-18 09:28:00+00:00,4388.96,4428.71,39.75
2026-09-18 09:29:00+00:00,4387.83,4427.76,39.93000000000029
2026-09-18 09:30:00+00:00,4387.54,4427.41,39.86999999999989
2026-09-18 09:31:00+00:00,4386.78,4426.66,39.88000000000011
2026-09-18 09:32:00+00:00,4387.61,4427.41,39.80000000000018
2026-09-18 09:33:00+00:00,4387.94,4427.81,39.8700000000008
2026-09-18 09:34:00+00:00,4387.69,4427.56,39.8700000000008
2026-09-18 09:35:00+00:00,4386.1,4425.96,39.85999999999967
2026-09-18 09:36:00+00:00,4386.19,4426.12,39.93000000000029
2026-09-18 09:37:00+00:00,4388.43,4428.36,39.92999999999938
2026-09-18 09:38:00+00:00,4386.76,4426.56,39.80000000000018
2026-09-18 09:39:00+00:00,4386.7,4426.57,39.86999999999989
2026-09-18 09:40:00+00:00,4386.14,4425.86,39.719999999999345
2026-09-18 09:41:00+00:00,4386.04,4425.66,39.61999999999989
2026-09-18 09:42:00+00:00,4385.81,4425.37,39.55999999999949
2026-09-18 09:43:00+00:00,4385.37,4425.11,39.73999999999978
2026-09-18 09:44:00+00:00,4386.86,4426.46,39.600000000000364
2026-09-18 09:45:00+00:00,4386.96,4426.66,39.69999999999982
2026-09-18 09:46:00+00:00,4386.76,4426.61,39.849999999999454
2026-09-18 09:47:00+00:00,4388.49,4428.41,39.92000000000007
2026-09-18 09:48:00+00:00,4388.24,4428.01,39.77000000000044
2026-09-18 09:49:00+00:00,4386.78,4426.61,39.82999999999993
2026-09-18 09:50:00+00:00,4388.27,4428.16,39.88999999999942
2026-09-18 09:51:00+00:00,4387.73,4428.11,40.38000000000011
2026-09-18 09:52:00+00:00,4389.63,4429.46,39.82999999999993
2026-09-18 09:53:00+00:00,4391.0,4430.87,39.86999999999989
2026-09-18 09:54:00+00:00,4391.96,4431.86,39.899999999999636
2026-09-18 09:55:00+00:00,4392.48,4432.51,40.030000000000655
2026-09-18 09:56:00+00:00,4394.17,4434.01,39.840000000000146
2026-09-18 09:57:00+00:00,4394.01,4433.87,39.85999999999967
2026-09-18 09:58:00+00:00,4392.38,4432.21,39.82999999999993
2026-09-18 09:59:00+00:00,4392.35,4432.11,39.75999999999931
2026-09-18 10:00:00+00:00,4392.62,4432.36,39.73999999999978
2026-09-18 10:01:00+00:00,4392.15,4432.06,39.910000000000764
2026-09-18 10:02:00+00:00,4393.8,4433.76,39.960000000000036
2026-09-18 10:03:00+00:00,4394.33,4434.31,39.98000000000047
2026-09-18 10:04:00+00:00,4394.98,4434.96,39.98000000000047
2026-09-18 10:05:00+00:00,4394.8,4434.77,39.970000000000255
2026-09-18 10:06:00+00:00,4396.24,4436.11,39.86999999999989
2026-09-18 10:07:00+00:00,4396.44,4436.37,39.93000000000029
2026-09-18 10:08:00+00:00,4396.98,4436.96,39.98000000000047
2026-09-18 10:09:00+00:00,4396.16,4436.06,39.900000000000546
2026-09-18 10:10:00+00:00,4397.85,4437.87,40.01999999999953
2026-09-18 10:11:00+00:00,4398.02,4438.06,40.039999999999964
2026-09-18 10:12:00+00:00,4396.62,4436.67,40.05000000000018
2026-09-18 10:13:00+00:00,4396.53,4436.52,39.99000000000069
2026-09-18 10:14:00+00:00,4394.45,4434.46,40.01000000000022
2026-09-18 10:15:00+00:00,4394.93,4434.76,39.82999999999993
2026-09-18 10:16:00+00:00,4394.25,4434.11,39.85999999999967
2026-09-18 10:17:00+00:00,4394.03,4433.86,39.82999999999993
2026-09-18 10:18:00+00:00,4393.08,4432.91,39.82999999999993
2026-09-18 10:19:00+00:00,4393.18,4433.06,39.88000000000011
2026-09-18 10:20:00+00:00,4394.78,4434.56,39.780000000000655
2026-09-18 10:21:00+00:00,4393.8,4433.67,39.86999999999989
2026-09-18 10:22:00+00:00,4393.15,4433.06,39.910000000000764
2026-09-18 10:23:00+00:00,4391.93,4431.96,40.029999999999745
2026-09-18 10:24:00+00:00,4391.32,4431.27,39.95000000000073
2026-09-18 10:25:00+00:00,4387.54,4427.41,39.86999999999989
2026-09-18 10:26:00+00:00,4387.01,4426.96,39.94999999999982
2026-09-18 10:27:00+00:00,4387.74,4427.56,39.82000000000062
2026-09-18 10:28:00+00:00,4387.96,4427.86,39.899999999999636
2026-09-18 10:29:00+00:00,4387.88,4427.91,40.029999999999745
2026-09-18 10:30:00+00:00,4387.35,4427.22,39.86999999999989
2026-09-18 10:31:00+00:00,4388.4,4428.51,40.11000000000058
2026-09-18 10:32:00+00:00,4387.68,4427.71,40.029999999999745
2026-09-18 10:33:00+00:00,4386.13,4426.21,40.07999999999993
2026-09-18 10:34:00+00:00,4385.74,4425.86,40.11999999999989
2026-09-18 10:35:00+00:00,4385.76,4425.86,40.099999999999454
2026-09-18 10:36:00+00:00,4385.35,4425.27,39.92000000000007
2026-09-18 10:37:00+00:00,4385.48,4425.46,39.98000000000047
2026-09-18 10:38:00+00:00,4382.33,4422.37,40.039999999999964
2026-09-18 10:39:00+00:00,4381.51,4421.36,39.849999999999454
2026-09-18 10:40:00+00:00,4381.27,4421.21,39.9399999999996
2026-09-18 10:41:00+00:00,4379.56,4419.51,39.94999999999982
2026-09-18 10:42:00+00:00,4379.61,4419.71,40.100000000000364
2026-09-18 10:43:00+00:00,4378.22,4418.26,40.039999999999964
2026-09-18 10:44:00+00:00,4376.6,4416.66,40.05999999999949
2026-09-18 10:45:00+00:00,4374.63,4414.66,40.029999999999745
2026-09-18 10:46:00+00:00,4375.66,4415.71,40.05000000000018
2026-09-18 10:47:00+00:00,4376.19,4416.16,39.970000000000255
2026-09-18 10:48:00+00:00,4375.42,4415.36,39.9399999999996
2026-09-18 10:49:00+00:00,4374.74,4414.66,39.92000000000007
2026-09-18 10:50:00+00:00,4374.88,4414.71,39.82999999999993
2026-09-18 10:51:00+00:00,4376.22,4416.17,39.94999999999982
2026-09-18 10:52:00+00:00,4376.16,4415.96,39.80000000000018
2026-09-18 10:53:00+00:00,4376.45,4416.37,39.92000000000007
2026-09-18 10:54:00+00:00,4378.22,4418.16,39.9399999999996
2026-09-18 10:55:00+00:00,4377.1,4416.86,39.75999999999931
2026-09-18 10:56:00+00:00,4376.46,4416.26,39.80000000000018
2026-09-18 10:57:00+00:00,4377.6,4417.41,39.80999999999949
2026-09-18 10:58:00+00:00,4376.88,4416.66,39.779999999999745
2026-09-18 10:59:00+00:00,4376.63,4416.31,39.68000000000029
2026-09-18 11:00:00+00:00,4377.33,4417.07,39.73999999999978
2026-09-18 11:01:00+00:00,4376.58,4416.37,39.789999999999964
2026-09-18 11:02:00+00:00,4376.6,4416.37,39.76999999999953
2026-09-18 11:03:00+00:00,4376.8,4416.46,39.659999999999854
2026-09-18 11:04:00+00:00,4376.91,4416.76,39.850000000000364
2026-09-18 11:05:00+00:00,4376.75,4416.52,39.77000000000044
2026-09-18 11:06:00+00:00,4377.89,4417.62,39.72999999999956
2026-09-18 11:07:00+00:00,4378.95,4418.66,39.710000000000036
2026-09-18 11:08:00+00:00,4378.38,4418.07,39.6899999999996
2026-09-18 11:09:00+00:00,4379.03,4418.76,39.73000000000047
2026-09-18 11:10:00+00:00,4378.9,4418.66,39.76000000000022
2026-09-18 11:11:00+00:00,4378.96,4418.67,39.710000000000036
2026-09-18 11:12:00+00:00,4379.07,4418.61,39.539999999999964
2026-09-18 11:13:00+00:00,4379.99,4419.66,39.67000000000007
2026-09-18 11:14:00+00:00,4379.17,4418.71,39.539999999999964
2026-09-18 11:15:00+00:00,4379.89,4419.51,39.61999999999989
2026-09-18 11:16:00+00:00,4377.94,4417.56,39.6200000000008
2026-09-18 11:17:00+00:00,4378.84,4418.46,39.61999999999989
2026-09-18 11:18:00+00:00,4377.99,4417.51,39.52000000000044
2026-09-18 11:19:00+00:00,4379.66,4419.37,39.710000000000036
2026-09-18 11:20:00+00:00,4379.54,4419.37,39.82999999999993
2026-09-18 11:21:00+00:00,4379.08,4418.86,39.779999999999745
2026-09-18 11:22:00+00:00,4379.17,4418.97,39.80000000000018
2026-09-18 11:23:00+00:00,4380.31,4420.06,39.75
2026-09-18 11:24:00+00:00,4380.01,4419.77,39.76000000000022
2026-09-18 11:25:00+00:00,4379.16,4418.86,39.69999999999982
2026-09-18 11:26:00+00:00,4379.9,4419.56,39.660000000000764
2026-09-18 11:27:00+00:00,4379.93,4419.51,39.57999999999993
2026-09-18 11:28:00+00:00,4380.41,4420.21,39.80000000000018
2026-09-18 11:29:00+00:00,4381.48,4421.26,39.780000000000655
2026-09-18 11:30:00+00:00,4381.53,4421.26,39.73000000000047
2026-09-18 11:31:00+00:00,4380.38,4420.06,39.68000000000029
2026-09-18 11:32:00+00:00,4379.61,4419.27,39.660000000000764
2026-09-18 11:33:00+00:00,4381.16,4420.96,39.80000000000018
2026-09-18 11:34:00+00:00,4381.25,4420.91,39.659999999999854
2026-09-18 11:35:00+00:00,4381.48,4421.11,39.63000000000011
2026-09-18 11:36:00+00:00,4381.28,4420.96,39.68000000000029
2026-09-18 11:37:00+00:00,4381.23,4420.92,39.69000000000051
2026-09-18 11:38:00+00:00,4379.9,4419.77,39.8700000000008
2026-09-18 11:39:00+00:00,4380.8,4420.47,39.67000000000007
2026-09-18 11:40:00+00:00,4379.71,4419.37,39.659999999999854
2026-09-18 11:41:00+00:00,4379.72,4419.46,39.73999999999978
2026-09-18 11:42:00+00:00,4379.75,4419.36,39.60999999999967
2026-09-18 11:43:00+00:00,4380.88,4420.46,39.57999999999993
2026-09-18 11:44:00+00:00,4381.43,4420.96,39.529999999999745
2026-09-18 11:45:00+00:00,4380.64,4420.11,39.469999999999345
2026-09-18 11:46:00+00:00,4378.84,4418.36,39.51999999999953
2026-09-18 11:47:00+00:00,4378.25,4417.81,39.5600000000004
2026-09-18 11:48:00+00:00,4377.56,4417.06,39.5
2026-09-18 11:49:00+00:00,4378.9,4418.42,39.52000000000044
2026-09-18 11:50:00+00:00,4377.12,4416.56,39.44000000000051
2026-09-18 11:51:00+00:00,4377.37,4416.76,39.39000000000033
2026-09-18 11:52:00+00:00,4377.05,4416.46,39.409999999999854
2026-09-18 11:53:00+00:00,4377.42,4416.92,39.5
2026-09-18 11:54:00+00:00,4377.39,4416.87,39.47999999999956
2026-09-18 11:55:00+00:00,4377.94,4417.41,39.470000000000255
2026-09-18 11:56:00+00:00,4379.29,4418.76,39.470000000000255
2026-09-18 11:57:00+00:00,4380.19,4419.66,39.470000000000255
2026-09-18 11:58:00+00:00,4380.84,4420.06,39.220000000000255
2026-09-18 11:59:00+00:00,4381.82,4421.11,39.289999999999964
2026-09-18 12:00:00+00:00,4382.8,4422.06,39.26000000000022
2026-09-18 12:01:00+00:00,4385.07,4424.46,39.39000000000033
2026-09-18 12:02:00+00:00,4386.35,4425.56,39.210000000000036
2026-09-18 12:03:00+00:00,4385.37,4424.66,39.289999999999964
2026-09-18 12:04:00+00:00,4385.58,4424.76,39.18000000000029
2026-09-18 12:05:00+00:00,4378.81,4418.21,39.399999999999636
2026-09-18 12:06:00+00:00,4381.56,4420.81,39.25
2026-09-18 12:07:00+00:00,4383.86,4423.06,39.20000000000073
2026-09-18 12:08:00+00:00,4383.93,4423.21,39.279999999999745
2026-09-18 12:09:00+00:00,4385.86,4425.01,39.150000000000546
2026-09-18 12:10:00+00:00,4387.29,4426.46,39.17000000000007
2026-09-18 12:11:00+00:00,4387.24,4426.42,39.18000000000029
2026-09-18 12:12:00+00:00,4387.54,4426.61,39.06999999999971
2026-09-18 12:13:00+00:00,4386.75,4425.82,39.06999999999971
2026-09-18 12:14:00+00:00,4388.27,4427.46,39.1899999999996
2026-09-18 12:15:00+00:00,4387.23,4426.31,39.08000000000084
2026-09-18 12:16:00+00:00,4384.47,4423.72,39.25
2026-09-18 12:17:00+00:00,4382.02,4421.16,39.13999999999942
2026-09-18 12:18:00+00:00,4382.69,4421.87,39.18000000000029
2026-09-18 12:19:00+00:00,4381.67,4420.87,39.19999999999982
2026-09-18 12:20:00+00:00,4382.53,4421.72,39.19000000000051
2026-09-18 12:21:00+00:00,4382.84,4422.01,39.17000000000007
2026-09-18 12:22:00+00:00,4382.57,4421.76,39.19000000000051
2026-09-18 12:23:00+00:00,4382.66,4421.71,39.05000000000018
2026-09-18 12:24:00+00:00,4381.65,4420.92,39.27000000000044
2026-09-18 12:25:00+00:00,4382.31,4421.62,39.30999999999949
2026-09-18 12:26:00+00:00,4381.84,4421.07,39.22999999999956
2026-09-18 12:27:00+00:00,4380.5,4419.66,39.159999999999854
2026-09-18 12:28:00+00:00,4379.87,4419.22,39.350000000000364
2026-09-18 12:29:00+00:00,4377.75,4416.96,39.210000000000036
2026-09-18 12:30:00+00:00,4377.7,4416.92,39.220000000000255
2026-09-18 12:31:00+00:00,4379.15,4418.37,39.220000000000255
2026-09-18 12:32:00+00:00,4380.47,4419.67,39.19999999999982
2026-09-18 12:33:00+00:00,4380.76,4419.92,39.159999999999854
2026-09-18 12:34:00+00:00,4380.36,4419.67,39.3100000000004
2026-09-18 12:35:00+00:00,4381.31,4420.71,39.399999999999636
2026-09-18 12:36:00+00:00,4381.34,4420.67,39.32999999999993
2026-09-18 12:37:00+00:00,4380.57,4419.87,39.30000000000018
2026-09-18 12:38:00+00:00,4378.34,4417.67,39.32999999999993
2026-09-18 12:39:00+00:00,4378.92,4418.71,39.789999999999964
2026-09-18 12:40:00+00:00,4378.4,4417.56,39.160000000000764
2026-09-18 12:41:00+00:00,4379.16,4418.26,39.100000000000364
2026-09-18 12:42:00+00:00,4377.76,4416.91,39.149999999999636
2026-09-18 12:43:00+00:00,4374.88,4414.01,39.13000000000011
2026-09-18 12:44:00+00:00,4375.94,4415.01,39.07000000000062
2026-09-18 12:45:00+00:00,4375.74,4414.91,39.17000000000007
2026-09-18 12:46:00+00:00,4376.41,4415.81,39.400000000000546
2026-09-18 12:47:00+00:00,4376.52,4415.57,39.04999999999927
2026-09-18 12:48:00+00:00,4375.86,4414.91,39.05000000000018
2026-09-18 12:49:00+00:00,4376.42,4415.61,39.1899999999996
2026-09-18 12:50:00+00:00,4374.72,4413.86,39.13999999999942
2026-09-18 12:51:00+00:00,4373.3,4412.36,39.05999999999949
2026-09-18 12:52:00+00:00,4374.13,4413.32,39.1899999999996
2026-09-18 12:53:00+00:00,4374.01,4413.07,39.05999999999949
2026-09-18 12:54:00+00:00,4373.16,4412.22,39.0600000000004
2026-09-18 12:55:00+00:00,4374.29,4413.26,38.970000000000255
2026-09-18 12:56:00+00:00,4375.72,4414.66,38.9399999999996
2026-09-18 12:57:00+00:00,4375.1,4413.91,38.80999999999949
2026-09-18 12:58:00+00:00,4378.23,4417.27,39.04000000000087
2026-09-18 12:59:00+00:00,4381.74,4420.52,38.780000000000655
2026-09-18 13:00:00+00:00,4380.6,4419.67,39.06999999999971
2026-09-18 13:01:00+00:00,4380.69,4419.76,39.07000000000062
2026-09-18 13:02:00+00:00,4376.22,4415.36,39.13999999999942
2026-09-18 13:03:00+00:00,4376.66,4415.61,38.94999999999982
2026-09-18 13:04:00+00:00,4379.58,4419.86,40.279999999999745
2026-09-18 13:05:00+00:00,4374.63,4413.61,38.97999999999956
2026-09-18 13:06:00+00:00,4373.31,4412.11,38.79999999999927
2026-09-18 13:07:00+00:00,4372.61,4411.31,38.70000000000073
2026-09-18 13:08:00+00:00,4372.84,4411.56,38.720000000000255
2026-09-18 13:09:00+00:00,4375.01,4413.71,38.69999999999982
2026-09-18 13:10:00+00:00,4373.96,4412.76,38.80000000000018
2026-09-18 13:11:00+00:00,4371.23,4409.91,38.68000000000029
2026-09-18 13:12:00+00:00,4373.41,4412.11,38.69999999999982
2026-09-18 13:13:00+00:00,4373.79,4412.41,38.61999999999989
2026-09-18 13:14:00+00:00,4373.59,4412.16,38.56999999999971
2026-09-18 13:15:00+00:00,4372.99,4411.61,38.61999999999989
2026-09-18 13:16:00+00:00,4372.17,4410.76,38.590000000000146
2026-09-18 13:17:00+00:00,4373.65,4412.36,38.710000000000036
2026-09-18 13:18:00+00:00,4374.25,4412.96,38.710000000000036
2026-09-18 13:19:00+00:00,4371.45,4410.06,38.61000000000058
2026-09-18 13:20:00+00:00,4367.81,4406.46,38.649999999999636
2026-09-18 13:21:00+00:00,4365.8,4404.46,38.659999999999854
2026-09-18 13:22:00+00:00,4366.03,4404.51,38.48000000000047
2026-09-18 13:23:00+00:00,4361.46,4400.01,38.55000000000018
2026-09-18 13:24:00+00:00,4357.12,4395.56,38.44000000000051
2026-09-18 13:25:00+00:00,4357.49,4395.86,38.36999999999989
2026-09-18 13:26:00+00:00,4357.36,4395.86,38.5
2026-09-18 13:27:00+00:00,4356.19,4394.91,38.720000000000255
2026-09-18 13:28:00+00:00,4357.8,4396.21,38.409999999999854
2026-09-18 13:29:00+00:00,4358.3,4397.01,38.710000000000036
2026-09-18 13:30:00+00:00,4361.45,4399.56,38.11000000000058
2026-09-18 13:31:00+00:00,4363.75,4402.41,38.659999999999854
2026-09-18 13:32:00+00:00,4366.13,4404.81,38.68000000000029
2026-09-18 13:33:00+00:00,4369.16,4407.76,38.600000000000364
2026-09-18 13:34:00+00:00,4370.75,4409.36,38.60999999999967
2026-09-18 13:35:00+00:00,4372.52,4411.26,38.73999999999978
2026-09-18 13:36:00+00:00,4371.23,4409.96,38.73000000000047
2026-09-18 13:37:00+00:00,4370.77,4409.01,38.23999999999978
2026-09-18 13:38:00+00:00,4369.96,4408.61,38.649999999999636
2026-09-18 13:39:00+00:00,4368.79,4407.41,38.61999999999989
2026-09-18 13:40:00+00:00,4369.44,4408.16,38.720000000000255
2026-09-18 13:41:00+00:00,4367.96,4406.56,38.600000000000364
2026-09-18 13:42:00+00:00,4369.65,4408.21,38.5600000000004
2026-09-18 13:43:00+00:00,4369.48,4408.21,38.73000000000047
2026-09-18 13:44:00+00:00,4369.14,4407.96,38.81999999999971
2026-09-18 13:45:00+00:00,4368.42,4407.21,38.789999999999964
2026-09-18 13:46:00+00:00,4367.3,4405.96,38.659999999999854
2026-09-18 13:47:00+00:00,4368.07,4406.91,38.840000000000146
2026-09-18 13:48:00+00:00,4368.14,4406.96,38.81999999999971
2026-09-18 13:49:00+00:00,4368.96,4407.81,38.850000000000364
2026-09-18 13:50:00+00:00,4369.2,4407.86,38.659999999999854
2026-09-18 13:51:00+00:00,4367.6,4406.16,38.55999999999949
2026-09-18 13:52:00+00:00,4367.01,4405.72,38.710000000000036
2026-09-18 13:53:00+00:00,4367.35,4406.16,38.80999999999949
2026-09-18 13:54:00+00:00,4368.66,4407.01,38.350000000000364
2026-09-18 13:55:00+00:00,4367.75,4406.41,38.659999999999854
2026-09-18 13:56:00+00:00,4368.68,4407.31,38.63000000000011
2026-09-18 13:57:00+00:00,4367.32,4406.01,38.69000000000051
2026-09-18 13:58:00+00:00,4367.28,4405.96,38.68000000000029
2026-09-18 13:59:00+00:00,4368.88,4407.71,38.82999999999993
2026-09-18 14:00:00+00:00,4372.67,4411.31,38.64000000000033
2026-09-18 14:01:00+00:00,4369.99,4408.61,38.61999999999989
2026-09-18 14:02:00+00:00,4365.6,4404.16,38.55999999999949
2026-09-18 14:03:00+00:00,4366.79,4405.51,38.720000000000255
2026-09-18 14:04:00+00:00,4371.18,4409.46,38.279999999999745
2026-09-18 14:05:00+00:00,4370.86,4409.56,38.70000000000073
2026-09-18 14:06:00+00:00,4372.83,4411.76,38.93000000000029
2026-09-18 14:07:00+00:00,4372.59,4411.31,38.720000000000255
2026-09-18 14:08:00+00:00,4375.26,4413.86,38.599999999999454
2026-09-18 14:09:00+00:00,4372.64,4411.36,38.719999999999345
2026-09-18 14:10:00+00:00,4372.99,4411.81,38.82000000000062
2026-09-18 14:11:00+00:00,4372.63,4411.41,38.779999999999745
2026-09-18 14:12:00+00:00,4371.64,4410.36,38.719999999999345
2026-09-18 14:13:00+00:00,4371.68,4410.41,38.72999999999956
2026-09-18 14:14:00+00:00,4371.65,4410.21,38.5600000000004
2026-09-18 14:15:00+00:00,4373.24,4412.01,38.77000000000044
2026-09-18 14:16:00+00:00,4373.23,4412.01,38.780000000000655
2026-09-18 14:17:00+00:00,4373.1,4412.02,38.92000000000007
2026-09-18 14:18:00+00:00,4372.71,4411.51,38.80000000000018
2026-09-18 14:19:00+00:00,4372.1,4410.91,38.80999999999949
2026-09-18 14:20:00+00:00,4369.35,4408.17,38.81999999999971
2026-09-18 14:21:00+00:00,4367.93,4406.62,38.6899999999996
2026-09-18 14:22:00+00:00,4366.89,4405.46,38.56999999999971
2026-09-18 14:23:00+00:00,4365.88,4404.57,38.6899999999996
2026-09-18 14:24:00+00:00,4365.38,4404.02,38.64000000000033
2026-09-18 14:25:00+00:00,4363.43,4402.06,38.63000000000011
2026-09-18 14:26:00+00:00,4365.17,4403.86,38.6899999999996
2026-09-18 14:27:00+00:00,4364.88,4403.41,38.529999999999745
2026-09-18 14:28:00+00:00,4366.2,4404.91,38.710000000000036
2026-09-18 14:29:00+00:00,4367.27,4405.91,38.63999999999942
2026-09-18 14:30:00+00:00,4364.0,4402.56,38.5600000000004
2026-09-18 14:31:00+00:00,4362.42,4401.11,38.6899999999996
2026-09-18 14:32:00+00:00,4360.6,4399.06,38.460000000000036
2026-09-18 14:33:00+00:00,4361.95,4400.26,38.3100000000004
2026-09-18 14:34:00+00:00,4358.64,4396.91,38.26999999999953
2026-09-18 14:35:00+00:00,4356.81,4395.01,38.19999999999982
2026-09-18 14:36:00+00:00,4355.56,4393.81,38.25
2026-09-18 14:37:00+00:00,4357.74,4396.31,38.57000000000062
2026-09-18 14:38:00+00:00,4358.23,4396.81,38.58000000000084
2026-09-18 14:39:00+00:00,4359.16,4397.81,38.650000000000546
2026-09-18 14:40:00+00:00,4357.46,4396.16,38.69999999999982
2026-09-18 14:41:00+00:00,4354.63,4393.31,38.68000000000029
2026-09-18 14:42:00+00:00,4354.42,4393.01,38.590000000000146
2026-09-18 14:43:00+00:00,4353.44,4392.01,38.57000000000062
2026-09-18 14:44:00+00:00,4353.44,4392.06,38.6200000000008
2026-09-18 14:45:00+00:00,4356.83,4395.46,38.63000000000011
2026-09-18 14:46:00+00:00,4356.92,4395.61,38.6899999999996
2026-09-18 14:47:00+00:00,4354.94,4393.71,38.77000000000044
2026-09-18 14:48:00+00:00,4355.57,4394.21,38.64000000000033
2026-09-18 14:49:00+00:00,4354.51,4393.06,38.55000000000018
2026-09-18 14:50:00+00:00,4353.25,4391.81,38.5600000000004
2026-09-18 14:51:00+00:00,4353.57,4392.11,38.539999999999964
2026-09-18 14:52:00+00:00,4356.98,4395.71,38.73000000000047
2026-09-18 14:53:00+00:00,4350.53,4388.81,38.280000000000655
2026-09-18 14:54:00+00:00,4349.78,4388.16,38.38000000000011
2026-09-18 14:55:00+00:00,4349.93,4388.11,38.17999999999938
2026-09-18 14:56:00+00:00,4349.68,4387.96,38.279999999999745
2026-09-18 14:57:00+00:00,4348.71,4386.86,38.149999999999636
2026-09-18 14:58:00+00:00,4349.83,4387.76,37.93000000000029
2026-09-18 14:59:00+00:00,4349.39,4387.66,38.26999999999953
2026-09-18 15:00:00+00:00,4350.3,4388.61,38.30999999999949
2026-09-18 15:01:00+00:00,4351.43,4389.56,38.13000000000011
2026-09-18 15:02:00+00:00,4352.08,4390.11,38.029999999999745
2026-09-18 15:03:00+00:00,4354.31,4392.46,38.149999999999636
2026-09-18 15:04:00+00:00,4356.32,4394.21,37.89000000000033
2026-09-18 15:05:00+00:00,4353.86,4391.71,37.850000000000364
2026-09-18 15:06:00+00:00,4354.1,4392.11,38.00999999999931
2026-09-18 15:07:00+00:00,4351.93,4389.91,37.97999999999956
2026-09-18 15:08:00+00:00,4352.03,4389.66,37.63000000000011
2026-09-18 15:09:00+00:00,4352.22,4390.46,38.23999999999978
2026-09-18 15:10:00+00:00,4354.8,4393.11,38.30999999999949
2026-09-18 15:11:00+00:00,4354.85,4393.16,38.30999999999949
2026-09-18 15:12:00+00:00,4355.86,4394.21,38.350000000000364
2026-09-18 15:13:00+00:00,4353.34,4391.61,38.26999999999953
2026-09-18 15:14:00+00:00,4351.67,4389.91,38.23999999999978
2026-09-18 15:15:00+00:00,4353.0,4391.26,38.26000000000022
2026-09-18 15:16:00+00:00,4352.83,4391.26,38.43000000000029
2026-09-18 15:17:00+00:00,4351.42,4390.21,38.789999999999964
2026-09-18 15:18:00+00:00,4350.59,4388.96,38.36999999999989
2026-09-18 15:19:00+00:00,4348.13,4386.61,38.47999999999956
2026-09-18 15:20:00+00:00,4343.96,4382.26,38.30000000000018
2026-09-18 15:21:00+00:00,4346.36,4384.66,38.30000000000018
2026-09-18 15:22:00+00:00,4350.42,4389.06,38.64000000000033
2026-09-18 15:23:00+00:00,4352.62,4390.86,38.23999999999978
2026-09-18 15:24:00+00:00,4352.33,4390.71,38.38000000000011
2026-09-18 15:25:00+00:00,4349.38,4387.66,38.279999999999745
2026-09-18 15:26:00+00:00,4347.4,4385.86,38.460000000000036
2026-09-18 15:27:00+00:00,4347.68,4386.06,38.38000000000011
2026-09-18 15:28:00+00:00,4345.42,4383.76,38.340000000000146
2026-09-18 15:29:00+00:00,4342.99,4381.26,38.27000000000044
2026-09-18 15:30:00+00:00,4345.54,4383.81,38.27000000000044
2026-09-18 15:31:00+00:00,4344.5,4382.61,38.10999999999967
2026-09-18 15:32:00+00:00,4345.99,4384.36,38.36999999999989
2026-09-18 15:33:00+00:00,4347.23,4385.56,38.33000000000084
2026-09-18 15:34:00+00:00,4346.96,4385.26,38.30000000000018
2026-09-18 15:35:00+00:00,4345.05,4383.26,38.210000000000036
2026-09-18 15:36:00+00:00,4346.0,4384.26,38.26000000000022
2026-09-18 15:37:00+00:00,4348.11,4386.66,38.55000000000018
2026-09-18 15:38:00+00:00,4349.68,4387.96,38.279999999999745
2026-09-18 15:39:00+00:00,4353.15,4391.41,38.26000000000022
2026-09-18 15:40:00+00:00,4352.99,4391.46,38.470000000000255
2026-09-18 15:41:00+00:00,4352.06,4390.26,38.19999999999982
2026-09-18 15:42:00+00:00,4353.88,4392.01,38.13000000000011
2026-09-18 15:43:00+00:00,4351.36,4389.56,38.20000000000073
2026-09-18 15:44:00+00:00,4353.68,4391.81,38.13000000000011
2026-09-18 15:45:00+00:00,4352.65,4390.86,38.210000000000036
2026-09-18 15:46:00+00:00,4353.55,4391.76,38.210000000000036
2026-09-18 15:47:00+00:00,4351.91,4390.01,38.100000000000364
2026-09-18 15:48:00+00:00,4353.86,4392.01,38.150000000000546
2026-09-18 15:49:00+00:00,4354.93,4393.21,38.279999999999745
2026-09-18 15:50:00+00:00,4357.44,4395.71,38.27000000000044
2026-09-18 15:51:00+00:00,4360.63,4399.06,38.43000000000029
2026-09-18 15:52:00+00:00,4360.98,4399.16,38.18000000000029
2026-09-18 15:53:00+00:00,4358.92,4397.16,38.23999999999978
2026-09-18 15:54:00+00:00,4358.19,4396.46,38.27000000000044
2026-09-18 15:55:00+00:00,4357.65,4395.76,38.11000000000058
2026-09-18 15:56:00+00:00,4359.29,4397.46,38.17000000000007
2026-09-18 15:57:00+00:00,4357.57,4395.86,38.289999999999964
2026-09-18 15:58:00+00:00,4354.43,4392.66,38.22999999999956
2026-09-18 15:59:00+00:00,4352.98,4391.31,38.33000000000084
2026-09-18 16:00:00+00:00,4353.85,4392.11,38.25999999999931
2026-09-18 16:01:00+00:00,4354.91,4393.16,38.25
2026-09-18 16:02:00+00:00,4354.47,4392.81,38.340000000000146
2026-09-18 16:03:00+00:00,4354.5,4392.66,38.159999999999854
2026-09-18 16:04:00+00:00,4353.83,4391.96,38.13000000000011
2026-09-18 16:05:00+00:00,4354.69,4392.96,38.27000000000044
2026-09-18 16:06:00+00:00,4355.47,4393.61,38.13999999999942
2026-09-18 16:07:00+00:00,4355.41,4393.46,38.05000000000018
2026-09-18 16:08:00+00:00,4354.43,4392.51,38.07999999999993
2026-09-18 16:09:00+00:00,4350.32,4388.46,38.14000000000033
2026-09-18 16:10:00+00:00,4351.22,4389.46,38.23999999999978
2026-09-18 16:11:00+00:00,4349.52,4387.71,38.1899999999996
2026-09-18 16:12:00+00:00,4349.05,4387.16,38.10999999999967
2026-09-18 16:13:00+00:00,4351.69,4389.82,38.13000000000011
2026-09-18 16:14:00+00:00,4352.22,4390.36,38.13999999999942
2026-09-18 16:15:00+00:00,4353.06,4391.27,38.210000000000036
2026-09-18 16:16:00+00:00,4351.8,4389.96,38.159999999999854
2026-09-18 16:17:00+00:00,4352.53,4390.67,38.14000000000033
2026-09-18 16:18:00+00:00,4352.13,4390.27,38.14000000000033
2026-09-18 16:19:00+00:00,4355.52,4393.66,38.13999999999942
2026-09-18 16:20:00+00:00,4353.72,4391.87,38.149999999999636
2026-09-18 16:21:00+00:00,4352.52,4390.52,38.0
2026-09-18 16:22:00+00:00,4353.44,4391.46,38.02000000000044
2026-09-18 16:23:00+00:00,4354.62,4392.67,38.05000000000018
2026-09-18 16:24:00+00:00,4354.35,4392.37,38.01999999999953
2026-09-18 16:25:00+00:00,4354.1,4392.12,38.01999999999953
2026-09-18 16:26:00+00:00,4354.84,4392.81,37.970000000000255
2026-09-18 16:27:00+00:00,4354.91,4392.96,38.05000000000018
2026-09-18 16:28:00+00:00,4354.82,4392.86,38.039999999999964
2026-09-18 16:29:00+00:00,4356.31,4394.37,38.05999999999949
2026-09-18 16:30:00+00:00,4356.08,4394.32,38.23999999999978
2026-09-18 16:31:00+00:00,4355.41,4393.77,38.36000000000058
2026-09-18 16:32:00+00:00,4353.83,4392.01,38.18000000000029
2026-09-18 16:33:00+00:00,4355.48,4393.56,38.08000000000084
2026-09-18 16:34:00+00:00,4355.81,4394.06,38.25
2026-09-18 16:35:00+00:00,4357.08,4395.36,38.279999999999745
2026-09-18 16:36:00+00:00,4356.3,4394.56,38.26000000000022
2026-09-18 16:37:00+00:00,4353.91,4392.07,38.159999999999854
2026-09-18 16:38:00+00:00,4352.76,4391.01,38.25
2026-09-18 16:39:00+00:00,4351.3,4389.67,38.36999999999989
2026-09-18 16:40:00+00:00,4350.64,4388.96,38.31999999999971
2026-09-18 16:41:00+00:00,4350.02,4388.16,38.13999999999942
2026-09-18 16:42:00+00:00,4350.49,4388.87,38.38000000000011
2026-09-18 16:43:00+00:00,4353.1,4391.37,38.26999999999953
2026-09-18 16:44:00+00:00,4354.89,4393.17,38.279999999999745
2026-09-18 16:45:00+00:00,4354.4,4392.77,38.3700000000008
2026-09-18 16:46:00+00:00,4357.17,4395.42,38.25
2026-09-18 16:47:00+00:00,4356.14,4394.57,38.42999999999938
2026-09-18 16:48:00+00:00,4356.68,4394.96,38.279999999999745
2026-09-18 16:49:00+00:00,4357.2,4395.37,38.17000000000007
2026-09-18 16:50:00+00:00,4358.12,4396.36,38.23999999999978
2026-09-18 16:51:00+00:00,4356.55,4394.86,38.30999999999949
2026-09-18 16:52:00+00:00,4355.72,4394.12,38.399999999999636
2026-09-18 16:53:00+00:00,4354.31,4392.71,38.399999999999636
2026-09-18 16:54:00+00:00,4353.38,4391.72,38.340000000000146
2026-09-18 16:55:00+00:00,4355.28,4393.56,38.280000000000655
2026-09-18 16:56:00+00:00,4356.28,4394.41,38.13000000000011
2026-09-18 16:57:00+00:00,4355.88,4394.16,38.279999999999745
2026-09-18 16:58:00+00:00,4355.36,4393.56,38.20000000000073
2026-09-18 16:59:00+00:00,4356.7,4395.06,38.36000000000058
2026-09-18 17:00:00+00:00,4355.23,4393.47,38.24000000000069
2026-09-18 17:01:00+00:00,4355.92,4394.27,38.350000000000364
2026-09-18 17:02:00+00:00,4356.5,4394.86,38.35999999999967
2026-09-18 17:03:00+00:00,4356.81,4395.12,38.30999999999949
2026-09-18 17:04:00+00:00,4356.79,4395.16,38.36999999999989
2026-09-18 17:05:00+00:00,4358.31,4396.66,38.349999999999454
2026-09-18 17:06:00+00:00,4358.21,4396.52,38.3100000000004
2026-09-18 17:07:00+00:00,4358.57,4396.81,38.24000000000069
2026-09-18 17:08:00+00:00,4358.14,4396.36,38.219999999999345
2026-09-18 17:09:00+00:00,4360.06,4398.37,38.30999999999949
2026-09-18 17:10:00+00:00,4359.67,4397.96,38.289999999999964
2026-09-18 17:11:00+00:00,4362.1,4400.36,38.25999999999931
2026-09-18 17:12:00+00:00,4364.46,4402.76,38.30000000000018
2026-09-18 17:13:00+00:00,4361.27,4399.51,38.23999999999978
2026-09-18 17:14:00+00:00,4361.9,4400.06,38.160000000000764
2026-09-18 17:15:00+00:00,4361.69,4399.92,38.23000000000047
2026-09-18 17:16:00+00:00,4362.81,4401.07,38.25999999999931
2026-09-18 17:17:00+00:00,4363.15,4401.31,38.160000000000764
2026-09-18 17:18:00+00:00,4364.46,4402.77,38.3100000000004
2026-09-18 17:19:00+00:00,4366.26,4404.52,38.26000000000022
2026-09-18 17:20:00+00:00,4366.34,4404.56,38.220000000000255
2026-09-18 17:21:00+00:00,4369.02,4407.31,38.289999999999964
2026-09-18 17:22:00+00:00,4370.53,4408.86,38.32999999999993
2026-09-18 17:23:00+00:00,4369.52,4407.76,38.23999999999978
2026-09-18 17:24:00+00:00,4369.35,4407.62,38.26999999999953
2026-09-18 17:25:00+00:00,4371.19,4409.37,38.18000000000029
2026-09-18 17:26:00+00:00,4368.75,4407.02,38.27000000000044
2026-09-18 17:27:00+00:00,4368.56,4406.87,38.30999999999949
2026-09-18 17:28:00+00:00,4373.35,4411.61,38.25999999999931
2026-09-18 17:29:00+00:00,4377.65,4416.06,38.410000000000764
2026-09-18 17:30:00+00:00,4376.85,4414.91,38.05999999999949
2026-09-18 17:31:00+00:00,4375.09,4413.51,38.42000000000007
2026-09-18 17:32:00+00:00,4378.91,4417.36,38.44999999999982
2026-09-18 17:33:00+00:00,4383.57,4422.16,38.590000000000146
2026-09-18 17:34:00+00:00,4379.69,4418.31,38.6200000000008
2026-09-18 17:35:00+00:00,4379.75,4418.31,38.5600000000004
2026-09-18 17:36:00+00:00,4379.42,4417.86,38.4399999999996
2026-09-18 17:37:00+00:00,4377.92,4416.36,38.4399999999996
2026-09-18 17:38:00+00:00,4378.93,4417.36,38.42999999999938
2026-09-18 17:39:00+00:00,4380.35,4418.86,38.50999999999931
2026-09-18 17:40:00+00:00,4379.9,4418.36,38.460000000000036
2026-09-18 17:41:00+00:00,4380.38,4418.86,38.47999999999956
2026-09-18 17:42:00+00:00,4379.79,4418.27,38.48000000000047
2026-09-18 17:43:00+00:00,4377.64,4416.17,38.529999999999745
2026-09-18 17:44:00+00:00,4378.07,4416.51,38.44000000000051
2026-09-18 17:45:00+00:00,4379.52,4418.02,38.5
2026-09-18 17:46:00+00:00,4377.49,4415.87,38.38000000000011
2026-09-18 17:47:00+00:00,4379.53,4417.96,38.43000000000029
2026-09-18 17:48:00+00:00,4379.71,4417.96,38.25
2026-09-18 17:49:00+00:00,4378.94,4417.16,38.220000000000255
2026-09-18 17:50:00+00:00,4378.87,4417.16,38.289999999999964
2026-09-18 17:51:00+00:00,4378.99,4417.26,38.27000000000044
2026-09-18 17:52:00+00:00,4380.15,4418.46,38.3100000000004
2026-09-18 17:53:00+00:00,4380.96,4419.06,38.100000000000364
2026-09-18 17:54:00+00:00,4381.4,4419.66,38.26000000000022
2026-09-18 17:55:00+00:00,4381.69,4419.86,38.17000000000007
2026-09-18 17:56:00+00:00,4382.06,4420.26,38.19999999999982
2026-09-18 17:57:00+00:00,4382.22,4420.31,38.090000000000146
2026-09-18 17:58:00+00:00,4381.62,4419.76,38.14000000000033
2026-09-18 17:59:00+00:00,4382.78,4420.96,38.18000000000029
2026-09-18 18:00:00+00:00,4384.29,4422.51,38.220000000000255
2026-09-18 18:01:00+00:00,4382.96,4420.96,38.0
2026-09-18 18:02:00+00:00,4383.66,4421.67,38.01000000000022
2026-09-18 18:03:00+00:00,4386.33,4424.57,38.23999999999978
2026-09-18 18:04:00+00:00,4384.55,4422.67,38.11999999999989
2026-09-18 18:05:00+00:00,4385.35,4423.46,38.10999999999967
2026-09-18 18:06:00+00:00,4385.38,4423.46,38.07999999999993
2026-09-18 18:07:00+00:00,4386.61,4424.87,38.26000000000022
2026-09-18 18:08:00+00:00,4386.47,4424.66,38.1899999999996
2026-09-18 18:09:00+00:00,4386.55,4424.76,38.210000000000036
2026-09-18 18:10:00+00:00,4386.21,4424.46,38.25
2026-09-18 18:11:00+00:00,4386.94,4425.27,38.33000000000084
2026-09-18 18:12:00+00:00,4383.78,4421.91,38.13000000000011
2026-09-18 18:13:00+00:00,4385.96,4424.21,38.25
2026-09-18 18:14:00+00:00,4385.6,4423.81,38.210000000000036
2026-09-18 18:15:00+00:00,4386.31,4424.62,38.30999999999949
2026-09-18 18:16:00+00:00,4387.0,4425.17,38.17000000000007
2026-09-18 18:17:00+00:00,4388.0,4426.27,38.27000000000044
2026-09-18 18:18:00+00:00,4386.02,4424.17,38.149999999999636
2026-09-18 18:19:00+00:00,4386.06,4423.96,37.899999999999636
2026-09-18 18:20:00+00:00,4384.52,4422.56,38.039999999999964
2026-09-18 18:21:00+00:00,4383.68,4421.76,38.07999999999993
2026-09-18 18:22:00+00:00,4384.08,4422.07,37.98999999999978
2026-09-18 18:23:00+00:00,4383.37,4421.41,38.039999999999964
2026-09-18 18:24:00+00:00,4383.92,4422.06,38.14000000000033
2026-09-18 18:25:00+00:00,4385.15,4423.27,38.1200000000008
2026-09-18 18:26:00+00:00,4386.63,4424.81,38.18000000000029
2026-09-18 18:27:00+00:00,4386.51,4424.66,38.149999999999636
2026-09-18 18:28:00+00:00,4385.47,4423.56,38.090000000000146
2026-09-18 18:29:00+00:00,4386.92,4425.12,38.19999999999982
2026-09-18 18:30:00+00:00,4386.92,4425.11,38.1899999999996
2026-09-18 18:31:00+00:00,4386.51,4424.67,38.159999999999854
2026-09-18 18:32:00+00:00,4387.29,4425.66,38.36999999999989
2026-09-18 18:33:00+00:00,4388.76,4427.17,38.409999999999854
2026-09-18 18:34:00+00:00,4392.8,4431.21,38.409999999999854
2026-09-18 18:35:00+00:00,4392.36,4430.56,38.20000000000073
2026-09-18 18:36:00+00:00,4395.4,4433.66,38.26000000000022
2026-09-18 18:37:00+00:00,4394.11,4432.36,38.25
2026-09-18 18:38:00+00:00,4394.4,4432.61,38.210000000000036
2026-09-18 18:39:00+00:00,4393.59,4431.76,38.17000000000007
2026-09-18 18:40:00+00:00,4394.6,4432.87,38.26999999999953
2026-09-18 18:41:00+00:00,4394.85,4433.01,38.159999999999854
2026-09-18 18:42:00+00:00,4396.52,4434.56,38.039999999999964
2026-09-18 18:43:00+00:00,4392.92,4430.61,37.6899999999996
2026-09-18 18:44:00+00:00,4393.18,4431.16,37.97999999999956
2026-09-18 18:45:00+00:00,4393.44,4431.46,38.02000000000044
2026-09-18 18:46:00+00:00,4394.19,4432.31,38.1200000000008
2026-09-18 18:47:00+00:00,4395.37,4433.46,38.090000000000146
2026-09-18 18:48:00+00:00,4395.66,4433.76,38.100000000000364
2026-09-18 18:49:00+00:00,4395.31,4433.26,37.94999999999982
2026-09-18 18:50:00+00:00,4395.67,4433.76,38.090000000000146
2026-09-18 18:51:00+00:00,4394.02,4432.21,38.1899999999996
2026-09-18 18:52:00+00:00,4394.42,4432.46,38.039999999999964
2026-09-18 18:53:00+00:00,4394.31,4432.46,38.149999999999636
2026-09-18 18:54:00+00:00,4393.3,4431.42,38.11999999999989
2026-09-18 18:55:00+00:00,4393.36,4431.46,38.100000000000364
2026-09-18 18:56:00+00:00,4394.51,4432.56,38.05000000000018
2026-09-18 18:57:00+00:00,4393.77,4431.87,38.099999999999454
2026-09-18 18:58:00+00:00,4393.11,4431.26,38.150000000000546
2026-09-18 18:59:00+00:00,4393.07,4431.31,38.24000000000069
2026-09-18 19:00:00+00:00,4391.96,4430.17,38.210000000000036
2026-09-18 19:01:00+00:00,4393.26,4431.51,38.25
2026-09-18 19:02:00+00:00,4392.56,4430.77,38.210000000000036
2026-09-18 19:03:00+00:00,4392.54,4430.96,38.42000000000007
2026-09-18 19:04:00+00:00,4392.41,4430.76,38.350000000000364
2026-09-18 19:05:00+00:00,4391.72,4430.02,38.30000000000018
2026-09-18 19:06:00+00:00,4390.05,4428.26,38.210000000000036
2026-09-18 19:07:00+00:00,4392.93,4431.26,38.32999999999993
2026-09-18 19:08:00+00:00,4390.89,4429.26,38.36999999999989
2026-09-18 19:09:00+00:00,4390.32,4428.72,38.400000000000546
2026-09-18 19:10:00+00:00,4391.22,4429.46,38.23999999999978
2026-09-18 19:11:00+00:00,4390.34,4428.56,38.220000000000255
2026-09-18 19:12:00+00:00,4391.44,4429.67,38.23000000000047
2026-09-18 19:13:00+00:00,4392.97,4431.31,38.340000000000146
2026-09-18 19:14:00+00:00,4392.12,4430.52,38.400000000000546
2026-09-18 19:15:00+00:00,4391.89,4430.27,38.38000000000011
2026-09-18 19:16:00+00:00,4390.79,4429.21,38.42000000000007
2026-09-18 19:17:00+00:00,4389.63,4428.06,38.43000000000029
2026-09-18 19:18:00+00:00,4389.66,4428.06,38.400000000000546
2026-09-18 19:19:00+00:00,4390.44,4428.96,38.52000000000044
2026-09-18 19:20:00+00:00,4390.36,4428.77,38.410000000000764
2026-09-18 19:21:00+00:00,4390.2,4428.46,38.26000000000022
2026-09-18 19:22:00+00:00,4390.74,4429.17,38.43000000000029
2026-09-18 19:23:00+00:00,4390.07,4428.56,38.49000000000069
2026-09-18 19:24:00+00:00,4390.08,4428.31,38.23000000000047
2026-09-18 19:25:00+00:00,4390.29,4428.66,38.36999999999989
2026-09-18 19:26:00+00:00,4390.07,4428.46,38.39000000000033
2026-09-18 19:27:00+00:00,4390.66,4429.06,38.400000000000546
2026-09-18 19:28:00+00:00,4390.09,4428.56,38.470000000000255
2026-09-18 19:29:00+00:00,4390.6,4429.16,38.55999999999949
2026-09-18 19:30:00+00:00,4389.03,4427.46,38.43000000000029
2026-09-18 19:31:00+00:00,4387.32,4425.71,38.39000000000033
2026-09-18 19:32:00+00:00,4387.84,4426.17,38.32999999999993
2026-09-18 19:33:00+00:00,4387.91,4426.27,38.36000000000058
2026-09-18 19:34:00+00:00,4387.96,4426.21,38.25
2026-09-18 19:35:00+00:00,4388.35,4426.66,38.30999999999949
2026-09-18 19:36:00+00:00,4387.95,4426.26,38.3100000000004
2026-09-18 19:37:00+00:00,4387.62,4425.96,38.340000000000146
2026-09-18 19:38:00+00:00,4386.01,4424.41,38.399999999999636
2026-09-18 19:39:00+00:00,4385.1,4423.56,38.460000000000036
2026-09-18 19:40:00+00:00,4384.73,4423.31,38.58000000000084
2026-09-18 19:41:00+00:00,4384.22,4422.56,38.340000000000146
2026-09-18 19:42:00+00:00,4383.06,4421.46,38.399999999999636
2026-09-18 19:43:00+00:00,4383.08,4421.67,38.590000000000146
2026-09-18 19:44:00+00:00,4380.87,4419.66,38.789999999999964
2026-09-18 19:45:00+00:00,4380.41,4418.96,38.55000000000018
2026-09-18 19:46:00+00:00,4382.06,4420.56,38.5
2026-09-18 19:47:00+00:00,4382.98,4421.46,38.48000000000047
2026-09-18 19:48:00+00:00,4382.93,4421.46,38.529999999999745
2026-09-18 19:49:00+00:00,4383.14,4421.71,38.56999999999971
2026-09-18 19:50:00+00:00,4383.47,4422.17,38.69999999999982
2026-09-18 19:51:00+00:00,4381.84,4420.41,38.56999999999971
2026-09-18 19:52:00+00:00,4381.02,4419.56,38.539999999999964
2026-09-18 19:53:00+00:00,4381.26,4419.86,38.599999999999454
2026-09-18 19:54:00+00:00,4380.47,4419.06,38.590000000000146
2026-09-18 19:55:00+00:00,4381.11,4419.71,38.600000000000364
2026-09-18 19:56:00+00:00,4381.21,4419.76,38.55000000000018
2026-09-18 19:57:00+00:00,4381.49,4419.96,38.470000000000255
2026-09-18 19:58:00+00:00,4381.86,4420.26,38.400000000000546
2026-09-18 19:59:00+00:00,4382.2,4420.76,38.5600000000004
2026-09-18 20:00:00+00:00,4382.06,4420.62,38.55999999999949
2026-09-18 20:01:00+00:00,4380.54,4419.06,38.52000000000044
2026-09-18 20:02:00+00:00,4380.08,4418.56,38.48000000000047
2026-09-18 20:03:00+00:00,4381.2,4419.67,38.470000000000255
2026-09-18 20:04:00+00:00,4382.11,4420.52,38.410000000000764
2026-09-18 20:05:00+00:00,4383.98,4422.31,38.33000000000084
2026-09-18 20:06:00+00:00,4383.8,4422.06,38.26000000000022
2026-09-18 20:07:00+00:00,4382.66,4420.81,38.150000000000546
2026-09-18 20:08:00+00:00,4383.64,4421.76,38.11999999999989
2026-09-18 20:09:00+00:00,4384.72,4422.81,38.090000000000146
2026-09-18 20:10:00+00:00,4384.77,4422.92,38.149999999999636
2026-09-18 20:11:00+00:00,4385.28,4423.46,38.18000000000029
2026-09-18 20:12:00+00:00,4384.75,4422.96,38.210000000000036
2026-09-18 20:13:00+00:00,4383.59,4421.81,38.220000000000255
2026-09-18 20:14:00+00:00,4384.32,4422.56,38.24000000000069
2026-09-18 20:15:00+00:00,4384.6,4422.81,38.210000000000036
2026-09-18 20:16:00+00:00,4384.91,4423.17,38.26000000000022
2026-09-18 20:17:00+00:00,4384.13,4422.31,38.18000000000029
2026-09-18 20:18:00+00:00,4382.48,4420.56,38.08000000000084
2026-09-18 20:19:00+00:00,4381.96,4420.06,38.100000000000364
2026-09-18 20:20:00+00:00,4382.45,4420.56,38.11000000000058
2026-09-18 20:21:00+00:00,4383.14,4421.16,38.01999999999953
2026-09-18 20:22:00+00:00,4382.39,4420.41,38.01999999999953
2026-09-18 20:23:00+00:00,4382.96,4421.01,38.05000000000018
2026-09-18 20:24:00+00:00,4382.58,4420.71,38.13000000000011
2026-09-18 20:25:00+00:00,4380.46,4418.56,38.100000000000364
2026-09-18 20:26:00+00:00,4379.42,4417.56,38.14000000000033
2026-09-18 20:27:00+00:00,4379.73,4417.91,38.18000000000029
2026-09-18 20:28:00+00:00,4380.76,4418.81,38.05000000000018
2026-09-18 20:29:00+00:00,4380.51,4418.67,38.159999999999854
2026-09-18 20:30:00+00:00,4380.82,4418.97,38.150000000000546
2026-09-18 20:31:00+00:00,4380.62,4418.71,38.090000000000146
2026-09-18 20:32:00+00:00,4381.55,4419.66,38.10999999999967
2026-09-18 20:33:00+00:00,4381.45,4419.61,38.159999999999854
2026-09-18 20:34:00+00:00,4380.09,4418.27,38.18000000000029
2026-09-18 20:35:00+00:00,4380.05,4418.16,38.10999999999967
2026-09-18 20:36:00+00:00,4381.47,4419.66,38.1899999999996
2026-09-18 20:37:00+00:00,4381.48,4419.66,38.18000000000029
2026-09-18 20:38:00+00:00,4381.57,4419.76,38.19000000000051
2026-09-18 20:39:00+00:00,4381.68,4419.81,38.13000000000011
2026-09-18 20:40:00+00:00,4381.53,4419.76,38.23000000000047
2026-09-18 20:41:00+00:00,4382.29,4420.56,38.27000000000044
2026-09-18 20:42:00+00:00,4381.4,4419.26,37.86000000000058
2026-09-18 20:43:00+00:00,4381.49,4419.56,38.07000000000062
2026-09-18 20:44:00+00:00,4381.46,4419.56,38.100000000000364
2026-09-18 20:45:00+00:00,4381.65,4419.67,38.02000000000044
2026-09-18 20:46:00+00:00,4382.86,4420.96,38.100000000000364
2026-09-18 20:47:00+00:00,4382.59,4420.67,38.07999999999993
2026-09-18 20:48:00+00:00,4381.56,4419.77,38.210000000000036
2026-09-18 20:49:00+00:00,4382.25,4420.56,38.3100000000004
2026-09-18 20:50:00+00:00,4381.41,4419.66,38.25
